comment_id,create_time,create_date_time,note_id,content,sub_comment_count,comment_like_count,last_modify_ts,ip_location,parent_comment_id,pictures,user_id,nickname,gender,profile_url,avatar
5263767331931523,1770492191,2026-02-07 19:23:11+08:00,QqKcsnZSB,山姆你还续卡吗？投票→网页链接,22,13,1770535962412,,5263767331931523,,7399555658,红星资本局,f,https://m.weibo.cn/u/7399555658?launchid=10000360-page_H5,"https://tvax1.sinaimg.cn/crop.0.0.640.640.180/0084LMrUly8h8viewardpj30hs0hst9e.jpg?KID=imgbed,tva&Expires=1770546762&ssig=KLaYYtJnIm"
5263750619464587,1770488206,2026-02-07 18:16:46+08:00,QqKcsnZSB,山姆你还续卡吗？,20,10,1770535962414,,5263750619464587,,7399555658,红星资本局,f,https://m.weibo.cn/u/7399555658?launchid=10000360-page_H5,"https://tvax1.sinaimg.cn/crop.0.0.640.640.180/0084LMrUly8h8viewardpj30hs0hst9e.jpg?KID=imgbed,tva&Expires=1770546762&ssig=KLaYYtJnIm"
5263747254062731,1770487404,2026-02-07 18:03:24+08:00,QqKcsnZSB,,3,6,1770535962415,,5263747254062731,,7399555658,红星资本局,f,https://m.weibo.cn/u/7399555658?launchid=10000360-page_H5,"https://tvax1.sinaimg.cn/crop.0.0.640.640.180/0084LMrUly8h8viewardpj30hs0hst9e.jpg?KID=imgbed,tva&Expires=1770546762&ssig=KLaYYtJnIm"
5263774087119811,1770493800,2026-02-07 19:50:00+08:00,QqKcsnZSB,扫这个码bug一次21张无门槛！，不仅限于奶茶，还可以点吃的,8,380,1770535962417,河南,5263774087119811,https://wx3.sinaimg.cn/large/007ZBz5Yly1ia297r6jzpj30tw1a9q95.jpg,7323239366,巷子里的猫咪熊,m,https://m.weibo.cn/u/7323239366?launchid=10000360-page_H5,"https://tvax3.sinaimg.cn/crop.0.0.500.500.180/007ZBz5Yly8i5o4ez1enrj30dw0dwwfp.jpg?KID=imgbed,tva&Expires=1770546762&ssig=J6YY3A0VSy"
5263767727508105,1770492285,2026-02-07 19:24:45+08:00,QqKcsnZSB,续，而且会一直续，国内同行衬托的好。,18,270,1770535962418,湖北,5263767727508105,,1767106824,方毅Evan,m,https://m.weibo.cn/u/1767106824?launchid=10000360-page_H5,"https://tvax1.sinaimg.cn/crop.0.22.1125.1125.180/6953e908ly8fx82szysmyj20v90wh0w7.jpg?KID=imgbed,tva&Expires=1770546762&ssig=jsnCxk24mc"
5263771656521235,1770493222,2026-02-07 19:40:22+08:00,QqKcsnZSB,建议大家都别续了，这样我去的时候人能少点,11,148,1770535962420,北京,5263771656521235,,3946261123,3zee,m,https://m.weibo.cn/u/3946261123?launchid=10000360-page_H5,"https://tvax3.sinaimg.cn/crop.0.0.1080.1080.180/eb372a83ly8h92pwzdbxtj20u00u00tc.jpg?KID=imgbed,tva&Expires=1770546762&ssig=gMc%2FO017i0"
5263754384380952,1770489104,2026-02-07 18:31:44+08:00,QqKcsnZSB,都没有，续啥,2,35,1770535962422,四川,5263754384380952,,3648023200,大佬财说,m,https://m.weibo.cn/u/3648023200?launchid=10000360-page_H5,"https://tvax4.sinaimg.cn/crop.0.0.640.640.180/d9706aa0ly8hnzsasuzh5j20hs0hsdgx.jpg?KID=imgbed,tva&Expires=1770546762&ssig=FoqAa6X8p8"
5263764255675204,1770491457,2026-02-07 19:10:57+08:00,QqKcsnZSB,你们都别续了 我续 就不挤了,0,50,1770535962423,四川,5263764255675204,,1953943661,大小姐酢乙女爱,f,https://m.weibo.cn/u/1953943661?launchid=10000360-page_H5,"https://tvax1.sinaimg.cn/crop.0.0.828.828.180/7476d06dly8gzt2zduf93j20n00n075s.jpg?KID=imgbed,tva&Expires=1770546762&ssig=qHHwSMSl%2Fw"
5263761183342623,1770490724,2026-02-07 18:58:44+08:00,QqKcsnZSB,当然续,0,35,1770535962424,北京,5263761183342623,,3871516343,For_FreedomP,m,https://m.weibo.cn/u/3871516343?launchid=10000360-page_H5,"https://tvax4.sinaimg.cn/crop.0.0.480.480.180/e6c2a6b7ly8h0eiq2t3ltj20dc0dc74m.jpg?KID=imgbed,tva&Expires=1770546762&ssig=0KrYAGfu7w"
5263776433837606,1770494361,2026-02-07 19:59:21+08:00,QqKcsnZSB,不明白为什么要搞会员费，真的是会赚,8,13,1770535962426,广西,5263776433837606,,3930351560,Lemonyann,f,https://m.weibo.cn/u/3930351560?launchid=10000360-page_H5,"https://tvax3.sinaimg.cn/crop.0.0.1080.1080.180/ea4467c8ly8i7ppuj6fa1j20u00u0juo.jpg?KID=imgbed,tva&Expires=1770546762&ssig=RDaZob9K3T"
5263795880461317,1770498996,2026-02-07 21:16:36+08:00,QqKcsnZSB,去过两次山姆，都是蹭卡去的，其实我不理解，山姆到底好在哪儿？东西是真的更好吗？价格呢？,3,2,1770535962428,上海,5263795880461317,,2281454430,大肥皂,m,https://m.weibo.cn/u/2281454430?launchid=10000360-page_H5,"https://tvax4.sinaimg.cn/crop.0.0.512.512.180/87fc3b5ely8hgackdlrbej20e80e8aad.jpg?KID=imgbed,tva&Expires=1770546762&ssig=vgX7pjhFBd"
5263770330860892,1770492906,2026-02-07 19:35:06+08:00,QqKcsnZSB,#做空计划！,0,4,1770535962431,浙江,5263770330860892,,7741972343,NewEra2025_,m,https://m.weibo.cn/u/7741972343?launchid=10000360-page_H5,"https://tvax3.sinaimg.cn/crop.0.0.1080.1080.180/008rWwFFly8i6jtsz0ladj30u00u0dg2.jpg?KID=imgbed,tva&Expires=1770546762&ssig=VK2AbnL8p%2B"
5263788357981304,1770497204,2026-02-07 20:46:44+08:00,QqKcsnZSB,12月过期后就没续，产品越来越差，最后里面80购物金拿不出来，必须续680才能拿出来。没时间去店里先不处理了,0,2,1770535962434,浙江,5263788357981304,,1504244710,Yvonne的way,f,https://m.weibo.cn/u/1504244710?launchid=10000360-page_H5,"https://tva3.sinaimg.cn/crop.0.0.180.180.180/59a8f3e6jw1e8qgp5bmzyj2050050aa8.jpg?KID=imgbed,tva&Expires=1770546762&ssig=rFGEJrVXez"
5263782621218071,1770495835,2026-02-07 20:23:55+08:00,QqKcsnZSB,我感觉大家会续,3,6,1770535962435,北京,5263782621218071,https://wx3.sinaimg.cn/large/005RO5pxly1ia2a6xs4zxj30u0140agt.jpg,5375747171,冯淳566,m,https://m.weibo.cn/u/5375747171?launchid=10000360-page_H5,"https://tvax4.sinaimg.cn/crop.0.0.318.318.180/005RO5pxly8hjnrqf1l1xj308u08udg3.jpg?KID=imgbed,tva&Expires=1770546762&ssig=Kwzvd4KvQ6"
5263778455226384,1770494843,2026-02-07 20:07:23+08:00,QqKcsnZSB,买了山姆的醉蟹，家里人体温世界飙升到三十九度多,0,5,1770535962437,北京,5263778455226384,,3948813016,陈晨你好,f,https://m.weibo.cn/u/3948813016?launchid=10000360-page_H5,"https://tvax4.sinaimg.cn/crop.0.0.1080.1080.180/eb5e1ad8ly8i7uct4t6dyj20u00u0wfh.jpg?KID=imgbed,tva&Expires=1770546762&ssig=IUYrrMxrJp"
5263772910621362,1770493521,2026-02-07 19:45:21+08:00,QqKcsnZSB,没去过,0,1,1770535962438,广东,5263772910621362,,7427138216,JudyH9988,f,https://m.weibo.cn/u/7427138216?launchid=10000360-page_H5,"https://tvax3.sinaimg.cn/crop.0.0.996.996.180/0086DvVSly8gdeirk1z0qj30ro0rogo4.jpg?KID=imgbed,tva&Expires=1770546762&ssig=BfmjFsOfaf"
5263772111341898,1770493330,2026-02-07 19:42:10+08:00,QqKcsnZSB,没办过,0,2,1770535962439,江苏,5263772111341898,,1654366920,祝我富贵且安康,f,https://m.weibo.cn/u/1654366920?launchid=10000360-page_H5,"https://tvax3.sinaimg.cn/crop.0.0.1080.1080.180/629ba2c8ly8he4zfjh0syj20u00u077t.jpg?KID=imgbed,tva&Expires=1770546762&ssig=twyQAVBa17"
5263965661167962,1770539475,2026-02-08 08:31:15+08:00,QqKcsnZSB,强烈要求取消会员卡！让每个人都能进山姆！,0,0,1770535962441,天津,5263965661167962,,7793748853,意阑珊2022,m,https://m.weibo.cn/u/7793748853?launchid=10000360-page_H5,"https://tvax1.sinaimg.cn/crop.0.1.1078.1078.180/008vrM6Fly8i77an6odlzj30ty0u0ac0.jpg?KID=imgbed,tva&Expires=1770546762&ssig=2nM%2BFAtSfm"
5263782257099328,1770495748,2026-02-07 20:22:28+08:00,QqKcsnZSB,不续了。没有提拉米苏了，,1,2,1770535962442,浙江,5263782257099328,,1807684810,DJ小皮,m,https://m.weibo.cn/u/1807684810?launchid=10000360-page_H5,"https://tvax1.sinaimg.cn/crop.0.0.512.512.180/6bbf14caly8hxuiz1vv6tj20e80e8t8y.jpg?KID=imgbed,tva&Expires=1770546762&ssig=iqv7m9aUre"
5263780348693745,1770495294,2026-02-07 20:14:54+08:00,QqKcsnZSB,不如麦德龙,0,0,1770535962444,江苏,5263780348693745,,7513242062,Sunny_Cat0303,m,https://m.weibo.cn/u/7513242062?launchid=10000360-page_H5,"https://tvax1.sinaimg.cn/crop.0.0.132.132.180/008csNtAly4gjtf81ubugj303o03oa9v.jpg?KID=imgbed,tva&Expires=1770546762&ssig=yLvg%2B%2FqAqe"
5263753300152493,1770488845,2026-02-07 18:27:25+08:00,QqKcsnZSB,不续了,0,5,1770535964949,上海,5263753300152493,,5227860109,像我这样的人Amber,f,https://m.weibo.cn/u/5227860109?launchid=10000360-page_H5,"https://tva1.sinaimg.cn/crop.0.5.640.640.180/005HNzeljw8f4ukqngzb7j30hs0i30ta.jpg?KID=imgbed,tva&Expires=1770546764&ssig=eblu13zt9d"
5263751435520742,1770488401,2026-02-07 18:20:01+08:00,QqKcsnZSB,难道是真的？😂,0,0,1770535964951,辽宁,5263751435520742,,6981423657,一人君C,m,https://m.weibo.cn/u/6981423657?launchid=10000360-page_H5,"https://tvax1.sinaimg.cn/default/images/default_avatar_male_180.gif?KID=imgbed,tva&Expires=1770546764&ssig=iEys9bF5Hl"
5263777694226261,1770494661,2026-02-07 20:04:21+08:00,QqKcsnZSB,186卖499感觉没有高太多 或者可能市场 好多成本100多的卖上千的都是常态,2,5,1770535964952,浙江,5263777694226261,,7821681980,努力加油嘿嘿,f,https://m.weibo.cn/u/7821681980?launchid=10000360-page_H5,"https://tvax4.sinaimg.cn/crop.0.0.1080.1080.180/008xkYMYly8i64z6i7nqhj30u00u0n0v.jpg?KID=imgbed,tva&Expires=1770546764&ssig=Bn8nLidXPh"
5263776073122765,1770494275,2026-02-07 19:57:55+08:00,QqKcsnZSB,有些人慢慢的就忘了初心，真心希望食品能够保证，我的会员目前在考虑中,0,1,1770535964954,上海,5263776073122765,,3434415032,营养医师郝志军,m,https://m.weibo.cn/u/3434415032?launchid=10000360-page_H5,"https://tvax1.sinaimg.cn/crop.0.0.384.384.180/ccb503b8ly8gxsrde6pvbj20ao0aodg2.jpg?KID=imgbed,tva&Expires=1770546764&ssig=o4DZsUfn8y"
5263775941003171,1770494243,2026-02-07 19:57:23+08:00,QqKcsnZSB,就是吃到，有些人也不会放弃,1,6,1770535964956,广东,5263775941003171,,6317784546,会修火箭的脏话家,m,https://m.weibo.cn/u/6317784546?launchid=10000360-page_H5,"https://tvax2.sinaimg.cn/crop.0.0.996.996.180/006TyMmKly8gdx4pq8pdgj30ro0rotaw.jpg?KID=imgbed,tva&Expires=1770546764&ssig=OWAKrxJlCK"
5263764821902808,1770491592,2026-02-07 19:13:12+08:00,QqKcsnZSB,不需要了 平替很多 现在生活非常便利 没必要囤货  打开山姆完全没有要买的,0,2,1770535964957,江苏,5263764821902808,,1614862484,王小园-,f,https://m.weibo.cn/u/1614862484?launchid=10000360-page_H5,"https://tvax3.sinaimg.cn/crop.0.0.1080.1080.180/6040d894ly8hg5e5fms0hj20u00u00yt.jpg?KID=imgbed,tva&Expires=1770546764&ssig=qSwp3sqdW5"
5263762171104175,1770490960,2026-02-07 19:02:40+08:00,QqKcsnZSB,需要就续，不需要就不续，,0,4,1770535964960,吉林,5263762171104175,,2328776027,Youngblood666,m,https://m.weibo.cn/u/2328776027?launchid=10000360-page_H5,"https://tva4.sinaimg.cn/crop.0.0.720.720.180/8ace4d5bjw8eejxph4savj20k00k0gmx.jpg?KID=imgbed,tva&Expires=1770546764&ssig=yAOWwy709z"
5263807234705310,1770501703,2026-02-07 22:01:43+08:00,QqKcsnZSB,不续了 现在觉得麦德龙品控更好,0,0,1770535964961,上海,5263807234705310,,3664289050,Lynnn见过权志龙版,f,https://m.weibo.cn/u/3664289050?launchid=10000360-page_H5,"https://tvax2.sinaimg.cn/crop.0.0.1024.1024.180/da689d1aly8i8dlvit9oej20sg0sgjt9.jpg?KID=imgbed,tva&Expires=1770546764&ssig=08dlRN9DQD"
5263804771865778,1770501117,2026-02-07 21:51:57+08:00,QqKcsnZSB,又来了每年黑几次,0,1,1770535964962,广东,5263804771865778,,2236237250,小红要长蘑菇了,f,https://m.weibo.cn/u/2236237250?launchid=10000360-page_H5,"https://tvax3.sinaimg.cn/crop.0.0.1080.1080.180/854a45c2ly8i7xhf3ogwkj20u00u075a.jpg?KID=imgbed,tva&Expires=1770546764&ssig=tnvtG4smUu"
5263804472496302,1770501046,2026-02-07 21:50:46+08:00,QqKcsnZSB,没什么用,0,0,1770535964964,河北,5263804472496302,,2641176347,Jx_Hx1990,f,https://m.weibo.cn/u/2641176347?launchid=10000360-page_H5,"https://tvax1.sinaimg.cn/crop.0.0.1008.1008.180/9d6d271bly8gmho19m6j0j20s00s0q5n.jpg?KID=imgbed,tva&Expires=1770546764&ssig=Dbq%2FrlELYN"
5263804395161823,1770501027,2026-02-07 21:50:27+08:00,QqKcsnZSB,不续 很多东西都不一样了 换老板后,0,0,1770535964967,广东,5263804395161823,,3911734985,我不打算盤,f,https://m.weibo.cn/u/3911734985?launchid=10000360-page_H5,"https://tvax4.sinaimg.cn/crop.0.0.981.981.180/e92856c9ly8i9ni913pwvj20r90r975y.jpg?KID=imgbed,tva&Expires=1770546764&ssig=6LQOmlNNRi"
5263794721786895,1770498721,2026-02-07 21:12:01+08:00,QqKcsnZSB,前几天刚到期没续，确实没有刚开始那种感觉了，东西也就那样,0,0,1770535964969,广东,5263794721786895,,1801710007,霓虹饭,f,https://m.weibo.cn/u/1801710007?launchid=10000360-page_H5,"https://tvax2.sinaimg.cn/crop.0.0.482.482.180/6b63e9b7ly8h3mk0flwlyj20de0deab3.jpg?KID=imgbed,tva&Expires=1770546764&ssig=QRertSB6HY"
5263794250977077,1770498609,2026-02-07 21:10:09+08:00,QqKcsnZSB,续卡了，没办法，没有平替的，国内超市不争气,0,0,1770535964970,浙江,5263794250977077,,6585349465,浅夜-轻风,m,https://m.weibo.cn/u/6585349465?launchid=10000360-page_H5,"https://tvax3.sinaimg.cn/crop.0.0.1080.1080.180/007bFsdXly8hrqqegqaeaj30u00u076w.jpg?KID=imgbed,tva&Expires=1770546764&ssig=aEMYspAsq%2B"
5263790704429410,1770497763,2026-02-07 20:56:03+08:00,QqKcsnZSB,186成本，你不会以为羽绒服就只有羽绒成本吧？,0,0,1770535964973,上海,5263790704429410,,3044985711,一起去晒太阳---,f,https://m.weibo.cn/u/3044985711?launchid=10000360-page_H5,"https://tvax1.sinaimg.cn/crop.0.0.512.512.180/b57ecb6fly8i2h9gntnk4j20e80e8jsb.jpg?KID=imgbed,tva&Expires=1770546764&ssig=0SDtdjYhjk"
5263789041910712,1770497366,2026-02-07 20:49:26+08:00,QqKcsnZSB,嚯，也算见证热乎的商战了,0,1,1770535964974,天津,5263789041910712,https://wx2.sinaimg.cn/large/007P5nZ5ly1i9zwa142edg306n06n0sv.gif,3915133889,老夫宁愿吃苦瓜也不吃辣,f,https://m.weibo.cn/u/3915133889?launchid=10000360-page_H5,"https://tvax4.sinaimg.cn/crop.0.0.1080.1080.180/e95c33c1ly8hgu6gepaxyj20u00u00th.jpg?KID=imgbed,tva&Expires=1770546764&ssig=QhOnqjMn0w"
5263788798383046,1770497309,2026-02-07 20:48:29+08:00,QqKcsnZSB,刚刷到今天早上还没开门沈阳山姆的人流,0,0,1770535964976,四川,5263788798383046,https://wx2.sinaimg.cn/large/89f4db50gy1ia2aw4l390j21hc0u0qdy.jpg,2314525520,6xkx11,f,https://m.weibo.cn/u/2314525520?launchid=10000360-page_H5,"https://tvax3.sinaimg.cn/crop.0.0.1024.1024.180/89f4db50ly8i950qnt7sgj20sg0sg44c.jpg?KID=imgbed,tva&Expires=1770546764&ssig=wP1WklNdeX"
5263777823198925,1770494692,2026-02-07 20:04:52+08:00,QqKcsnZSB,不续了,0,0,1770535964978,上海,5263777823198925,,7333281681,KingKong和熊猫,f,https://m.weibo.cn/u/7333281681?launchid=10000360-page_H5,"https://tvax2.sinaimg.cn/crop.0.0.667.667.180/0080hHyNly8hl8an9e8hnj30ij0ij0ud.jpg?KID=imgbed,tva&Expires=1770546764&ssig=kIRsyblgHW"
5263776083349540,1770494277,2026-02-07 19:57:57+08:00,QqKcsnZSB,续，为什么不续，我还是卓越会员,0,1,1770535964980,广东,5263776083349540,,1936801290,对你竖起了大母紫,f,https://m.weibo.cn/u/1936801290?launchid=10000360-page_H5,"https://tvax3.sinaimg.cn/crop.0.0.977.977.180/73713e0aly8i66k0qls77j20r50r5my8.jpg?KID=imgbed,tva&Expires=1770546764&ssig=vtGqMjNhm6"
5263771452835116,1770493173,2026-02-07 19:39:33+08:00,QqKcsnZSB,肯定不续了,0,0,1770535964982,北京,5263771452835116,,1708494091,香草维什戴尔,m,https://m.weibo.cn/u/1708494091?launchid=10000360-page_H5,"https://tvax4.sinaimg.cn/crop.0.0.562.562.180/65d58d0bly8i1ag7q1q3dj20fm0fmgme.jpg?KID=imgbed,tva&Expires=1770546764&ssig=0gQdQMNnVL"
5263768407773621,1770492447,2026-02-07 19:27:27+08:00,QqKcsnZSB,查一下那些几千的羽绒服成本多少钱,0,5,1770535964984,安徽,5263768407773621,,6931626056,咬个朋友,m,https://m.weibo.cn/u/6931626056?launchid=10000360-page_H5,"https://tvax1.sinaimg.cn/crop.0.0.682.682.180/007z6oAgly8hf1lie2ejvj30iy0iy3zh.jpg?KID=imgbed,tva&Expires=1770546764&ssig=a%2B8VsGlC1j"
5263761473798561,1770490793,2026-02-07 18:59:53+08:00,QqKcsnZSB,我但凡身边有个胖东来我也不至于去办这个卡，就算胖东来离我几十公里的路程我都不会办这个卡。,0,5,1770535974685,浙江,5263761473798561,,5553491108,象大姐,f,https://m.weibo.cn/u/5553491108?launchid=10000360-page_H5,"https://tva3.sinaimg.cn/crop.0.0.748.748.180/0063PSJejw8f2wgu3zrwxj30ks0ksgn7.jpg?KID=imgbed,tva&Expires=1770546774&ssig=gvuKYve68N"
5263777717291703,1770494667,2026-02-07 20:04:27+08:00,QqKcsnZSB,中国人做高管的话不值得续的,1,2,1770535974687,上海,5263777717291703,,7887638664,Maxblackkkk___,m,https://m.weibo.cn/u/7887638664?launchid=10000360-page_H5,"https://tvax2.sinaimg.cn/crop.0.0.720.720.180/008BNJ8sly8hkovu37t37j30k00k0t9j.jpg?KID=imgbed,tva&Expires=1770546774&ssig=d%2Fv78QOCG%2F"
5263774539846416,1770493909,2026-02-07 19:51:49+08:00,QqKcsnZSB,今年没续是因为实在太拥挤了，挤到让人烦躁，大巴车拉着隔壁市的人来逛,0,2,1770535974689,广东,5263774539846416,,6069282500,随心所愿博,f,https://m.weibo.cn/u/6069282500?launchid=10000360-page_H5,"https://tvax2.sinaimg.cn/crop.0.0.1080.1080.180/006CK5Dely8hpz9zab4g2j30u00u076r.jpg?KID=imgbed,tva&Expires=1770546774&ssig=4DRNAvtjos"
5263768529668331,1770492476,2026-02-07 19:27:56+08:00,QqKcsnZSB,要不你推荐个,1,3,1770535974691,重庆,5263768529668331,,7606133461,Alex5014_,m,https://m.weibo.cn/u/7606133461?launchid=10000360-page_H5,"https://tvax1.sinaimg.cn/crop.0.0.1080.1080.180/008iKyLXly8hj36tsme5dj30u00u0wfc.jpg?KID=imgbed,tva&Expires=1770546774&ssig=%2Fs1aqa62Yz"
5263791675935695,1770497995,2026-02-07 20:59:55+08:00,QqKcsnZSB,当然会了,0,1,1770535974693,安徽,5263791675935695,,3971793652,-jasonj-T,m,https://m.weibo.cn/u/3971793652?launchid=10000360-page_H5,"https://tvax3.sinaimg.cn/crop.0.0.996.996.180/ecbcc2f4ly8fmsumxm3scj20ro0ro0u7.jpg?KID=imgbed,tva&Expires=1770546774&ssig=LDliEK7GGK"
5263791396226209,1770497928,2026-02-07 20:58:48+08:00,QqKcsnZSB,不能理解。  质量也不是特别好。 那个鸡蛋像没发育就强迫营业一样。  确实有些零食不错。,0,1,1770535974695,广东,5263791396226209,,1763329392,星期6日,f,https://m.weibo.cn/u/1763329392?launchid=10000360-page_H5,"https://tva4.sinaimg.cn/crop.0.0.653.653.180/691a4570jw8eqiewstk4mj20i50i5jt7.jpg?KID=imgbed,tva&Expires=1770546774&ssig=AFNAco%2FlcJ"
5263782364321974,1770495775,2026-02-07 20:22:55+08:00,QqKcsnZSB,续个毛,0,1,1770535974696,福建,5263782364321974,,6342035285,小六耐斯,f,https://m.weibo.cn/u/6342035285?launchid=10000360-page_H5,"https://tvax4.sinaimg.cn/crop.0.0.1080.1080.180/006Vcx5Hly8hy45gevka3j30u00u0jte.jpg?KID=imgbed,tva&Expires=1770546774&ssig=0fYtHaAvt6"
5263779197621950,1770495020,2026-02-07 20:10:20+08:00,QqKcsnZSB,不续,0,1,1770535974699,浙江,5263779197621950,,1777748794,浅戈_77,f,https://m.weibo.cn/u/1777748794?launchid=10000360-page_H5,"https://tvax2.sinaimg.cn/crop.0.0.996.996.180/69f64b3aly8geni1wvdunj20ro0rogne.jpg?KID=imgbed,tva&Expires=1770546774&ssig=6bmaVE12hx"
5263779080438557,1770494991,2026-02-07 20:09:51+08:00,QqKcsnZSB,得续啊，要不拿啥发朋友圈,0,1,1770535974700,天津,5263779080438557,,5090532027,GD-XXXXXX,f,https://m.weibo.cn/u/5090532027?launchid=10000360-page_H5,"https://tvax1.sinaimg.cn/crop.9.0.731.731.180/005yvlVhly8fmekn3y114j30ku0kbdgf.jpg?KID=imgbed,tva&Expires=1770546774&ssig=kPr68WUkyt"
5263776165397222,1770494296,2026-02-07 19:58:16+08:00,QqKcsnZSB,我也不想去山姆啊，要不你推荐一家品控更好的？,1,1,1770535974702,江苏,5263776165397222,,5483876767,靛蓝二乘,m,https://m.weibo.cn/u/5483876767?launchid=10000360-page_H5,"https://tvax4.sinaimg.cn/crop.0.0.1080.1080.180/005Z7MRhly8gykl9rxgmwj30u00u03zt.jpg?KID=imgbed,tva&Expires=1770546774&ssig=neVgI9SpPH"
5263773692073256,1770493707,2026-02-07 19:48:27+08:00,QqKcsnZSB,续，因为没有能替代的,0,1,1770535974705,辽宁,5263773692073256,,2474415263,nici小豹子,f,https://m.weibo.cn/u/2474415263?launchid=10000360-page_H5,"https://tvax1.sinaimg.cn/default/images/default_avatar_female_180.gif?KID=imgbed,tva&Expires=1770546774&ssig=GuHu7sAeB4"
5263772824112678,1770493500,2026-02-07 19:45:00+08:00,QqKcsnZSB,刚续,0,1,1770535974707,江苏,5263772824112678,,5615164685,双q不及格的吃货,f,https://m.weibo.cn/u/5615164685?launchid=10000360-page_H5,"https://tva1.sinaimg.cn/crop.0.0.132.132.180/00680EQljw8eu1izle8x4j303o03ot8k.jpg?KID=imgbed,tva&Expires=1770546774&ssig=bpFvD4S1ek"
5263771209566833,1770493115,2026-02-07 19:38:35+08:00,QqKcsnZSB,续,0,1,1770535974709,安徽,5263771209566833,,6072591424,美好蔚天真,f,https://m.weibo.cn/u/6072591424?launchid=10000360-page_H5,"https://tvax2.sinaimg.cn/crop.0.0.690.690.180/006CXYqYly8hn1jy4pdhoj30j60j6dgt.jpg?KID=imgbed,tva&Expires=1770546774&ssig=ueUTiowg%2BY"
5263770169380752,1770492867,2026-02-07 19:34:27+08:00,QqKcsnZSB,一家子几口人，每个人轮流办，到期退,2,1,1770535974711,江苏,5263770169380752,,5405342253,乌有之猫的电波小兔,f,https://m.weibo.cn/u/5405342253?launchid=10000360-page_H5,"https://tvax4.sinaimg.cn/crop.175.152.406.406.180/005TOgrzly8gjx8076us4j30k50kbgoz.jpg?KID=imgbed,tva&Expires=1770546774&ssig=i5zMqTjIg4"
5263769018303990,1770492593,2026-02-07 19:29:53+08:00,QqKcsnZSB,别的更辣鸡,0,1,1770535974712,河北,5263769018303990,,5207651684,TheRoadAhead76,m,https://m.weibo.cn/u/5207651684?launchid=10000360-page_H5,"https://tvax3.sinaimg.cn/crop.0.0.512.512.180/005GqM60ly8hokqyri7fwj30e80e8wen.jpg?KID=imgbed,tva&Expires=1770546774&ssig=uJ9v6%2Fm6Zo"
5263768816978525,1770492545,2026-02-07 19:29:05+08:00,QqKcsnZSB,你是知道我今天卡到期吗？立刻给我推送这个,0,1,1770535974714,江苏,5263768816978525,,1843040822,姚燕子86,f,https://m.weibo.cn/u/1843040822?launchid=10000360-page_H5,"https://tvax1.sinaimg.cn/crop.0.0.1080.1080.180/6dda9236ly8h21eju05pqj20u00u03zr.jpg?KID=imgbed,tva&Expires=1770546774&ssig=4phqoLYuX3"
5263759895429652,1770490417,2026-02-07 18:53:37+08:00,QqKcsnZSB,没办过卡，也不会办，同一件东西得一大堆，不是谁家都住上百平甚至别墅咯,0,1,1770535974717,广东,5263759895429652,,1891786504,売尔汜,m,https://m.weibo.cn/u/1891786504?launchid=10000360-page_H5,"https://tvax3.sinaimg.cn/crop.0.0.1080.1080.180/70c25f08ly8i6seaw8iwpj20u00u0q7f.jpg?KID=imgbed,tva&Expires=1770546774&ssig=DlzByhg2aK"
5263808655265068,1770502043,2026-02-07 22:07:23+08:00,QqKcsnZSB,现在买的鳕鱼煮出来很多水，哎真的是不如以前了,0,0,1770535974718,广西,5263808655265068,,2089949207,米米米米米女女,m,https://m.weibo.cn/u/2089949207?launchid=10000360-page_H5,"https://tvax2.sinaimg.cn/crop.0.0.828.828.180/7c921817ly8hbcm11bgqlj20n00n0760.jpg?KID=imgbed,tva&Expires=1770546774&ssig=whLho3TLYG"
5263808530749508,1770502013,2026-02-07 22:06:53+08:00,QqKcsnZSB,图片评论,0,0,1770535974720,江西,5263808530749508,https://wx4.sinaimg.cn/large/006vNLV4gy1ia2d672m9wj30qr15d7bj.jpg,5966725686,耳朵靠近心脏最近的位置,f,https://m.weibo.cn/u/5966725686?launchid=10000360-page_H5,"https://tvax2.sinaimg.cn/crop.0.0.996.996.180/006vNLV4ly8fjzirs5sbwj30ro0rotb4.jpg?KID=imgbed,tva&Expires=1770546774&ssig=Q7ZhlP26eq"
5263808018253217,1770501891,2026-02-07 22:04:51+08:00,QqKcsnZSB,买了几次沃尔玛感觉好吃的多起来了,0,0,1770535974722,江苏,5263808018253217,,2489885440,苒沫清浅,f,https://m.weibo.cn/u/2489885440?launchid=10000360-page_H5,"https://tva1.sinaimg.cn/crop.0.12.1242.1242.180/9468a300jw8f2fc147uugj20yi0z776f.jpg?KID=imgbed,tva&Expires=1770546774&ssig=tIs0e4mfmP"
5263807043600899,1770501658,2026-02-07 22:00:58+08:00,QqKcsnZSB,扫这个码，不仅限于奶茶，还可以点吃的。,0,0,1770537285525,北京,5263807043600899,https://wx4.sinaimg.cn/large/75a1a951ly1ia2d006cuzj20mf0yptct.jpg,1973528913,玩笑不能开大12,f,https://m.weibo.cn/u/1973528913?launchid=10000360-page_H5,"https://tva3.sinaimg.cn/crop.0.0.720.720.180/75a1a951jw8embq2lqc5wj20k00k0aaq.jpg?KID=imgbed,tva&Expires=1770548085&ssig=Kgu84karE5"
5263806976495310,1770501643,2026-02-07 22:00:43+08:00,QqKcsnZSB,我也在纠结，续不续,0,0,1770537285527,北京,5263806976495310,,2077373427,王蕊蕊蕊蕊蕊蕊,f,https://m.weibo.cn/u/2077373427?launchid=10000360-page_H5,"https://tvax1.sinaimg.cn/crop.0.0.1080.1080.180/7bd233f3ly8hovhov36i3j20u00u0ad0.jpg?KID=imgbed,tva&Expires=1770548085&ssig=qmLYOGNrt3"
5263806618142571,1770501557,2026-02-07 21:59:17+08:00,QqKcsnZSB,@宛如陌上尘 认真的，先不续了，以后再说吧,0,0,1770537285530,江苏,5263806618142571,,5679816248,Eda的rose,f,https://m.weibo.cn/u/5679816248?launchid=10000360-page_H5,"https://tvax3.sinaimg.cn/crop.0.0.1080.1080.180/006cnVFuly8hkgwm2446hj30u00u0adp.jpg?KID=imgbed,tva&Expires=1770548085&ssig=Fgx46rRXss"
5263806177745008,1770501452,2026-02-07 21:57:32+08:00,QqKcsnZSB,快来领25元免单卡,0,0,1770537285532,安徽,5263806177745008,https://wx2.sinaimg.cn/large/007Ro77Ily1ia2cwgwmihj30qk153tgo.jpg,7201822890,是枯木逢春-吖,f,https://m.weibo.cn/u/7201822890?launchid=10000360-page_H5,"https://tvax1.sinaimg.cn/crop.0.0.1080.1080.180/007Ro77Ily8hji3vg43gkj30u00u0acp.jpg?KID=imgbed,tva&Expires=1770548085&ssig=jmEzL5OltB"
5263805271248914,1770501236,2026-02-07 21:53:56+08:00,QqKcsnZSB,图片评论,0,0,1770537285534,上海,5263805271248914,https://wx1.sinaimg.cn/large/006sKThcgy1ia2cspqmwkj30o911itf1.jpg,5921709974,鱼儿逍遥江湖,f,https://m.weibo.cn/u/5921709974?launchid=10000360-page_H5,"https://tvax3.sinaimg.cn/crop.0.0.664.664.180/006sKThcly8fkzfrhjdqdj30ig0ig0tv.jpg?KID=imgbed,tva&Expires=1770548085&ssig=F6N1OcZ26M"
5263805223276589,1770501225,2026-02-07 21:53:45+08:00,QqKcsnZSB,在山姆的餐吧会经常买到生食凉食,0,0,1770537285536,江苏,5263805223276589,,5626695028,躲猫猫要下雨,m,https://m.weibo.cn/u/5626695028?launchid=10000360-page_H5,"https://tvax2.sinaimg.cn/crop.0.0.512.512.180/0068N2pCly8hiy5dfra43j30e80e8mxh.jpg?KID=imgbed,tva&Expires=1770548085&ssig=YIg%2FXM%2Ftts"
5263805093512136,1770501194,2026-02-07 21:53:14+08:00,QqKcsnZSB,续不续再说，你先把岩烧华夫饼给我上架行不行,0,0,1770537285539,广东,5263805093512136,,3132126225,啊哦咦唔哟嗯,f,https://m.weibo.cn/u/3132126225?launchid=10000360-page_H5,"https://tvax3.sinaimg.cn/crop.0.0.500.500.180/bab07411ly8i3ctrhmqybj20dw0dwq3k.jpg?KID=imgbed,tva&Expires=1770548085&ssig=Q8SAI2VkV8"
5263804409840334,1770501031,2026-02-07 21:50:31+08:00,QqKcsnZSB,续,0,0,1770537285541,辽宁,5263804409840334,,1094949964,clocknet,m,https://m.weibo.cn/u/1094949964?launchid=10000360-page_H5,"https://tvax1.sinaimg.cn/crop.0.0.870.870.180/41439c4cly8hadwhfwbugj20o60o60te.jpg?KID=imgbed,tva&Expires=1770548085&ssig=dQbh0%2BXnH0"
5263804234989725,1770500988,2026-02-07 21:49:48+08:00,QqKcsnZSB,不续了，商品的品质下降，特别是牛排类，跟刚刚开的时候没法比，现在的质量太次了,0,0,1770537285543,广东,5263804234989725,,1772417500,0-0霄,m,https://m.weibo.cn/u/1772417500?launchid=10000360-page_H5,"https://tva2.sinaimg.cn/crop.0.0.200.200.180/69a4f1dcjw8e6qabgbea3j205k05k743.jpg?KID=imgbed,tva&Expires=1770548085&ssig=IZBhCD9r2S"
5263803885291011,1770500906,2026-02-07 21:48:26+08:00,QqKcsnZSB,没多大意思,0,0,1770537285546,江苏,5263803885291011,,3237663444,梅子_12772,f,https://m.weibo.cn/u/3237663444?launchid=10000360-page_H5,"https://tvax2.sinaimg.cn/crop.0.0.888.888.180/c0fad2d4ly8fwcn79q0fwj20oo0oo42l.jpg?KID=imgbed,tva&Expires=1770548085&ssig=ZX%2F5REJJvb"
5263803513052000,1770500817,2026-02-07 21:46:57+08:00,QqKcsnZSB,续好了,0,0,1770537285548,浙江,5263803513052000,,7335382070,著名天才小学生,f,https://m.weibo.cn/u/7335382070?launchid=10000360-page_H5,"https://tvax4.sinaimg.cn/crop.0.0.989.989.180/0080qvY2ly8h5fcphxr3kj30rh0rhmxv.jpg?KID=imgbed,tva&Expires=1770548085&ssig=6DnXCaikKu"
5263801580523058,1770500356,2026-02-07 21:39:16+08:00,QqKcsnZSB,请喝奶茶,0,0,1770537285550,山西,5263801580523058,https://wx3.sinaimg.cn/large/77765ee5ly1ia2cddg6plj20pc137grx.jpg,2004246245,鱿鱼M很happy,f,https://m.weibo.cn/u/2004246245?launchid=10000360-page_H5,"https://tva2.sinaimg.cn/crop.0.0.599.599.180/77765ee5jw1ehxbypuu62j20go0goq4l.jpg?KID=imgbed,tva&Expires=1770548085&ssig=PqxJ28Fmuy"
5263800043309794,1770499990,2026-02-07 21:33:10+08:00,QqKcsnZSB,,0,0,1770537285553,湖南,5263800043309794,,3160289092,YOOZYEE,f,https://m.weibo.cn/u/3160289092?launchid=10000360-page_H5,"https://tvax3.sinaimg.cn/crop.0.0.1080.1080.180/bc5e2f44ly8hqzoopmj1uj20u00u0dls.jpg?KID=imgbed,tva&Expires=1770548085&ssig=T4aENstuY4"
5263799839887734,1770499941,2026-02-07 21:32:21+08:00,QqKcsnZSB,之前到期就没续了,0,0,1770537285555,广东,5263799839887734,,1443153380,27度的COCO,f,https://m.weibo.cn/u/1443153380?launchid=10000360-page_H5,"https://tvax2.sinaimg.cn/crop.0.0.500.500.180/5604c5e4ly8hxvk26wy0ej20dw0dwabb.jpg?KID=imgbed,tva&Expires=1770548085&ssig=3xY0V36QX8"
5263799797158937,1770499931,2026-02-07 21:32:11+08:00,QqKcsnZSB,@肯徳鸡真好吃,0,0,1770537285558,上海,5263799797158937,,3175785645,小柴研究员,f,https://m.weibo.cn/u/3175785645?launchid=10000360-page_H5,"https://tvax4.sinaimg.cn/crop.0.0.755.755.180/bd4aa4adly8gzu973c17gj20kz0kz75k.jpg?KID=imgbed,tva&Expires=1770548085&ssig=62lkdWtuF%2B"
5263798459960077,1770499612,2026-02-07 21:26:52+08:00,QqKcsnZSB,续呀难道卖成本一百买3000的羽绒服吗,0,0,1770537285560,浙江,5263798459960077,,6040462350,绵桃美青,f,https://m.weibo.cn/u/6040462350?launchid=10000360-page_H5,"https://tvax2.sinaimg.cn/crop.0.0.1080.1080.180/006ANac6ly8hrsu802xa3j30u00u0tdo.jpg?KID=imgbed,tva&Expires=1770548085&ssig=h4Zu6a1M%2Bz"
5263798357461464,1770499588,2026-02-07 21:26:28+08:00,QqKcsnZSB,,0,0,1770537285562,重庆,5263798357461464,,2344098613,叶拖拖呀,f,https://m.weibo.cn/u/2344098613?launchid=10000360-page_H5,"https://tvax4.sinaimg.cn/crop.0.0.1080.1080.180/8bb81b35ly8i9pk5ln41mj20u00u0whe.jpg?KID=imgbed,tva&Expires=1770548085&ssig=1evMJD4DKY"
5263798193883171,1770499549,2026-02-07 21:25:49+08:00,QqKcsnZSB,499羽绒服189的成本，这到底是黑还是夸,0,0,1770537285564,上海,5263798193883171,,7568116652,胖嘟嘟饭店经理,m,https://m.weibo.cn/u/7568116652?launchid=10000360-page_H5,"https://tvax3.sinaimg.cn/crop.0.0.763.763.180/008gb2RCly8i7c24d32gej30l70l73z2.jpg?KID=imgbed,tva&Expires=1770548085&ssig=TSZ7NhvVEZ"
5263797554252926,1770499396,2026-02-07 21:23:16+08:00,QqKcsnZSB,山姆量太大了，ole和aw更好,0,0,1770537285567,北京,5263797554252926,,5818198215,fritzss,m,https://m.weibo.cn/u/5818198215?launchid=10000360-page_H5,"https://tvax1.sinaimg.cn/crop.0.0.996.996.180/006lKz8Hly8fz36p0c924j30ro0ro76g.jpg?KID=imgbed,tva&Expires=1770548085&ssig=u7bTuOoolO"
5263797463815333,1770499375,2026-02-07 21:22:55+08:00,QqKcsnZSB,什么意思？,0,0,1770537285569,江苏,5263797463815333,,2146470445,fly百分百哦,m,https://m.weibo.cn/u/2146470445?launchid=10000360-page_H5,"https://tvax4.sinaimg.cn/crop.46.127.211.211.180/7ff08a2dly8fkb5s086ccj208b0akq3k.jpg?KID=imgbed,tva&Expires=1770548085&ssig=QXnoMlJ4SF"
5263797239678324,1770499320,2026-02-07 21:22:00+08:00,QqKcsnZSB,,0,0,1770537299792,广东,5263797239678324,,7853520869,与4ever,m,https://m.weibo.cn/u/7853520869?launchid=10000360-page_H5,"https://tvax1.sinaimg.cn/crop.0.0.1080.1080.180/008zuzxrly8hfwmulx2mjj30u00u077f.jpg?KID=imgbed,tva&Expires=1770548099&ssig=OuJIwmP8fA"
5263797013189542,1770499267,2026-02-07 21:21:07+08:00,QqKcsnZSB,别问了，去看看这几天的山姆,0,0,1770537299794,福建,5263797013189542,,5827664451,哈妮家帝萌王女士,m,https://m.weibo.cn/u/5827664451?launchid=10000360-page_H5,"https://tva1.sinaimg.cn/crop.0.2.750.750.180/006mohJVjw8f9e6znnzaxj30ku0ky3yw.jpg?KID=imgbed,tva&Expires=1770548099&ssig=O%2BlRLGTYft"
5263796453247499,1770499134,2026-02-07 21:18:54+08:00,QqKcsnZSB,当然不续，永远支持国产,0,0,1770537299797,马来西亚,5263796453247499,,2214002981,NOTHINGREALLYMATTERS-19,m,https://m.weibo.cn/u/2214002981?launchid=10000360-page_H5,"https://tvax4.sinaimg.cn/crop.0.0.1080.1080.180/83f70125ly8gqesxplz3gj20u00u0tb5.jpg?KID=imgbed,tva&Expires=1770548099&ssig=Zpw2XDsJlD"
5263796289405150,1770499094,2026-02-07 21:18:14+08:00,QqKcsnZSB,25无门槛！,0,0,1770537299799,广东,5263796289405150,https://wx4.sinaimg.cn/large/007FVdHigy1ia2brj0jfyj30u019yq9b.jpg,7032396952,小黄同学啦啦啦_,f,https://m.weibo.cn/u/7032396952?launchid=10000360-page_H5,"https://tvax3.sinaimg.cn/crop.0.0.512.512.180/007FVdHily8g12r9mitsoj30e80e8dfy.jpg?KID=imgbed,tva&Expires=1770548099&ssig=jl7DifHLXj"
5263796168032350,1770499065,2026-02-07 21:17:45+08:00,QqKcsnZSB,卓越刚续费 人真的希望少一点周末节假日排队进场,0,0,1770537299802,江苏,5263796168032350,,1853158377,亿颗大头,m,https://m.weibo.cn/u/1853158377?launchid=10000360-page_H5,"https://tva1.sinaimg.cn/crop.0.0.512.512.180/6e74f3e9jw8f1vfxq47qmj20e80e8mxu.jpg?KID=imgbed,tva&Expires=1770548099&ssig=jqF1vrftQl"
5263795935248579,1770499009,2026-02-07 21:16:49+08:00,QqKcsnZSB,没去过,0,0,1770537299805,江苏,5263795935248579,,6041444954,翁九万麻麻,m,https://m.weibo.cn/u/6041444954?launchid=10000360-page_H5,"https://tvax1.sinaimg.cn/crop.0.0.1080.1080.180/006ARhOyly8i5zguhrgh1j30u00u0dig.jpg?KID=imgbed,tva&Expires=1770548099&ssig=rY%2FnJ4W0tD"
5263795804178394,1770498979,2026-02-07 21:16:19+08:00,QqKcsnZSB,虽然但是  年前还是排起了长队,0,0,1770537299807,福建,5263795804178394,,6298351942,天涯海角与君随,f,https://m.weibo.cn/u/6298351942?launchid=10000360-page_H5,"https://tvax1.sinaimg.cn/crop.0.0.1328.1328.180/006Sff3Ely8fnpog29kwyj310w10wgpv.jpg?KID=imgbed,tva&Expires=1770548099&ssig=juU6dCsU0%2B"
5263795732880330,1770498962,2026-02-07 21:16:02+08:00,QqKcsnZSB,嘴巴说不要 身体很诚实,0,0,1770537299809,上海,5263795732880330,,1864177534,Nossweet,f,https://m.weibo.cn/u/1864177534?launchid=10000360-page_H5,"https://tvax3.sinaimg.cn/crop.0.0.600.600.180/6f1d177ely8h9khu1cuwlj20go0go74o.jpg?KID=imgbed,tva&Expires=1770548099&ssig=LmyS0ZbKTT"
5263795402312169,1770498883,2026-02-07 21:14:43+08:00,QqKcsnZSB,哈哈哈哈，外面的一两千的羽绒服成本又是多少呢 起码山姆的羽绒服便宜暖和,0,0,1770537299812,江苏,5263795402312169,,5590865779,小儿-多动症,f,https://m.weibo.cn/u/5590865779?launchid=10000360-page_H5,"https://tvax4.sinaimg.cn/crop.0.0.512.512.180/0066mHAvly8gd9h8npbx1j30e80e8aad.jpg?KID=imgbed,tva&Expires=1770548099&ssig=wu13Vcucv0"
5263795313184927,1770498862,2026-02-07 21:14:22+08:00,QqKcsnZSB,一直山姆买奶粉，别人家不放心，今年不续了是因为娃三岁了，开始喝鲜奶，另外基本也吃过来了，先不续了，喜欢山姆配送很好，不用去东西来了就好,0,0,1770537299814,天津,5263795313184927,,7796496257,是可爱的小兔兔,f,https://m.weibo.cn/u/7796496257?launchid=10000360-page_H5,"https://tvax4.sinaimg.cn/crop.1.0.1078.1078.180/008vDiPDly8hfevkji1mgj30u00ty787.jpg?KID=imgbed,tva&Expires=1770548099&ssig=nRJkV49cEW"
5263795200460971,1770498835,2026-02-07 21:13:55+08:00,QqKcsnZSB,其他品牌149成本的羽绒服要卖多少钱,0,0,1770537299816,重庆,5263795200460971,,5077892444,古德里安大锤,f,https://m.weibo.cn/u/5077892444?launchid=10000360-page_H5,"https://tvax2.sinaimg.cn/crop.0.0.512.512.180/005xEjN2ly8fwc6mkz59sj30e80e8aap.jpg?KID=imgbed,tva&Expires=1770548099&ssig=GiSAS8zoq3"
5263794651534310,1770498704,2026-02-07 21:11:44+08:00,QqKcsnZSB,咋今天刚办的新卡,0,0,1770537299819,山东,5263794651534310,,6097722126,东方胜胜yeah,f,https://m.weibo.cn/u/6097722126?launchid=10000360-page_H5,"https://tvax2.sinaimg.cn/crop.0.0.1080.1080.180/006EFq4Sly8heuc2vhoxoj30u00u0tbc.jpg?KID=imgbed,tva&Expires=1770548099&ssig=Z91qvKUbW4"
5263794410621680,1770498647,2026-02-07 21:10:47+08:00,QqKcsnZSB,其他不说，羽绒成本186卖499贵？，卖大几千的大把呢,0,0,1770537299821,广东,5263794410621680,,1706614550,LJJ599,m,https://m.weibo.cn/u/1706614550?launchid=10000360-page_H5,"https://tvax4.sinaimg.cn/crop.0.6.750.750.180/65b8df16ly8feoc5up7scj20ku0l7t9o.jpg?KID=imgbed,tva&Expires=1770548099&ssig=OQThirhQsK"
5263793988834371,1770498546,2026-02-07 21:09:06+08:00,QqKcsnZSB,不会续费了柠檬已经变少了并且变苦了很多水果质量都下降了没意思,0,0,1770537299824,北京,5263793988834371,,1604127331,降临摄影,f,https://m.weibo.cn/u/1604127331?launchid=10000360-page_H5,"https://tvax1.sinaimg.cn/crop.0.0.828.828.180/5f9d0a63ly8hib0kwth6rj20n00n075o.jpg?KID=imgbed,tva&Expires=1770548099&ssig=1bOwOeBInq"
5263793808480211,1770498503,2026-02-07 21:08:23+08:00,QqKcsnZSB,你们都别续，太难排队了,0,0,1770537299826,重庆,5263793808480211,,5992589474,超超超超chill,f,https://m.weibo.cn/u/5992589474?launchid=10000360-page_H5,"https://tvax1.sinaimg.cn/crop.0.0.720.720.180/006xyigWly8hvghwqtxwjj30k00k0wf2.jpg?KID=imgbed,tva&Expires=1770548099&ssig=2FHLK0ZxZH"
5263793757882305,1770498491,2026-02-07 21:08:11+08:00,QqKcsnZSB,来来来,0,0,1770537299828,福建,5263793757882305,https://wx4.sinaimg.cn/large/008hSNhpgy1ia2bgy7vqxj30u01af0z4.jpg,7593319515,大战飞飞388回合,f,https://m.weibo.cn/u/7593319515?launchid=10000360-page_H5,"https://tvax2.sinaimg.cn/crop.0.0.687.687.180/008hSNhply8hgduktvza6j30j30j3mxy.jpg?KID=imgbed,tva&Expires=1770548099&ssig=ipvy7JI2tq"
5263793575694613,1770498448,2026-02-07 21:07:28+08:00,QqKcsnZSB,不然要我花3000去买成本200的羽绒服么,0,0,1770537299831,天津,5263793575694613,,1336721041,Song_Cloder,m,https://m.weibo.cn/u/1336721041?launchid=10000360-page_H5,"https://tva2.sinaimg.cn/crop.0.0.512.512.180/4facbe91jw8ecq9lonmd2j20e80e8mxl.jpg?KID=imgbed,tva&Expires=1770548099&ssig=NESK2rEVIl"
5263793481061012,1770498425,2026-02-07 21:07:05+08:00,QqKcsnZSB,快来参与30亿的大项目,0,0,1770537299833,福建,5263793481061012,https://wx2.sinaimg.cn/large/008hSNhpgy1ia2bfn7p89j30u01af0z4.jpg,7593319515,大战飞飞388回合,f,https://m.weibo.cn/u/7593319515?launchid=10000360-page_H5,"https://tvax2.sinaimg.cn/crop.0.0.687.687.180/008hSNhply8hgduktvza6j30j30j3mxy.jpg?KID=imgbed,tva&Expires=1770548099&ssig=ipvy7JI2tq"
5263793343172810,1770498392,2026-02-07 21:06:32+08:00,QqKcsnZSB,9月到期就没续了。,0,0,1770537299835,湖南,5263793343172810,,6215599512,Little-Jabby,f,https://m.weibo.cn/u/6215599512?launchid=10000360-page_H5,"https://tvax3.sinaimg.cn/crop.0.0.1002.1002.180/006ME1n2ly8g9q8y38b5xj30ru0ru760.jpg?KID=imgbed,tva&Expires=1770548099&ssig=gmNhyiJndK"
5263793232809511,1770498366,2026-02-07 21:06:06+08:00,QqKcsnZSB,今年没续买什么从🐠代下单,0,0,1770537299838,北京,5263793232809511,,6898911348,楠将行,f,https://m.weibo.cn/u/6898911348?launchid=10000360-page_H5,"https://tvax2.sinaimg.cn/crop.0.0.1080.1080.180/007wT7ZGly8gyzfhtcvg7j30u00u0n0n.jpg?KID=imgbed,tva&Expires=1770548099&ssig=gbek2%2Fy9hi"
5263781710269346,1770495619,2026-02-07 20:20:19+08:00,QqLfrC7O9,没买过,9,1,1770537306806,北京,5263781710269346,,7775896982,蒸丸子lucky,f,https://m.weibo.cn/u/7775896982?launchid=10000360-page_H5,"https://tvax4.sinaimg.cn/crop.0.0.1080.1080.180/008ueS1gly8i3u3cxn6c4j30u00u077m.jpg?KID=imgbed,tva&Expires=1770548106&ssig=siZ49BTQWz"
5263781560320523,1770495582,2026-02-07 20:19:42+08:00,QqLfrC7O9,我个人觉得山姆还行，我要是去的话基本都会续卡……,7,27,1770537306831,上海,5263781560320523,,5642471321,谁是阿壳,m,https://m.weibo.cn/u/5642471321?launchid=10000360-page_H5,"https://tvax3.sinaimg.cn/crop.0.0.1080.1080.180/0069RexXly8i6ke0xc6zlj30u00u00v4.jpg?KID=imgbed,tva&Expires=1770548106&ssig=xL2qsjtjmo"
5263781660730044,1770495607,2026-02-07 20:20:07+08:00,QqLfrC7O9,没在山姆买过东西,7,3,1770537306833,湖北,5263781660730044,,7560909470,蓝南的牛奶甜果,m,https://m.weibo.cn/u/7560909470?launchid=10000360-page_H5,"https://tvax3.sinaimg.cn/crop.0.0.1080.1080.180/008fGNWKly8i6ymq8jk4aj30u00u0gng.jpg?KID=imgbed,tva&Expires=1770548106&ssig=6n2zaLjM96"
5263781615900650,1770495596,2026-02-07 20:19:56+08:00,QqLfrC7O9,没买过,8,2,1770537306836,湖北,5263781615900650,,6410028715,大鹅妹e,f,https://m.weibo.cn/u/6410028715?launchid=10000360-page_H5,"https://tvax1.sinaimg.cn/crop.0.0.1080.1080.180/006ZNPhVly8i62n07439aj30u00u076j.jpg?KID=imgbed,tva&Expires=1770548106&ssig=UoffuLTEfm"
5263785285913076,1770496471,2026-02-07 20:34:31+08:00,QqLfrC7O9,包装有多大,0,1,1770537306839,山东,5263785285913076,,6059250234,喜欢吃喝玩乐的Q,f,https://m.weibo.cn/u/6059250234?launchid=10000360-page_H5,"https://tva4.sinaimg.cn/crop.0.0.664.664.180/006C3ZMujw8f9cxieqe3nj30ig0igt9x.jpg?KID=imgbed,tva&Expires=1770548106&ssig=KhL6ADh60p"
5263784771848157,1770496349,2026-02-07 20:32:29+08:00,QqLfrC7O9,没去过山姆,0,1,1770537306841,山东,5263784771848157,,6059250234,喜欢吃喝玩乐的Q,f,https://m.weibo.cn/u/6059250234?launchid=10000360-page_H5,"https://tva4.sinaimg.cn/crop.0.0.664.664.180/006C3ZMujw8f9cxieqe3nj30ig0igt9x.jpg?KID=imgbed,tva&Expires=1770548106&ssig=KhL6ADh60p"
5264016856844313,1770551682,2026-02-08 11:54:42+08:00,QqLfrC7O9,经常去逛，边逛边吃,0,0,1770537306844,辽宁,5264016856844313,,3612373567,-小生活-,f,https://m.weibo.cn/u/3612373567?launchid=10000360-page_H5,"https://tvax4.sinaimg.cn/crop.0.1.1078.1078.180/d750723fly8i5v3pyulr0j20ty0u0q4w.jpg?KID=imgbed,tva&Expires=1770548106&ssig=JJxkN7cp%2Bx"
5263970111851076,1770540537,2026-02-08 08:48:57+08:00,QqLfrC7O9,没去过,0,0,1770537306846,河北,5263970111851076,,7312692502,逸起看星星呀,f,https://m.weibo.cn/u/7312692502?launchid=10000360-page_H5,"https://tvax3.sinaimg.cn/crop.0.0.810.810.180/007YTjngly8i53rjdwmeuj30mi0mi0ve.jpg?KID=imgbed,tva&Expires=1770548106&ssig=ro5WgJMVoH"
5263798787380114,1770499690,2026-02-07 21:28:10+08:00,QqLfrC7O9,不续，不方便,0,0,1770537306848,湖北,5263798787380114,,5523140575,瑾瑜UvU,f,https://m.weibo.cn/u/5523140575?launchid=10000360-page_H5,"https://tvax2.sinaimg.cn/crop.0.0.1080.1080.180/0061Mxavly8i9hkarfwzvj30u00u0n0d.jpg?KID=imgbed,tva&Expires=1770548106&ssig=a6OmL10rqi"
5263788924208511,1770497339,2026-02-07 20:48:59+08:00,QqLfrC7O9,没有,0,0,1770537306851,河南,5263788924208511,,5620893011,炸毛可乐芽,f,https://m.weibo.cn/u/5620893011?launchid=10000360-page_H5,"https://tvax1.sinaimg.cn/crop.0.0.1080.1080.180/0068oH2Hly8h8jioqt0c4j30u00u0dkq.jpg?KID=imgbed,tva&Expires=1770548106&ssig=%2FAONNPX5ON"
5263786680258096,1770496804,2026-02-07 20:40:04+08:00,QqLfrC7O9,山姆有好有坏，喜欢就续,0,0,1770537306854,湖北,5263786680258096,,7610021665,霜渝芙月_,f,https://m.weibo.cn/u/7610021665?launchid=10000360-page_H5,"https://tvax1.sinaimg.cn/crop.0.0.1080.1080.180/008j0SgVly8i78milaqkfj30u00u043w.jpg?KID=imgbed,tva&Expires=1770548106&ssig=WklY9xq0CX"
5263785565884426,1770496538,2026-02-07 20:35:38+08:00,QqLfrC7O9,不续卡了,0,0,1770537306856,河北,5263785565884426,,6315260690,无敌脸脸大王,f,https://m.weibo.cn/u/6315260690?launchid=10000360-page_H5,"https://tvax4.sinaimg.cn/crop.0.0.1080.1080.180/006TobNoly8i6e3amb13jj30u00u0q5m.jpg?KID=imgbed,tva&Expires=1770548106&ssig=YcI1AH9W30"
5263782981141969,1770495922,2026-02-07 20:25:22+08:00,QqLfrC7O9,没买过,0,0,1770537306859,天津,5263782981141969,,5912480782,-加麻加辣不加香菜-,f,https://m.weibo.cn/u/5912480782?launchid=10000360-page_H5,"https://tvax3.sinaimg.cn/crop.0.0.1080.1080.180/006s8algly8ia1s5nfln6j30u00u0gpx.jpg?KID=imgbed,tva&Expires=1770548106&ssig=37pyIFcYE9"
5263782815205329,1770495882,2026-02-07 20:24:42+08:00,QqLfrC7O9,没去买过,0,0,1770537306862,河北,5263782815205329,,5708411972,诺81213,f,https://m.weibo.cn/u/5708411972?launchid=10000360-page_H5,"https://tvax1.sinaimg.cn/crop.0.0.1080.1080.180/006ejUIQly8i8wmcb1o5sj30u00u0dir.jpg?KID=imgbed,tva&Expires=1770548106&ssig=8R5Yw4I%2Bsb"
5263782626722569,1770495836,2026-02-07 20:23:56+08:00,QqLfrC7O9,我们这没有山姆，没逛过,0,0,1770537306864,广东,5263782626722569,,6601901279,分界线上的多者,f,https://m.weibo.cn/u/6601901279?launchid=10000360-page_H5,"https://tvax2.sinaimg.cn/crop.0.0.1080.1080.180/007cMU6Hly8i6i5wrc1vbj30u00u0whl.jpg?KID=imgbed,tva&Expires=1770548106&ssig=kaE0ka%2Fms4"
5263782326568704,1770495766,2026-02-07 20:22:46+08:00,QqLfrC7O9,不会,0,0,1770537306867,山东,5263782326568704,,5847203919,紫梦依语,f,https://m.weibo.cn/u/5847203919?launchid=10000360-page_H5,"https://tva1.sinaimg.cn/crop.0.2.640.640.180/006nIgQDjw8f9rxnq4g34j30hs0hwglz.jpg?KID=imgbed,tva&Expires=1770548106&ssig=m6Nx11r1UN"
5263782175836264,1770495730,2026-02-07 20:22:10+08:00,QqLfrC7O9,没有续了,0,0,1770537306870,湖北,5263782175836264,,6064577256,世勋唯爱你,m,https://m.weibo.cn/u/6064577256?launchid=10000360-page_H5,"https://tva4.sinaimg.cn/crop.0.0.664.664.180/006CqlAcjw8fbn28lf85bj30ig0igdh7.jpg?KID=imgbed,tva&Expires=1770548106&ssig=rMxMpIfgKq"
5263781841862804,1770495649,2026-02-07 20:20:49+08:00,QqLfrC7O9,没去过,0,0,1770537306872,黑龙江,5263781841862804,,5055959629,乆橴羅蘭乀,f,https://m.weibo.cn/u/5055959629?launchid=10000360-page_H5,"https://tva3.sinaimg.cn/crop.0.0.540.540.180/005wai3Xjw8ekr6aly2jaj30f00f0gm9.jpg?KID=imgbed,tva&Expires=1770548106&ssig=WX9S2d6Qcd"
5264038033359689,1770556731,2026-02-08 13:18:51+08:00,QqLfrC7O9,不续，蹭卡进去转转,0,0,1770537306874,江苏,5264038033359689,,5498178866,对影成三人巛,m,https://m.weibo.cn/u/5498178866?launchid=10000360-page_H5,"https://tvax2.sinaimg.cn/crop.0.0.960.960.180/00605Nuily8fiji6otl7zj30qo0qowh0.jpg?KID=imgbed,tva&Expires=1770548106&ssig=E3o2EMvL8M"
5263995540086093,1770546600,2026-02-08 10:30:00+08:00,QqLfrC7O9,不去了,0,0,1770537306877,广东,5263995540086093,,1867988384,夜雨声烦_莫林,m,https://m.weibo.cn/u/1867988384?launchid=10000360-page_H5,"https://tva4.sinaimg.cn/crop.0.0.720.720.180/6f573da0jw8ep3p4sbem9j20k00k0di5.jpg?KID=imgbed,tva&Expires=1770548106&ssig=6VlWSB11Ep"
5263781798352076,1770495640,2026-02-07 20:20:40+08:00,QqLfrC7O9,有机会可以去逛下,0,0,1770537308884,上海,5263781710269346,,5642471321,谁是阿壳,m,https://m.weibo.cn/u/5642471321?launchid=10000360-page_H5,"https://tvax3.sinaimg.cn/crop.0.0.1080.1080.180/0069RexXly8i6ke0xc6zlj30u00u00v4.jpg?KID=imgbed,tva&Expires=1770548106&ssig=xL2qsjtjmo"
5264016482239993,1770551593,2026-02-08 11:53:13+08:00,QqLfrC7O9,回复@谁是阿壳:经常逛,0,0,1770537308886,辽宁,5263781710269346,,3612373567,-小生活-,f,https://m.weibo.cn/u/3612373567?launchid=10000360-page_H5,"https://tvax4.sinaimg.cn/crop.0.1.1078.1078.180/d750723fly8i5v3pyulr0j20ty0u0q4w.jpg?KID=imgbed,tva&Expires=1770548106&ssig=JJxkN7cp%2Bx"
5264016710566085,1770551646,2026-02-08 11:54:06+08:00,QqLfrC7O9,也行,0,0,1770537308892,辽宁,5263781560320523,,3612373567,-小生活-,f,https://m.weibo.cn/u/3612373567?launchid=10000360-page_H5,"https://tvax4.sinaimg.cn/crop.0.1.1078.1078.180/d750723fly8i5v3pyulr0j20ty0u0q4w.jpg?KID=imgbed,tva&Expires=1770548106&ssig=JJxkN7cp%2Bx"
5263998960536583,1770547415,2026-02-08 10:43:35+08:00,QqLfrC7O9,还行,0,0,1770537308895,天津,5263781560320523,,5912480782,-加麻加辣不加香菜-,f,https://m.weibo.cn/u/5912480782?launchid=10000360-page_H5,"https://tvax3.sinaimg.cn/crop.0.0.1080.1080.180/006s8algly8ia1s5nfln6j30u00u0gpx.jpg?KID=imgbed,tva&Expires=1770548106&ssig=37pyIFcYE9"
5263781840031975,1770495650,2026-02-07 20:20:50+08:00,QqLfrC7O9,好吧,0,0,1770537308901,上海,5263781660730044,,5642471321,谁是阿壳,m,https://m.weibo.cn/u/5642471321?launchid=10000360-page_H5,"https://tvax3.sinaimg.cn/crop.0.0.1080.1080.180/0069RexXly8i6ke0xc6zlj30u00u00v4.jpg?KID=imgbed,tva&Expires=1770548106&ssig=xL2qsjtjmo"
5264016505047899,1770551598,2026-02-08 11:53:18+08:00,QqLfrC7O9,回复@谁是阿壳:,0,0,1770537308904,辽宁,5263781660730044,,3612373567,-小生活-,f,https://m.weibo.cn/u/3612373567?launchid=10000360-page_H5,"https://tvax4.sinaimg.cn/crop.0.1.1078.1078.180/d750723fly8i5v3pyulr0j20ty0u0q4w.jpg?KID=imgbed,tva&Expires=1770548106&ssig=JJxkN7cp%2Bx"
5263781707382858,1770495617,2026-02-07 20:20:17+08:00,QqLfrC7O9,好吧好吧 主要进去要会员卡,0,0,1770537308910,上海,5263781615900650,,5642471321,谁是阿壳,m,https://m.weibo.cn/u/5642471321?launchid=10000360-page_H5,"https://tvax3.sinaimg.cn/crop.0.0.1080.1080.180/0069RexXly8i6ke0xc6zlj30u00u00v4.jpg?KID=imgbed,tva&Expires=1770548106&ssig=xL2qsjtjmo"
5264016538078265,1770551606,2026-02-08 11:53:26+08:00,QqLfrC7O9,回复@谁是阿壳:是滴,0,0,1770537308913,辽宁,5263781615900650,,3612373567,-小生活-,f,https://m.weibo.cn/u/3612373567?launchid=10000360-page_H5,"https://tvax4.sinaimg.cn/crop.0.1.1078.1078.180/d750723fly8i5v3pyulr0j20ty0u0q4w.jpg?KID=imgbed,tva&Expires=1770548106&ssig=JJxkN7cp%2Bx"
5263947007788042,1770535029,2026-02-08 07:17:09+08:00,QqLfrC7O9,没去过,0,0,1770537312242,江苏,5263947007788042,,5467864543,果酱味起司,f,https://m.weibo.cn/u/5467864543?launchid=10000360-page_H5,"https://tvax1.sinaimg.cn/crop.0.0.768.768.180/005Y2BlBly8i2ckiq1o3kj30lc0lctb0.jpg?KID=imgbed,tva&Expires=1770548112&ssig=tY1R5kqf%2B%2B"
5263882876617443,1770519739,2026-02-08 03:02:19+08:00,QqLfrC7O9,没买过,0,0,1770537312245,广西,5263882876617443,,6576568796,一抽入魂锦鲤,f,https://m.weibo.cn/u/6576568796?launchid=10000360-page_H5,"https://tvax4.sinaimg.cn/crop.0.0.1080.1080.180/007b4BYgly8i4gy6acy92j30u00u0dih.jpg?KID=imgbed,tva&Expires=1770548112&ssig=GZQqIyGBlE"
5263829118225750,1770506922,2026-02-07 23:28:42+08:00,QqLfrC7O9,铁了吗,0,0,1770537312248,山东,5263829118225750,,6056578515,星空86305,f,https://m.weibo.cn/u/6056578515?launchid=10000360-page_H5,"https://tvax3.sinaimg.cn/crop.0.0.1080.1080.180/006BSMKfly8i8nj5i4tp7j30u00u0q5z.jpg?KID=imgbed,tva&Expires=1770548112&ssig=%2FIC9dNYxy5"
5263828436916583,1770506759,2026-02-07 23:25:59+08:00,QqLfrC7O9,好吧,0,0,1770537312251,河北,5263828436916583,,5855859452,529592张珈晨,f,https://m.weibo.cn/u/5855859452?launchid=10000360-page_H5,"https://tvax2.sinaimg.cn/crop.0.0.1080.1080.180/006oiAy0ly8i5ujuysl3oj30u00u0adt.jpg?KID=imgbed,tva&Expires=1770548112&ssig=riRGS2AfYP"
5263808303203588,1770501958,2026-02-07 22:05:58+08:00,QqLfrC7O9,没买过,0,0,1770537312253,重庆,5263808303203588,,5589439684,多的诗你不知道的事,f,https://m.weibo.cn/u/5589439684?launchid=10000360-page_H5,"https://tvax3.sinaimg.cn/crop.0.0.400.400.180/0066gIAYly8hl1sgn3zwtj30b40b4t8w.jpg?KID=imgbed,tva&Expires=1770548112&ssig=oj0Z%2FsBQLw"
5263808247632605,1770501946,2026-02-07 22:05:46+08:00,QqLfrC7O9,哈哈哈 没去过啊,0,0,1770537312257,吉林,5263808247632605,,3954148853,0313平安,f,https://m.weibo.cn/u/3954148853?launchid=10000360-page_H5,"https://tvax3.sinaimg.cn/crop.0.0.1080.1080.180/ebaf85f5ly8hxaamq4ltgj20u00u0q4r.jpg?KID=imgbed,tva&Expires=1770548112&ssig=HbU2Mgk5X1"
5263795719242873,1770498959,2026-02-07 21:15:59+08:00,QqLfrC7O9,没去过我们这没有,0,0,1770537312260,安徽,5263795719242873,,7735207583,玉剑奇遇,f,https://m.weibo.cn/u/7735207583?launchid=10000360-page_H5,"https://tvax1.sinaimg.cn/crop.0.0.1080.1080.180/008ru8QDly8i9ss8y0yhsj30u00u0adj.jpg?KID=imgbed,tva&Expires=1770548112&ssig=oiRz5sbxN%2F"
5263794676958070,1770498710,2026-02-07 21:11:50+08:00,QqLfrC7O9,没有买过,0,0,1770537312263,湖北,5263794676958070,,7897985417,往事随风90217198103,m,https://m.weibo.cn/u/7897985417?launchid=10000360-page_H5,"https://tvax1.sinaimg.cn/crop.0.0.40.40.180/008Cv8Nzly4hlt26g4ainj30140140om.jpg?KID=imgbed,tva&Expires=1770548112&ssig=pUHIiUwLiA"
5263782691476098,1770495853,2026-02-07 20:24:13+08:00,QqLfrC7O9,,0,0,1770537312265,内蒙古,5263782691476098,,6895462098,用户6895462098,f,https://m.weibo.cn/u/6895462098?launchid=10000360-page_H5,"https://tvax4.sinaimg.cn/crop.0.0.700.700.180/007wEEGCly8htyhhcy7ohj30jg0jgdhk.jpg?KID=imgbed,tva&Expires=1770548112&ssig=kxhgT87DIm"
5263781924179122,1770495670,2026-02-07 20:21:10+08:00,QqLfrC7O9,续的,0,0,1770537312268,上海,5263781924179122,,7783203725,暗殇茉瞳,m,https://m.weibo.cn/u/7783203725?launchid=10000360-page_H5,"https://tvax3.sinaimg.cn/crop.0.0.960.960.180/008uJwPXly8hmvda39r4rj30qo0qotbi.jpg?KID=imgbed,tva&Expires=1770548112&ssig=WmGFocqd%2F%2F"
5263887500313594,1770520841,2026-02-08 03:20:41+08:00,QqLfrC7O9,没买卡，跟朋友进去了两趟,0,0,1770537312271,江苏,5263887500313594,,7764633470,用户7764633470,m,https://m.weibo.cn/u/7764633470?launchid=10000360-page_H5,"https://tvax3.sinaimg.cn/crop.0.0.132.132.180/008ttBRIly4h2qbhv1vuxj303o03omwz.jpg?KID=imgbed,tva&Expires=1770548112&ssig=hcpg0y9wEb"
5263869828400769,1770516628,2026-02-08 02:10:28+08:00,QqLfrC7O9,没有,0,0,1770537312274,广西,5263869828400769,,7308395934,抽的都中中在,f,https://m.weibo.cn/u/7308395934?launchid=10000360-page_H5,"https://tvax4.sinaimg.cn/crop.0.0.500.500.180/007YBhDMly8i81d0578lfj30dw0dw3zl.jpg?KID=imgbed,tva&Expires=1770548112&ssig=78n3vW748O"
5263818709279879,1770504440,2026-02-07 22:47:20+08:00,QqLfrC7O9,感觉还好吧,0,0,1770537312277,重庆,5263818709279879,,6365975342,要长教训,f,https://m.weibo.cn/u/6365975342?launchid=10000360-page_H5,"https://tvax1.sinaimg.cn/crop.0.0.1080.1080.180/006WOYZEly8i9u5b8g26jj30u00u0adc.jpg?KID=imgbed,tva&Expires=1770548112&ssig=TshBG3sCaR"
5263818374774901,1770504359,2026-02-07 22:45:59+08:00,QqLfrC7O9,还没过去,0,0,1770537312280,湖南,5263818374774901,,7766339536,小喵脾气菠萝心,f,https://m.weibo.cn/u/7766339536?launchid=10000360-page_H5,"https://tvax2.sinaimg.cn/crop.0.0.1080.1080.180/008tALGUly8i8vils9c52j30u00u0adt.jpg?KID=imgbed,tva&Expires=1770548112&ssig=%2BOh7MWrod8"
5263919291826673,1770528421,2026-02-08 05:27:01+08:00,QqLfrC7O9,价格太贵了呢,0,0,1770537312283,福建,5263919291826673,,7765228877,新年快乐第一,m,https://m.weibo.cn/u/7765228877?launchid=10000360-page_H5,"https://tvax4.sinaimg.cn/crop.0.0.500.500.180/008tw6L3ly8i8v40chysoj30dw0dwjsn.jpg?KID=imgbed,tva&Expires=1770548112&ssig=SbRqoIC%2Fz7"
5263783161497104,1770495965,2026-02-07 20:26:05+08:00,QqLfrC7O9,蹭的朋友的卡,0,0,1770537312286,天津,5263783161497104,,8495906180,-莓好时光不打烊-,f,https://m.weibo.cn/u/8495906180?launchid=10000360-page_H5,"https://tvax2.sinaimg.cn/crop.0.0.1080.1080.180/009gXXiQly8ia2dnrb279j30u00u0n0v.jpg?KID=imgbed,tva&Expires=1770548112&ssig=%2BihcrH7UXj"
5263781873585278,1770495658,2026-02-07 20:20:58+08:00,QqLfrC7O9,都是找代购的,0,0,1770537312289,福建,5263781873585278,,7595981096,小小锦鲤米松松,f,https://m.weibo.cn/u/7595981096?launchid=10000360-page_H5,"https://tvax3.sinaimg.cn/crop.0.0.1080.1080.180/008i3XG8ly8i4rflli9c1j30u00u0wfr.jpg?KID=imgbed,tva&Expires=1770548112&ssig=HMqsY7jUOG"
5263781782621307,1770495636,2026-02-07 20:20:36+08:00,QqLfrC7O9,没去过,0,0,1770537312291,黑龙江,5263781782621307,,5538968167,好运锦鲤奶泡,m,https://m.weibo.cn/u/5538968167?launchid=10000360-page_H5,"https://tvax4.sinaimg.cn/crop.0.0.500.500.180/0062QWEfly8i8pfomkxu5j30dw0dwwfq.jpg?KID=imgbed,tva&Expires=1770548112&ssig=UuP2Ajy08s"
5263767331931523,1770492191,2026-02-07 19:23:11+08:00,QqKcsnZSB,山姆你还续卡吗？投票→网页链接,22,13,1770538332983,,5263767331931523,,7399555658,红星资本局,f,https://m.weibo.cn/u/7399555658?launchid=10000360-page_H5,"https://tvax1.sinaimg.cn/crop.0.0.640.640.180/0084LMrUly8h8viewardpj30hs0hst9e.jpg?KID=imgbed,tva&Expires=1770549132&ssig=GXTZKBNnpc"
5263750619464587,1770488206,2026-02-07 18:16:46+08:00,QqKcsnZSB,山姆你还续卡吗？,21,10,1770538332985,,5263750619464587,,7399555658,红星资本局,f,https://m.weibo.cn/u/7399555658?launchid=10000360-page_H5,"https://tvax1.sinaimg.cn/crop.0.0.640.640.180/0084LMrUly8h8viewardpj30hs0hst9e.jpg?KID=imgbed,tva&Expires=1770549132&ssig=GXTZKBNnpc"
5263747254062731,1770487404,2026-02-07 18:03:24+08:00,QqKcsnZSB,,3,6,1770538332986,,5263747254062731,,7399555658,红星资本局,f,https://m.weibo.cn/u/7399555658?launchid=10000360-page_H5,"https://tvax1.sinaimg.cn/crop.0.0.640.640.180/0084LMrUly8h8viewardpj30hs0hst9e.jpg?KID=imgbed,tva&Expires=1770549132&ssig=GXTZKBNnpc"
5263774087119811,1770493800,2026-02-07 19:50:00+08:00,QqKcsnZSB,扫这个码bug一次21张无门槛！，不仅限于奶茶，还可以点吃的,8,380,1770538332988,河南,5263774087119811,https://wx3.sinaimg.cn/large/007ZBz5Yly1ia297r6jzpj30tw1a9q95.jpg,7323239366,巷子里的猫咪熊,m,https://m.weibo.cn/u/7323239366?launchid=10000360-page_H5,"https://tvax3.sinaimg.cn/crop.0.0.500.500.180/007ZBz5Yly8i5o4ez1enrj30dw0dwwfp.jpg?KID=imgbed,tva&Expires=1770549132&ssig=ojWn0TQuHB"
5263767727508105,1770492285,2026-02-07 19:24:45+08:00,QqKcsnZSB,续，而且会一直续，国内同行衬托的好。,18,270,1770538332989,湖北,5263767727508105,,1767106824,方毅Evan,m,https://m.weibo.cn/u/1767106824?launchid=10000360-page_H5,"https://tvax1.sinaimg.cn/crop.0.22.1125.1125.180/6953e908ly8fx82szysmyj20v90wh0w7.jpg?KID=imgbed,tva&Expires=1770549132&ssig=VPIgrSjIlG"
5263771656521235,1770493222,2026-02-07 19:40:22+08:00,QqKcsnZSB,建议大家都别续了，这样我去的时候人能少点,11,148,1770538332990,北京,5263771656521235,,3946261123,3zee,m,https://m.weibo.cn/u/3946261123?launchid=10000360-page_H5,"https://tvax3.sinaimg.cn/crop.0.0.1080.1080.180/eb372a83ly8h92pwzdbxtj20u00u00tc.jpg?KID=imgbed,tva&Expires=1770549132&ssig=FGqrQRZWDI"
5263754384380952,1770489104,2026-02-07 18:31:44+08:00,QqKcsnZSB,都没有，续啥,2,35,1770538332991,四川,5263754384380952,,3648023200,大佬财说,m,https://m.weibo.cn/u/3648023200?launchid=10000360-page_H5,"https://tvax4.sinaimg.cn/crop.0.0.640.640.180/d9706aa0ly8hnzsasuzh5j20hs0hsdgx.jpg?KID=imgbed,tva&Expires=1770549132&ssig=S6SAgU3Zfn"
5263764255675204,1770491457,2026-02-07 19:10:57+08:00,QqKcsnZSB,你们都别续了 我续 就不挤了,0,50,1770538332993,四川,5263764255675204,,1953943661,大小姐酢乙女爱,f,https://m.weibo.cn/u/1953943661?launchid=10000360-page_H5,"https://tvax1.sinaimg.cn/crop.0.0.828.828.180/7476d06dly8gzt2zduf93j20n00n075s.jpg?KID=imgbed,tva&Expires=1770549132&ssig=KwUTMzauc8"
5263761183342623,1770490724,2026-02-07 18:58:44+08:00,QqKcsnZSB,当然续,0,35,1770538332995,北京,5263761183342623,,3871516343,For_FreedomP,m,https://m.weibo.cn/u/3871516343?launchid=10000360-page_H5,"https://tvax4.sinaimg.cn/crop.0.0.480.480.180/e6c2a6b7ly8h0eiq2t3ltj20dc0dc74m.jpg?KID=imgbed,tva&Expires=1770549132&ssig=BKOZkUqnVA"
5263776433837606,1770494361,2026-02-07 19:59:21+08:00,QqKcsnZSB,不明白为什么要搞会员费，真的是会赚,8,13,1770538332997,广西,5263776433837606,,3930351560,Lemonyann,f,https://m.weibo.cn/u/3930351560?launchid=10000360-page_H5,"https://tvax3.sinaimg.cn/crop.0.0.1080.1080.180/ea4467c8ly8i7ppuj6fa1j20u00u0juo.jpg?KID=imgbed,tva&Expires=1770549132&ssig=JCtEaREBzt"
5263795880461317,1770498996,2026-02-07 21:16:36+08:00,QqKcsnZSB,去过两次山姆，都是蹭卡去的，其实我不理解，山姆到底好在哪儿？东西是真的更好吗？价格呢？,3,2,1770538332998,上海,5263795880461317,,2281454430,大肥皂,m,https://m.weibo.cn/u/2281454430?launchid=10000360-page_H5,"https://tvax4.sinaimg.cn/crop.0.0.512.512.180/87fc3b5ely8hgackdlrbej20e80e8aad.jpg?KID=imgbed,tva&Expires=1770549132&ssig=gVpf7I42sH"
5263770330860892,1770492906,2026-02-07 19:35:06+08:00,QqKcsnZSB,#做空计划！,0,4,1770538332999,浙江,5263770330860892,,7741972343,NewEra2025_,m,https://m.weibo.cn/u/7741972343?launchid=10000360-page_H5,"https://tvax3.sinaimg.cn/crop.0.0.1080.1080.180/008rWwFFly8i6jtsz0ladj30u00u0dg2.jpg?KID=imgbed,tva&Expires=1770549133&ssig=pNS%2FfpRCF1"
5263788357981304,1770497204,2026-02-07 20:46:44+08:00,QqKcsnZSB,12月过期后就没续，产品越来越差，最后里面80购物金拿不出来，必须续680才能拿出来。没时间去店里先不处理了,0,2,1770538333000,浙江,5263788357981304,,1504244710,Yvonne的way,f,https://m.weibo.cn/u/1504244710?launchid=10000360-page_H5,"https://tva3.sinaimg.cn/crop.0.0.180.180.180/59a8f3e6jw1e8qgp5bmzyj2050050aa8.jpg?KID=imgbed,tva&Expires=1770549133&ssig=qkWr7iU3Nj"
5263782621218071,1770495835,2026-02-07 20:23:55+08:00,QqKcsnZSB,我感觉大家会续,3,6,1770538333002,北京,5263782621218071,https://wx3.sinaimg.cn/large/005RO5pxly1ia2a6xs4zxj30u0140agt.jpg,5375747171,冯淳566,m,https://m.weibo.cn/u/5375747171?launchid=10000360-page_H5,"https://tvax4.sinaimg.cn/crop.0.0.318.318.180/005RO5pxly8hjnrqf1l1xj308u08udg3.jpg?KID=imgbed,tva&Expires=1770549133&ssig=ET90kBzRog"
5263778455226384,1770494843,2026-02-07 20:07:23+08:00,QqKcsnZSB,买了山姆的醉蟹，家里人体温世界飙升到三十九度多,0,5,1770538333003,北京,5263778455226384,,3948813016,陈晨你好,f,https://m.weibo.cn/u/3948813016?launchid=10000360-page_H5,"https://tvax4.sinaimg.cn/crop.0.0.1080.1080.180/eb5e1ad8ly8i7uct4t6dyj20u00u0wfh.jpg?KID=imgbed,tva&Expires=1770549133&ssig=FxCDgjJjXF"
5263772910621362,1770493521,2026-02-07 19:45:21+08:00,QqKcsnZSB,没去过,0,1,1770538333005,广东,5263772910621362,,7427138216,JudyH9988,f,https://m.weibo.cn/u/7427138216?launchid=10000360-page_H5,"https://tvax3.sinaimg.cn/crop.0.0.996.996.180/0086DvVSly8gdeirk1z0qj30ro0rogo4.jpg?KID=imgbed,tva&Expires=1770549133&ssig=zIQcqFWzcc"
5263772111341898,1770493330,2026-02-07 19:42:10+08:00,QqKcsnZSB,没办过,0,2,1770538333005,江苏,5263772111341898,,1654366920,祝我富贵且安康,f,https://m.weibo.cn/u/1654366920?launchid=10000360-page_H5,"https://tvax3.sinaimg.cn/crop.0.0.1080.1080.180/629ba2c8ly8he4zfjh0syj20u00u077t.jpg?KID=imgbed,tva&Expires=1770549133&ssig=GHeanHvUwq"
5263965661167962,1770539475,2026-02-08 08:31:15+08:00,QqKcsnZSB,强烈要求取消会员卡！让每个人都能进山姆！,0,0,1770538333007,天津,5263965661167962,,7793748853,意阑珊2022,m,https://m.weibo.cn/u/7793748853?launchid=10000360-page_H5,"https://tvax1.sinaimg.cn/crop.0.1.1078.1078.180/008vrM6Fly8i77an6odlzj30ty0u0ac0.jpg?KID=imgbed,tva&Expires=1770549133&ssig=x12%2Bs%2Fp4bC"
5263782257099328,1770495748,2026-02-07 20:22:28+08:00,QqKcsnZSB,不续了。没有提拉米苏了，,1,2,1770538333009,浙江,5263782257099328,,1807684810,DJ小皮,m,https://m.weibo.cn/u/1807684810?launchid=10000360-page_H5,"https://tvax1.sinaimg.cn/crop.0.0.512.512.180/6bbf14caly8hxuiz1vv6tj20e80e8t8y.jpg?KID=imgbed,tva&Expires=1770549133&ssig=CEHNrb9Kmy"
5263780348693745,1770495294,2026-02-07 20:14:54+08:00,QqKcsnZSB,不如麦德龙,0,0,1770538333010,江苏,5263780348693745,,7513242062,Sunny_Cat0303,m,https://m.weibo.cn/u/7513242062?launchid=10000360-page_H5,"https://tvax1.sinaimg.cn/crop.0.0.132.132.180/008csNtAly4gjtf81ubugj303o03oa9v.jpg?KID=imgbed,tva&Expires=1770549133&ssig=Kf97BwpB3i"
5263753300152493,1770488845,2026-02-07 18:27:25+08:00,QqKcsnZSB,不续了,0,5,1770538345881,上海,5263753300152493,,5227860109,像我这样的人Amber,f,https://m.weibo.cn/u/5227860109?launchid=10000360-page_H5,"https://tva1.sinaimg.cn/crop.0.5.640.640.180/005HNzeljw8f4ukqngzb7j30hs0i30ta.jpg?KID=imgbed,tva&Expires=1770549145&ssig=zb4vttzs1b"
5263751435520742,1770488401,2026-02-07 18:20:01+08:00,QqKcsnZSB,难道是真的？😂,0,0,1770538345883,辽宁,5263751435520742,,6981423657,一人君C,m,https://m.weibo.cn/u/6981423657?launchid=10000360-page_H5,"https://tvax1.sinaimg.cn/default/images/default_avatar_male_180.gif?KID=imgbed,tva&Expires=1770549145&ssig=JUcBavKuAm"
5263777694226261,1770494661,2026-02-07 20:04:21+08:00,QqKcsnZSB,186卖499感觉没有高太多 或者可能市场 好多成本100多的卖上千的都是常态,2,5,1770538345884,浙江,5263777694226261,,7821681980,努力加油嘿嘿,f,https://m.weibo.cn/u/7821681980?launchid=10000360-page_H5,"https://tvax4.sinaimg.cn/crop.0.0.1080.1080.180/008xkYMYly8i64z6i7nqhj30u00u0n0v.jpg?KID=imgbed,tva&Expires=1770549145&ssig=SXP%2BDD0Y%2F%2F"
5263776073122765,1770494275,2026-02-07 19:57:55+08:00,QqKcsnZSB,有些人慢慢的就忘了初心，真心希望食品能够保证，我的会员目前在考虑中,0,1,1770538345886,上海,5263776073122765,,3434415032,营养医师郝志军,m,https://m.weibo.cn/u/3434415032?launchid=10000360-page_H5,"https://tvax1.sinaimg.cn/crop.0.0.384.384.180/ccb503b8ly8gxsrde6pvbj20ao0aodg2.jpg?KID=imgbed,tva&Expires=1770549145&ssig=IljFG2zTH3"
5263775941003171,1770494243,2026-02-07 19:57:23+08:00,QqKcsnZSB,就是吃到，有些人也不会放弃,1,6,1770538345887,广东,5263775941003171,,6317784546,会修火箭的脏话家,m,https://m.weibo.cn/u/6317784546?launchid=10000360-page_H5,"https://tvax2.sinaimg.cn/crop.0.0.996.996.180/006TyMmKly8gdx4pq8pdgj30ro0rotaw.jpg?KID=imgbed,tva&Expires=1770549145&ssig=xS%2FZvwfZtY"
5263764821902808,1770491592,2026-02-07 19:13:12+08:00,QqKcsnZSB,不需要了 平替很多 现在生活非常便利 没必要囤货  打开山姆完全没有要买的,0,2,1770538345888,江苏,5263764821902808,,1614862484,王小园-,f,https://m.weibo.cn/u/1614862484?launchid=10000360-page_H5,"https://tvax3.sinaimg.cn/crop.0.0.1080.1080.180/6040d894ly8hg5e5fms0hj20u00u00yt.jpg?KID=imgbed,tva&Expires=1770549145&ssig=Km%2FU%2FLMVWv"
5263762171104175,1770490960,2026-02-07 19:02:40+08:00,QqKcsnZSB,需要就续，不需要就不续，,0,4,1770538345889,吉林,5263762171104175,,2328776027,Youngblood666,m,https://m.weibo.cn/u/2328776027?launchid=10000360-page_H5,"https://tva4.sinaimg.cn/crop.0.0.720.720.180/8ace4d5bjw8eejxph4savj20k00k0gmx.jpg?KID=imgbed,tva&Expires=1770549145&ssig=PbnEP2P3mM"
5263807234705310,1770501703,2026-02-07 22:01:43+08:00,QqKcsnZSB,不续了 现在觉得麦德龙品控更好,0,0,1770538345890,上海,5263807234705310,,3664289050,Lynnn见过权志龙版,f,https://m.weibo.cn/u/3664289050?launchid=10000360-page_H5,"https://tvax2.sinaimg.cn/crop.0.0.1024.1024.180/da689d1aly8i8dlvit9oej20sg0sgjt9.jpg?KID=imgbed,tva&Expires=1770549145&ssig=yQ3u9Ok7Gs"
5263804771865778,1770501117,2026-02-07 21:51:57+08:00,QqKcsnZSB,又来了每年黑几次,0,1,1770538345892,广东,5263804771865778,,2236237250,小红要长蘑菇了,f,https://m.weibo.cn/u/2236237250?launchid=10000360-page_H5,"https://tvax3.sinaimg.cn/crop.0.0.1080.1080.180/854a45c2ly8i7xhf3ogwkj20u00u075a.jpg?KID=imgbed,tva&Expires=1770549145&ssig=7AVfhkCyM6"
5263804472496302,1770501046,2026-02-07 21:50:46+08:00,QqKcsnZSB,没什么用,0,0,1770538345893,河北,5263804472496302,,2641176347,Jx_Hx1990,f,https://m.weibo.cn/u/2641176347?launchid=10000360-page_H5,"https://tvax1.sinaimg.cn/crop.0.0.1008.1008.180/9d6d271bly8gmho19m6j0j20s00s0q5n.jpg?KID=imgbed,tva&Expires=1770549145&ssig=PLrpFKzq%2B4"
5263804395161823,1770501027,2026-02-07 21:50:27+08:00,QqKcsnZSB,不续 很多东西都不一样了 换老板后,0,0,1770538345894,广东,5263804395161823,,3911734985,我不打算盤,f,https://m.weibo.cn/u/3911734985?launchid=10000360-page_H5,"https://tvax4.sinaimg.cn/crop.0.0.981.981.180/e92856c9ly8i9ni913pwvj20r90r975y.jpg?KID=imgbed,tva&Expires=1770549145&ssig=tJRWpsauVn"
5263794721786895,1770498721,2026-02-07 21:12:01+08:00,QqKcsnZSB,前几天刚到期没续，确实没有刚开始那种感觉了，东西也就那样,0,0,1770538345896,广东,5263794721786895,,1801710007,霓虹饭,f,https://m.weibo.cn/u/1801710007?launchid=10000360-page_H5,"https://tvax2.sinaimg.cn/crop.0.0.482.482.180/6b63e9b7ly8h3mk0flwlyj20de0deab3.jpg?KID=imgbed,tva&Expires=1770549145&ssig=ra%2BaAUmrwf"
5263794250977077,1770498609,2026-02-07 21:10:09+08:00,QqKcsnZSB,续卡了，没办法，没有平替的，国内超市不争气,0,0,1770538345897,浙江,5263794250977077,,6585349465,浅夜-轻风,m,https://m.weibo.cn/u/6585349465?launchid=10000360-page_H5,"https://tvax3.sinaimg.cn/crop.0.0.1080.1080.180/007bFsdXly8hrqqegqaeaj30u00u076w.jpg?KID=imgbed,tva&Expires=1770549145&ssig=6U3klxcEWH"
5263790704429410,1770497763,2026-02-07 20:56:03+08:00,QqKcsnZSB,186成本，你不会以为羽绒服就只有羽绒成本吧？,0,0,1770538345899,上海,5263790704429410,,3044985711,一起去晒太阳---,f,https://m.weibo.cn/u/3044985711?launchid=10000360-page_H5,"https://tvax1.sinaimg.cn/crop.0.0.512.512.180/b57ecb6fly8i2h9gntnk4j20e80e8jsb.jpg?KID=imgbed,tva&Expires=1770549145&ssig=Eewg385SMJ"
5263789041910712,1770497366,2026-02-07 20:49:26+08:00,QqKcsnZSB,嚯，也算见证热乎的商战了,0,1,1770538345900,天津,5263789041910712,https://wx2.sinaimg.cn/large/007P5nZ5ly1i9zwa142edg306n06n0sv.gif,3915133889,老夫宁愿吃苦瓜也不吃辣,f,https://m.weibo.cn/u/3915133889?launchid=10000360-page_H5,"https://tvax4.sinaimg.cn/crop.0.0.1080.1080.180/e95c33c1ly8hgu6gepaxyj20u00u00th.jpg?KID=imgbed,tva&Expires=1770549145&ssig=%2BGiaylf9ip"
5263788798383046,1770497309,2026-02-07 20:48:29+08:00,QqKcsnZSB,刚刷到今天早上还没开门沈阳山姆的人流,0,0,1770538345901,四川,5263788798383046,https://wx2.sinaimg.cn/large/89f4db50gy1ia2aw4l390j21hc0u0qdy.jpg,2314525520,6xkx11,f,https://m.weibo.cn/u/2314525520?launchid=10000360-page_H5,"https://tvax3.sinaimg.cn/crop.0.0.1024.1024.180/89f4db50ly8i950qnt7sgj20sg0sg44c.jpg?KID=imgbed,tva&Expires=1770549145&ssig=ngTuHJ26BW"
5263777823198925,1770494692,2026-02-07 20:04:52+08:00,QqKcsnZSB,不续了,0,0,1770538345902,上海,5263777823198925,,7333281681,KingKong和熊猫,f,https://m.weibo.cn/u/7333281681?launchid=10000360-page_H5,"https://tvax2.sinaimg.cn/crop.0.0.667.667.180/0080hHyNly8hl8an9e8hnj30ij0ij0ud.jpg?KID=imgbed,tva&Expires=1770549145&ssig=oXQMQ95GAQ"
5263776083349540,1770494277,2026-02-07 19:57:57+08:00,QqKcsnZSB,续，为什么不续，我还是卓越会员,0,1,1770538345904,广东,5263776083349540,,1936801290,对你竖起了大母紫,f,https://m.weibo.cn/u/1936801290?launchid=10000360-page_H5,"https://tvax3.sinaimg.cn/crop.0.0.977.977.180/73713e0aly8i66k0qls77j20r50r5my8.jpg?KID=imgbed,tva&Expires=1770549145&ssig=DAd1RuNzOh"
5263771452835116,1770493173,2026-02-07 19:39:33+08:00,QqKcsnZSB,肯定不续了,0,0,1770538345906,北京,5263771452835116,,1708494091,香草维什戴尔,m,https://m.weibo.cn/u/1708494091?launchid=10000360-page_H5,"https://tvax4.sinaimg.cn/crop.0.0.562.562.180/65d58d0bly8i1ag7q1q3dj20fm0fmgme.jpg?KID=imgbed,tva&Expires=1770549145&ssig=gt0Up4%2B3mN"
5263768407773621,1770492447,2026-02-07 19:27:27+08:00,QqKcsnZSB,查一下那些几千的羽绒服成本多少钱,0,5,1770538345907,安徽,5263768407773621,,6931626056,咬个朋友,m,https://m.weibo.cn/u/6931626056?launchid=10000360-page_H5,"https://tvax1.sinaimg.cn/crop.0.0.682.682.180/007z6oAgly8hf1lie2ejvj30iy0iy3zh.jpg?KID=imgbed,tva&Expires=1770549145&ssig=7gj8G8ujnb"
5263761473798561,1770490793,2026-02-07 18:59:53+08:00,QqKcsnZSB,我但凡身边有个胖东来我也不至于去办这个卡，就算胖东来离我几十公里的路程我都不会办这个卡。,0,5,1770538361246,浙江,5263761473798561,,5553491108,象大姐,f,https://m.weibo.cn/u/5553491108?launchid=10000360-page_H5,"https://tva3.sinaimg.cn/crop.0.0.748.748.180/0063PSJejw8f2wgu3zrwxj30ks0ksgn7.jpg?KID=imgbed,tva&Expires=1770549161&ssig=QW4OXGAYNi"
5263777717291703,1770494667,2026-02-07 20:04:27+08:00,QqKcsnZSB,中国人做高管的话不值得续的,1,2,1770538361248,上海,5263777717291703,,7887638664,Maxblackkkk___,m,https://m.weibo.cn/u/7887638664?launchid=10000360-page_H5,"https://tvax2.sinaimg.cn/crop.0.0.720.720.180/008BNJ8sly8hkovu37t37j30k00k0t9j.jpg?KID=imgbed,tva&Expires=1770549161&ssig=txQkedkZhA"
5263774539846416,1770493909,2026-02-07 19:51:49+08:00,QqKcsnZSB,今年没续是因为实在太拥挤了，挤到让人烦躁，大巴车拉着隔壁市的人来逛,0,2,1770538361249,广东,5263774539846416,,6069282500,随心所愿博,f,https://m.weibo.cn/u/6069282500?launchid=10000360-page_H5,"https://tvax2.sinaimg.cn/crop.0.0.1080.1080.180/006CK5Dely8hpz9zab4g2j30u00u076r.jpg?KID=imgbed,tva&Expires=1770549161&ssig=maMrBhyPAo"
5263768529668331,1770492476,2026-02-07 19:27:56+08:00,QqKcsnZSB,要不你推荐个,1,3,1770538361251,重庆,5263768529668331,,7606133461,Alex5014_,m,https://m.weibo.cn/u/7606133461?launchid=10000360-page_H5,"https://tvax1.sinaimg.cn/crop.0.0.1080.1080.180/008iKyLXly8hj36tsme5dj30u00u0wfc.jpg?KID=imgbed,tva&Expires=1770549161&ssig=Z%2F1iIzGYsk"
5263791675935695,1770497995,2026-02-07 20:59:55+08:00,QqKcsnZSB,当然会了,0,1,1770538361252,安徽,5263791675935695,,3971793652,-jasonj-T,m,https://m.weibo.cn/u/3971793652?launchid=10000360-page_H5,"https://tvax3.sinaimg.cn/crop.0.0.996.996.180/ecbcc2f4ly8fmsumxm3scj20ro0ro0u7.jpg?KID=imgbed,tva&Expires=1770549161&ssig=N7snMg15cB"
5263791396226209,1770497928,2026-02-07 20:58:48+08:00,QqKcsnZSB,不能理解。  质量也不是特别好。 那个鸡蛋像没发育就强迫营业一样。  确实有些零食不错。,0,1,1770538361253,广东,5263791396226209,,1763329392,星期6日,f,https://m.weibo.cn/u/1763329392?launchid=10000360-page_H5,"https://tva4.sinaimg.cn/crop.0.0.653.653.180/691a4570jw8eqiewstk4mj20i50i5jt7.jpg?KID=imgbed,tva&Expires=1770549161&ssig=Vgd6OA9jAU"
5263782364321974,1770495775,2026-02-07 20:22:55+08:00,QqKcsnZSB,续个毛,0,1,1770538361255,福建,5263782364321974,,6342035285,小六耐斯,f,https://m.weibo.cn/u/6342035285?launchid=10000360-page_H5,"https://tvax4.sinaimg.cn/crop.0.0.1080.1080.180/006Vcx5Hly8hy45gevka3j30u00u0jte.jpg?KID=imgbed,tva&Expires=1770549161&ssig=sKx71bbLtN"
5263779197621950,1770495020,2026-02-07 20:10:20+08:00,QqKcsnZSB,不续,0,1,1770538361256,浙江,5263779197621950,,1777748794,浅戈_77,f,https://m.weibo.cn/u/1777748794?launchid=10000360-page_H5,"https://tvax2.sinaimg.cn/crop.0.0.996.996.180/69f64b3aly8geni1wvdunj20ro0rogne.jpg?KID=imgbed,tva&Expires=1770549161&ssig=HnuOM%2FVi%2Fc"
5263779080438557,1770494991,2026-02-07 20:09:51+08:00,QqKcsnZSB,得续啊，要不拿啥发朋友圈,0,1,1770538361257,天津,5263779080438557,,5090532027,GD-XXXXXX,f,https://m.weibo.cn/u/5090532027?launchid=10000360-page_H5,"https://tvax1.sinaimg.cn/crop.9.0.731.731.180/005yvlVhly8fmekn3y114j30ku0kbdgf.jpg?KID=imgbed,tva&Expires=1770549161&ssig=xEfsk5btuI"
5263776165397222,1770494296,2026-02-07 19:58:16+08:00,QqKcsnZSB,我也不想去山姆啊，要不你推荐一家品控更好的？,1,1,1770538361259,江苏,5263776165397222,,5483876767,靛蓝二乘,m,https://m.weibo.cn/u/5483876767?launchid=10000360-page_H5,"https://tvax4.sinaimg.cn/crop.0.0.1080.1080.180/005Z7MRhly8gykl9rxgmwj30u00u03zt.jpg?KID=imgbed,tva&Expires=1770549161&ssig=etQVyr%2B2jc"
5263773692073256,1770493707,2026-02-07 19:48:27+08:00,QqKcsnZSB,续，因为没有能替代的,0,1,1770538361260,辽宁,5263773692073256,,2474415263,nici小豹子,f,https://m.weibo.cn/u/2474415263?launchid=10000360-page_H5,"https://tvax1.sinaimg.cn/default/images/default_avatar_female_180.gif?KID=imgbed,tva&Expires=1770549161&ssig=7OnNPOJN7U"
5263772824112678,1770493500,2026-02-07 19:45:00+08:00,QqKcsnZSB,刚续,0,1,1770538361261,江苏,5263772824112678,,5615164685,双q不及格的吃货,f,https://m.weibo.cn/u/5615164685?launchid=10000360-page_H5,"https://tva1.sinaimg.cn/crop.0.0.132.132.180/00680EQljw8eu1izle8x4j303o03ot8k.jpg?KID=imgbed,tva&Expires=1770549161&ssig=ZVed0Wnaqo"
5263771209566833,1770493115,2026-02-07 19:38:35+08:00,QqKcsnZSB,续,0,1,1770538361261,安徽,5263771209566833,,6072591424,美好蔚天真,f,https://m.weibo.cn/u/6072591424?launchid=10000360-page_H5,"https://tvax2.sinaimg.cn/crop.0.0.690.690.180/006CXYqYly8hn1jy4pdhoj30j60j6dgt.jpg?KID=imgbed,tva&Expires=1770549161&ssig=OACjC7ORzh"
5263770169380752,1770492867,2026-02-07 19:34:27+08:00,QqKcsnZSB,一家子几口人，每个人轮流办，到期退,2,1,1770538361263,江苏,5263770169380752,,5405342253,乌有之猫的电波小兔,f,https://m.weibo.cn/u/5405342253?launchid=10000360-page_H5,"https://tvax4.sinaimg.cn/crop.175.152.406.406.180/005TOgrzly8gjx8076us4j30k50kbgoz.jpg?KID=imgbed,tva&Expires=1770549161&ssig=ADgZfWJuR1"
5263769018303990,1770492593,2026-02-07 19:29:53+08:00,QqKcsnZSB,别的更辣鸡,0,1,1770538361264,河北,5263769018303990,,5207651684,TheRoadAhead76,m,https://m.weibo.cn/u/5207651684?launchid=10000360-page_H5,"https://tvax3.sinaimg.cn/crop.0.0.512.512.180/005GqM60ly8hokqyri7fwj30e80e8wen.jpg?KID=imgbed,tva&Expires=1770549161&ssig=bxIqv0VQeO"
5263768816978525,1770492545,2026-02-07 19:29:05+08:00,QqKcsnZSB,你是知道我今天卡到期吗？立刻给我推送这个,0,1,1770538361265,江苏,5263768816978525,,1843040822,姚燕子86,f,https://m.weibo.cn/u/1843040822?launchid=10000360-page_H5,"https://tvax1.sinaimg.cn/crop.0.0.1080.1080.180/6dda9236ly8h21eju05pqj20u00u03zr.jpg?KID=imgbed,tva&Expires=1770549161&ssig=nsflS0%2BPhX"
5263759895429652,1770490417,2026-02-07 18:53:37+08:00,QqKcsnZSB,没办过卡，也不会办，同一件东西得一大堆，不是谁家都住上百平甚至别墅咯,0,1,1770538361267,广东,5263759895429652,,1891786504,売尔汜,m,https://m.weibo.cn/u/1891786504?launchid=10000360-page_H5,"https://tvax3.sinaimg.cn/crop.0.0.1080.1080.180/70c25f08ly8i6seaw8iwpj20u00u0q7f.jpg?KID=imgbed,tva&Expires=1770549161&ssig=WLNRgG8RDH"
5263808655265068,1770502043,2026-02-07 22:07:23+08:00,QqKcsnZSB,现在买的鳕鱼煮出来很多水，哎真的是不如以前了,0,0,1770538361268,广西,5263808655265068,,2089949207,米米米米米女女,m,https://m.weibo.cn/u/2089949207?launchid=10000360-page_H5,"https://tvax2.sinaimg.cn/crop.0.0.828.828.180/7c921817ly8hbcm11bgqlj20n00n0760.jpg?KID=imgbed,tva&Expires=1770549161&ssig=b9AoKabVn6"
5263808530749508,1770502013,2026-02-07 22:06:53+08:00,QqKcsnZSB,图片评论,0,0,1770538361270,江西,5263808530749508,https://wx4.sinaimg.cn/large/006vNLV4gy1ia2d672m9wj30qr15d7bj.jpg,5966725686,耳朵靠近心脏最近的位置,f,https://m.weibo.cn/u/5966725686?launchid=10000360-page_H5,"https://tvax2.sinaimg.cn/crop.0.0.996.996.180/006vNLV4ly8fjzirs5sbwj30ro0rotb4.jpg?KID=imgbed,tva&Expires=1770549161&ssig=ubgx%2FS2hgs"
5263808018253217,1770501891,2026-02-07 22:04:51+08:00,QqKcsnZSB,买了几次沃尔玛感觉好吃的多起来了,0,0,1770538361271,江苏,5263808018253217,,2489885440,苒沫清浅,f,https://m.weibo.cn/u/2489885440?launchid=10000360-page_H5,"https://tva1.sinaimg.cn/crop.0.12.1242.1242.180/9468a300jw8f2fc147uugj20yi0z776f.jpg?KID=imgbed,tva&Expires=1770549161&ssig=5oFU6SRa1H"
5263807043600899,1770501658,2026-02-07 22:00:58+08:00,QqKcsnZSB,扫这个码，不仅限于奶茶，还可以点吃的。,0,0,1770538376269,北京,5263807043600899,https://wx4.sinaimg.cn/large/75a1a951ly1ia2d006cuzj20mf0yptct.jpg,1973528913,玩笑不能开大12,f,https://m.weibo.cn/u/1973528913?launchid=10000360-page_H5,"https://tva3.sinaimg.cn/crop.0.0.720.720.180/75a1a951jw8embq2lqc5wj20k00k0aaq.jpg?KID=imgbed,tva&Expires=1770549176&ssig=hkNbURof7r"
5263806976495310,1770501643,2026-02-07 22:00:43+08:00,QqKcsnZSB,我也在纠结，续不续,0,0,1770538376272,北京,5263806976495310,,2077373427,王蕊蕊蕊蕊蕊蕊,f,https://m.weibo.cn/u/2077373427?launchid=10000360-page_H5,"https://tvax1.sinaimg.cn/crop.0.0.1080.1080.180/7bd233f3ly8hovhov36i3j20u00u0ad0.jpg?KID=imgbed,tva&Expires=1770549176&ssig=DulK2rdI97"
5263806618142571,1770501557,2026-02-07 21:59:17+08:00,QqKcsnZSB,@宛如陌上尘 认真的，先不续了，以后再说吧,0,0,1770538376273,江苏,5263806618142571,,5679816248,Eda的rose,f,https://m.weibo.cn/u/5679816248?launchid=10000360-page_H5,"https://tvax3.sinaimg.cn/crop.0.0.1080.1080.180/006cnVFuly8hkgwm2446hj30u00u0adp.jpg?KID=imgbed,tva&Expires=1770549176&ssig=EJpLjrlPVw"
5263806177745008,1770501452,2026-02-07 21:57:32+08:00,QqKcsnZSB,快来领25元免单卡,0,0,1770538376275,安徽,5263806177745008,https://wx2.sinaimg.cn/large/007Ro77Ily1ia2cwgwmihj30qk153tgo.jpg,7201822890,是枯木逢春-吖,f,https://m.weibo.cn/u/7201822890?launchid=10000360-page_H5,"https://tvax1.sinaimg.cn/crop.0.0.1080.1080.180/007Ro77Ily8hji3vg43gkj30u00u0acp.jpg?KID=imgbed,tva&Expires=1770549176&ssig=qONYjZvA2G"
5263805271248914,1770501236,2026-02-07 21:53:56+08:00,QqKcsnZSB,图片评论,0,0,1770538376275,上海,5263805271248914,https://wx1.sinaimg.cn/large/006sKThcgy1ia2cspqmwkj30o911itf1.jpg,5921709974,鱼儿逍遥江湖,f,https://m.weibo.cn/u/5921709974?launchid=10000360-page_H5,"https://tvax3.sinaimg.cn/crop.0.0.664.664.180/006sKThcly8fkzfrhjdqdj30ig0ig0tv.jpg?KID=imgbed,tva&Expires=1770549176&ssig=IPgDI1ltWU"
5263805223276589,1770501225,2026-02-07 21:53:45+08:00,QqKcsnZSB,在山姆的餐吧会经常买到生食凉食,0,0,1770538376277,江苏,5263805223276589,,5626695028,躲猫猫要下雨,m,https://m.weibo.cn/u/5626695028?launchid=10000360-page_H5,"https://tvax2.sinaimg.cn/crop.0.0.512.512.180/0068N2pCly8hiy5dfra43j30e80e8mxh.jpg?KID=imgbed,tva&Expires=1770549176&ssig=nzcUhxw0z6"
5263805093512136,1770501194,2026-02-07 21:53:14+08:00,QqKcsnZSB,续不续再说，你先把岩烧华夫饼给我上架行不行,0,0,1770538376278,广东,5263805093512136,,3132126225,啊哦咦唔哟嗯,f,https://m.weibo.cn/u/3132126225?launchid=10000360-page_H5,"https://tvax3.sinaimg.cn/crop.0.0.500.500.180/bab07411ly8i3ctrhmqybj20dw0dwq3k.jpg?KID=imgbed,tva&Expires=1770549176&ssig=Xf4SZwsPPl"
5263804409840334,1770501031,2026-02-07 21:50:31+08:00,QqKcsnZSB,续,0,0,1770538376279,辽宁,5263804409840334,,1094949964,clocknet,m,https://m.weibo.cn/u/1094949964?launchid=10000360-page_H5,"https://tvax1.sinaimg.cn/crop.0.0.870.870.180/41439c4cly8hadwhfwbugj20o60o60te.jpg?KID=imgbed,tva&Expires=1770549176&ssig=KAV79qBy9Q"
5263804234989725,1770500988,2026-02-07 21:49:48+08:00,QqKcsnZSB,不续了，商品的品质下降，特别是牛排类，跟刚刚开的时候没法比，现在的质量太次了,0,0,1770538376280,广东,5263804234989725,,1772417500,0-0霄,m,https://m.weibo.cn/u/1772417500?launchid=10000360-page_H5,"https://tva2.sinaimg.cn/crop.0.0.200.200.180/69a4f1dcjw8e6qabgbea3j205k05k743.jpg?KID=imgbed,tva&Expires=1770549176&ssig=QBQYTYOBYG"
5263803885291011,1770500906,2026-02-07 21:48:26+08:00,QqKcsnZSB,没多大意思,0,0,1770538376282,江苏,5263803885291011,,3237663444,梅子_12772,f,https://m.weibo.cn/u/3237663444?launchid=10000360-page_H5,"https://tvax2.sinaimg.cn/crop.0.0.888.888.180/c0fad2d4ly8fwcn79q0fwj20oo0oo42l.jpg?KID=imgbed,tva&Expires=1770549176&ssig=ugom4L0siK"
5263803513052000,1770500817,2026-02-07 21:46:57+08:00,QqKcsnZSB,续好了,0,0,1770538376283,浙江,5263803513052000,,7335382070,著名天才小学生,f,https://m.weibo.cn/u/7335382070?launchid=10000360-page_H5,"https://tvax4.sinaimg.cn/crop.0.0.989.989.180/0080qvY2ly8h5fcphxr3kj30rh0rhmxv.jpg?KID=imgbed,tva&Expires=1770549176&ssig=mB4aFDEIQf"
5263801580523058,1770500356,2026-02-07 21:39:16+08:00,QqKcsnZSB,请喝奶茶,0,0,1770538376284,山西,5263801580523058,https://wx3.sinaimg.cn/large/77765ee5ly1ia2cddg6plj20pc137grx.jpg,2004246245,鱿鱼M很happy,f,https://m.weibo.cn/u/2004246245?launchid=10000360-page_H5,"https://tva2.sinaimg.cn/crop.0.0.599.599.180/77765ee5jw1ehxbypuu62j20go0goq4l.jpg?KID=imgbed,tva&Expires=1770549176&ssig=4JWSzX9NVP"
5263800043309794,1770499990,2026-02-07 21:33:10+08:00,QqKcsnZSB,,0,0,1770538376285,湖南,5263800043309794,,3160289092,YOOZYEE,f,https://m.weibo.cn/u/3160289092?launchid=10000360-page_H5,"https://tvax3.sinaimg.cn/crop.0.0.1080.1080.180/bc5e2f44ly8hqzoopmj1uj20u00u0dls.jpg?KID=imgbed,tva&Expires=1770549176&ssig=7xheOrfaur"
5263799839887734,1770499941,2026-02-07 21:32:21+08:00,QqKcsnZSB,之前到期就没续了,0,0,1770538376287,广东,5263799839887734,,1443153380,27度的COCO,f,https://m.weibo.cn/u/1443153380?launchid=10000360-page_H5,"https://tvax2.sinaimg.cn/crop.0.0.500.500.180/5604c5e4ly8hxvk26wy0ej20dw0dwabb.jpg?KID=imgbed,tva&Expires=1770549176&ssig=4ziPLyFzWb"
5263799797158937,1770499931,2026-02-07 21:32:11+08:00,QqKcsnZSB,@肯徳鸡真好吃,0,0,1770538376288,上海,5263799797158937,,3175785645,小柴研究员,f,https://m.weibo.cn/u/3175785645?launchid=10000360-page_H5,"https://tvax4.sinaimg.cn/crop.0.0.755.755.180/bd4aa4adly8gzu973c17gj20kz0kz75k.jpg?KID=imgbed,tva&Expires=1770549176&ssig=05j5LlM%2FFW"
5263798459960077,1770499612,2026-02-07 21:26:52+08:00,QqKcsnZSB,续呀难道卖成本一百买3000的羽绒服吗,0,0,1770538376290,浙江,5263798459960077,,6040462350,绵桃美青,f,https://m.weibo.cn/u/6040462350?launchid=10000360-page_H5,"https://tvax2.sinaimg.cn/crop.0.0.1080.1080.180/006ANac6ly8hrsu802xa3j30u00u0tdo.jpg?KID=imgbed,tva&Expires=1770549176&ssig=aWMmLAyQxA"
5263798357461464,1770499588,2026-02-07 21:26:28+08:00,QqKcsnZSB,,0,0,1770538376291,重庆,5263798357461464,,2344098613,叶拖拖呀,f,https://m.weibo.cn/u/2344098613?launchid=10000360-page_H5,"https://tvax4.sinaimg.cn/crop.0.0.1080.1080.180/8bb81b35ly8i9pk5ln41mj20u00u0whe.jpg?KID=imgbed,tva&Expires=1770549176&ssig=Pc5vIPhLtb"
5263798193883171,1770499549,2026-02-07 21:25:49+08:00,QqKcsnZSB,499羽绒服189的成本，这到底是黑还是夸,0,0,1770538376291,上海,5263798193883171,,7568116652,胖嘟嘟饭店经理,m,https://m.weibo.cn/u/7568116652?launchid=10000360-page_H5,"https://tvax3.sinaimg.cn/crop.0.0.763.763.180/008gb2RCly8i7c24d32gej30l70l73z2.jpg?KID=imgbed,tva&Expires=1770549176&ssig=ev%2FkQW8CwR"
5263797554252926,1770499396,2026-02-07 21:23:16+08:00,QqKcsnZSB,山姆量太大了，ole和aw更好,0,0,1770538376293,北京,5263797554252926,,5818198215,fritzss,m,https://m.weibo.cn/u/5818198215?launchid=10000360-page_H5,"https://tvax1.sinaimg.cn/crop.0.0.996.996.180/006lKz8Hly8fz36p0c924j30ro0ro76g.jpg?KID=imgbed,tva&Expires=1770549176&ssig=S5txUHuOYy"
5263797463815333,1770499375,2026-02-07 21:22:55+08:00,QqKcsnZSB,什么意思？,0,0,1770538376294,江苏,5263797463815333,,2146470445,fly百分百哦,m,https://m.weibo.cn/u/2146470445?launchid=10000360-page_H5,"https://tvax4.sinaimg.cn/crop.46.127.211.211.180/7ff08a2dly8fkb5s086ccj208b0akq3k.jpg?KID=imgbed,tva&Expires=1770549176&ssig=Cz4rNrujLX"
5263797239678324,1770499320,2026-02-07 21:22:00+08:00,QqKcsnZSB,,0,0,1770538409721,广东,5263797239678324,,7853520869,与4ever,m,https://m.weibo.cn/u/7853520869?launchid=10000360-page_H5,"https://tvax1.sinaimg.cn/crop.0.0.1080.1080.180/008zuzxrly8hfwmulx2mjj30u00u077f.jpg?KID=imgbed,tva&Expires=1770549209&ssig=B3%2BPm2A5ZN"
5263797013189542,1770499267,2026-02-07 21:21:07+08:00,QqKcsnZSB,别问了，去看看这几天的山姆,0,0,1770538409723,福建,5263797013189542,,5827664451,哈妮家帝萌王女士,m,https://m.weibo.cn/u/5827664451?launchid=10000360-page_H5,"https://tva1.sinaimg.cn/crop.0.2.750.750.180/006mohJVjw8f9e6znnzaxj30ku0ky3yw.jpg?KID=imgbed,tva&Expires=1770549209&ssig=ovZ3o9l4rh"
5263796453247499,1770499134,2026-02-07 21:18:54+08:00,QqKcsnZSB,当然不续，永远支持国产,0,0,1770538409725,马来西亚,5263796453247499,,2214002981,NOTHINGREALLYMATTERS-19,m,https://m.weibo.cn/u/2214002981?launchid=10000360-page_H5,"https://tvax4.sinaimg.cn/crop.0.0.1080.1080.180/83f70125ly8gqesxplz3gj20u00u0tb5.jpg?KID=imgbed,tva&Expires=1770549209&ssig=cSYt%2Fvne%2B5"
5263796168032350,1770499065,2026-02-07 21:17:45+08:00,QqKcsnZSB,卓越刚续费 人真的希望少一点周末节假日排队进场,0,0,1770538409725,江苏,5263796168032350,,1853158377,亿颗大头,m,https://m.weibo.cn/u/1853158377?launchid=10000360-page_H5,"https://tva1.sinaimg.cn/crop.0.0.512.512.180/6e74f3e9jw8f1vfxq47qmj20e80e8mxu.jpg?KID=imgbed,tva&Expires=1770549209&ssig=NQm5eqqF1o"
5263795935248579,1770499009,2026-02-07 21:16:49+08:00,QqKcsnZSB,没去过,0,0,1770538409727,江苏,5263795935248579,,6041444954,翁九万麻麻,m,https://m.weibo.cn/u/6041444954?launchid=10000360-page_H5,"https://tvax1.sinaimg.cn/crop.0.0.1080.1080.180/006ARhOyly8i5zguhrgh1j30u00u0dig.jpg?KID=imgbed,tva&Expires=1770549209&ssig=5bbgdOAzj%2F"
5263795804178394,1770498979,2026-02-07 21:16:19+08:00,QqKcsnZSB,虽然但是  年前还是排起了长队,0,0,1770538409729,福建,5263795804178394,,6298351942,天涯海角与君随,f,https://m.weibo.cn/u/6298351942?launchid=10000360-page_H5,"https://tvax1.sinaimg.cn/crop.0.0.1328.1328.180/006Sff3Ely8fnpog29kwyj310w10wgpv.jpg?KID=imgbed,tva&Expires=1770549209&ssig=my1s0yEvyV"
5263795732880330,1770498962,2026-02-07 21:16:02+08:00,QqKcsnZSB,嘴巴说不要 身体很诚实,0,0,1770538409730,上海,5263795732880330,,1864177534,Nossweet,f,https://m.weibo.cn/u/1864177534?launchid=10000360-page_H5,"https://tvax3.sinaimg.cn/crop.0.0.600.600.180/6f1d177ely8h9khu1cuwlj20go0go74o.jpg?KID=imgbed,tva&Expires=1770549209&ssig=pfvzXppPNU"
5263795402312169,1770498883,2026-02-07 21:14:43+08:00,QqKcsnZSB,哈哈哈哈，外面的一两千的羽绒服成本又是多少呢 起码山姆的羽绒服便宜暖和,0,0,1770538409731,江苏,5263795402312169,,5590865779,小儿-多动症,f,https://m.weibo.cn/u/5590865779?launchid=10000360-page_H5,"https://tvax4.sinaimg.cn/crop.0.0.512.512.180/0066mHAvly8gd9h8npbx1j30e80e8aad.jpg?KID=imgbed,tva&Expires=1770549209&ssig=dTZ0RJxCWZ"
5263795313184927,1770498862,2026-02-07 21:14:22+08:00,QqKcsnZSB,一直山姆买奶粉，别人家不放心，今年不续了是因为娃三岁了，开始喝鲜奶，另外基本也吃过来了，先不续了，喜欢山姆配送很好，不用去东西来了就好,0,0,1770538409733,天津,5263795313184927,,7796496257,是可爱的小兔兔,f,https://m.weibo.cn/u/7796496257?launchid=10000360-page_H5,"https://tvax4.sinaimg.cn/crop.1.0.1078.1078.180/008vDiPDly8hfevkji1mgj30u00ty787.jpg?KID=imgbed,tva&Expires=1770549209&ssig=a9uiLih9bV"
5263795200460971,1770498835,2026-02-07 21:13:55+08:00,QqKcsnZSB,其他品牌149成本的羽绒服要卖多少钱,0,0,1770538409734,重庆,5263795200460971,,5077892444,古德里安大锤,f,https://m.weibo.cn/u/5077892444?launchid=10000360-page_H5,"https://tvax2.sinaimg.cn/crop.0.0.512.512.180/005xEjN2ly8fwc6mkz59sj30e80e8aap.jpg?KID=imgbed,tva&Expires=1770549209&ssig=oIK1WcXHDE"
5263794651534310,1770498704,2026-02-07 21:11:44+08:00,QqKcsnZSB,咋今天刚办的新卡,0,0,1770538409734,山东,5263794651534310,,6097722126,东方胜胜yeah,f,https://m.weibo.cn/u/6097722126?launchid=10000360-page_H5,"https://tvax2.sinaimg.cn/crop.0.0.1080.1080.180/006EFq4Sly8heuc2vhoxoj30u00u0tbc.jpg?KID=imgbed,tva&Expires=1770549209&ssig=XL2cgTJ%2BnE"
5263794410621680,1770498647,2026-02-07 21:10:47+08:00,QqKcsnZSB,其他不说，羽绒成本186卖499贵？，卖大几千的大把呢,0,0,1770538409736,广东,5263794410621680,,1706614550,LJJ599,m,https://m.weibo.cn/u/1706614550?launchid=10000360-page_H5,"https://tvax4.sinaimg.cn/crop.0.6.750.750.180/65b8df16ly8feoc5up7scj20ku0l7t9o.jpg?KID=imgbed,tva&Expires=1770549209&ssig=V%2BRG0x660d"
5263793988834371,1770498546,2026-02-07 21:09:06+08:00,QqKcsnZSB,不会续费了柠檬已经变少了并且变苦了很多水果质量都下降了没意思,0,0,1770538409738,北京,5263793988834371,,1604127331,降临摄影,f,https://m.weibo.cn/u/1604127331?launchid=10000360-page_H5,"https://tvax1.sinaimg.cn/crop.0.0.828.828.180/5f9d0a63ly8hib0kwth6rj20n00n075o.jpg?KID=imgbed,tva&Expires=1770549209&ssig=%2F3mQyN4cnW"
5263793808480211,1770498503,2026-02-07 21:08:23+08:00,QqKcsnZSB,你们都别续，太难排队了,0,0,1770538409740,重庆,5263793808480211,,5992589474,超超超超chill,f,https://m.weibo.cn/u/5992589474?launchid=10000360-page_H5,"https://tvax1.sinaimg.cn/crop.0.0.720.720.180/006xyigWly8hvghwqtxwjj30k00k0wf2.jpg?KID=imgbed,tva&Expires=1770549209&ssig=pZsHJs2bf9"
5263793757882305,1770498491,2026-02-07 21:08:11+08:00,QqKcsnZSB,来来来,0,0,1770538409741,福建,5263793757882305,https://wx4.sinaimg.cn/large/008hSNhpgy1ia2bgy7vqxj30u01af0z4.jpg,7593319515,大战飞飞388回合,f,https://m.weibo.cn/u/7593319515?launchid=10000360-page_H5,"https://tvax2.sinaimg.cn/crop.0.0.687.687.180/008hSNhply8hgduktvza6j30j30j3mxy.jpg?KID=imgbed,tva&Expires=1770549209&ssig=xdj23Tt%2Bgt"
5263793575694613,1770498448,2026-02-07 21:07:28+08:00,QqKcsnZSB,不然要我花3000去买成本200的羽绒服么,0,0,1770538409743,天津,5263793575694613,,1336721041,Song_Cloder,m,https://m.weibo.cn/u/1336721041?launchid=10000360-page_H5,"https://tva2.sinaimg.cn/crop.0.0.512.512.180/4facbe91jw8ecq9lonmd2j20e80e8mxl.jpg?KID=imgbed,tva&Expires=1770549209&ssig=vXaaoqZxAw"
5263793481061012,1770498425,2026-02-07 21:07:05+08:00,QqKcsnZSB,快来参与30亿的大项目,0,0,1770538409744,福建,5263793481061012,https://wx2.sinaimg.cn/large/008hSNhpgy1ia2bfn7p89j30u01af0z4.jpg,7593319515,大战飞飞388回合,f,https://m.weibo.cn/u/7593319515?launchid=10000360-page_H5,"https://tvax2.sinaimg.cn/crop.0.0.687.687.180/008hSNhply8hgduktvza6j30j30j3mxy.jpg?KID=imgbed,tva&Expires=1770549209&ssig=xdj23Tt%2Bgt"
5263793343172810,1770498392,2026-02-07 21:06:32+08:00,QqKcsnZSB,9月到期就没续了。,0,0,1770538409746,湖南,5263793343172810,,6215599512,Little-Jabby,f,https://m.weibo.cn/u/6215599512?launchid=10000360-page_H5,"https://tvax3.sinaimg.cn/crop.0.0.1002.1002.180/006ME1n2ly8g9q8y38b5xj30ru0ru760.jpg?KID=imgbed,tva&Expires=1770549209&ssig=YJSX2%2FF0qY"
5263793232809511,1770498366,2026-02-07 21:06:06+08:00,QqKcsnZSB,今年没续买什么从🐠代下单,0,0,1770538409747,北京,5263793232809511,,6898911348,楠将行,f,https://m.weibo.cn/u/6898911348?launchid=10000360-page_H5,"https://tvax2.sinaimg.cn/crop.0.0.1080.1080.180/007wT7ZGly8gyzfhtcvg7j30u00u0n0n.jpg?KID=imgbed,tva&Expires=1770549209&ssig=v2YcAvcfV6"
5263792960439129,1770498300,2026-02-07 21:05:00+08:00,QqKcsnZSB,不续了，没钱,0,0,1770538409749,广东,5263792960439129,,1815380810,云岫Elaine,f,https://m.weibo.cn/u/1815380810?launchid=10000360-page_H5,"https://tvax3.sinaimg.cn/crop.0.0.1002.1002.180/6c34834aly8glvt1caqnij20ru0ruwie.jpg?KID=imgbed,tva&Expires=1770549209&ssig=rMe2N7V%2FqK"
5263767331931523,1770492191,2026-02-07 19:23:11+08:00,QqKcsnZSB,山姆你还续卡吗？投票→网页链接,22,13,1770538533153,,5263767331931523,,7399555658,红星资本局,f,https://m.weibo.cn/u/7399555658?launchid=10000360-page_H5,"https://tvax1.sinaimg.cn/crop.0.0.640.640.180/0084LMrUly8h8viewardpj30hs0hst9e.jpg?KID=imgbed,tva&Expires=1770549333&ssig=%2Fxu9pBg8jD"
5263750619464587,1770488206,2026-02-07 18:16:46+08:00,QqKcsnZSB,山姆你还续卡吗？,20,10,1770538533155,,5263750619464587,,7399555658,红星资本局,f,https://m.weibo.cn/u/7399555658?launchid=10000360-page_H5,"https://tvax1.sinaimg.cn/crop.0.0.640.640.180/0084LMrUly8h8viewardpj30hs0hst9e.jpg?KID=imgbed,tva&Expires=1770549333&ssig=%2Fxu9pBg8jD"
5263747254062731,1770487404,2026-02-07 18:03:24+08:00,QqKcsnZSB,,3,6,1770538533156,,5263747254062731,,7399555658,红星资本局,f,https://m.weibo.cn/u/7399555658?launchid=10000360-page_H5,"https://tvax1.sinaimg.cn/crop.0.0.640.640.180/0084LMrUly8h8viewardpj30hs0hst9e.jpg?KID=imgbed,tva&Expires=1770549333&ssig=%2Fxu9pBg8jD"
5263774087119811,1770493800,2026-02-07 19:50:00+08:00,QqKcsnZSB,扫这个码bug一次21张无门槛！，不仅限于奶茶，还可以点吃的,8,380,1770538533157,河南,5263774087119811,https://wx3.sinaimg.cn/large/007ZBz5Yly1ia297r6jzpj30tw1a9q95.jpg,7323239366,巷子里的猫咪熊,m,https://m.weibo.cn/u/7323239366?launchid=10000360-page_H5,"https://tvax3.sinaimg.cn/crop.0.0.500.500.180/007ZBz5Yly8i5o4ez1enrj30dw0dwwfp.jpg?KID=imgbed,tva&Expires=1770549333&ssig=CCPnhYO6s1"
5263767727508105,1770492285,2026-02-07 19:24:45+08:00,QqKcsnZSB,续，而且会一直续，国内同行衬托的好。,18,270,1770538533159,湖北,5263767727508105,,1767106824,方毅Evan,m,https://m.weibo.cn/u/1767106824?launchid=10000360-page_H5,"https://tvax1.sinaimg.cn/crop.0.22.1125.1125.180/6953e908ly8fx82szysmyj20v90wh0w7.jpg?KID=imgbed,tva&Expires=1770549333&ssig=oxRwiMl9Eg"
5263771656521235,1770493222,2026-02-07 19:40:22+08:00,QqKcsnZSB,建议大家都别续了，这样我去的时候人能少点,11,148,1770538533161,北京,5263771656521235,,3946261123,3zee,m,https://m.weibo.cn/u/3946261123?launchid=10000360-page_H5,"https://tvax3.sinaimg.cn/crop.0.0.1080.1080.180/eb372a83ly8h92pwzdbxtj20u00u00tc.jpg?KID=imgbed,tva&Expires=1770549333&ssig=%2Bf3NR3A79v"
5263754384380952,1770489104,2026-02-07 18:31:44+08:00,QqKcsnZSB,都没有，续啥,2,35,1770538533162,四川,5263754384380952,,3648023200,大佬财说,m,https://m.weibo.cn/u/3648023200?launchid=10000360-page_H5,"https://tvax4.sinaimg.cn/crop.0.0.640.640.180/d9706aa0ly8hnzsasuzh5j20hs0hsdgx.jpg?KID=imgbed,tva&Expires=1770549333&ssig=0EOK0pliJ3"
5263764255675204,1770491457,2026-02-07 19:10:57+08:00,QqKcsnZSB,你们都别续了 我续 就不挤了,0,50,1770538533162,四川,5263764255675204,,1953943661,大小姐酢乙女爱,f,https://m.weibo.cn/u/1953943661?launchid=10000360-page_H5,"https://tvax1.sinaimg.cn/crop.0.0.828.828.180/7476d06dly8gzt2zduf93j20n00n075s.jpg?KID=imgbed,tva&Expires=1770549333&ssig=%2BbYb2kCHRw"
5263761183342623,1770490724,2026-02-07 18:58:44+08:00,QqKcsnZSB,当然续,0,35,1770538533164,北京,5263761183342623,,3871516343,For_FreedomP,m,https://m.weibo.cn/u/3871516343?launchid=10000360-page_H5,"https://tvax4.sinaimg.cn/crop.0.0.480.480.180/e6c2a6b7ly8h0eiq2t3ltj20dc0dc74m.jpg?KID=imgbed,tva&Expires=1770549333&ssig=UYlPGdKcU3"
5263776433837606,1770494361,2026-02-07 19:59:21+08:00,QqKcsnZSB,不明白为什么要搞会员费，真的是会赚,8,13,1770538533165,广西,5263776433837606,,3930351560,Lemonyann,f,https://m.weibo.cn/u/3930351560?launchid=10000360-page_H5,"https://tvax3.sinaimg.cn/crop.0.0.1080.1080.180/ea4467c8ly8i7ppuj6fa1j20u00u0juo.jpg?KID=imgbed,tva&Expires=1770549333&ssig=J0BMvOMHyb"
5263795880461317,1770498996,2026-02-07 21:16:36+08:00,QqKcsnZSB,去过两次山姆，都是蹭卡去的，其实我不理解，山姆到底好在哪儿？东西是真的更好吗？价格呢？,3,2,1770538533166,上海,5263795880461317,,2281454430,大肥皂,m,https://m.weibo.cn/u/2281454430?launchid=10000360-page_H5,"https://tvax4.sinaimg.cn/crop.0.0.512.512.180/87fc3b5ely8hgackdlrbej20e80e8aad.jpg?KID=imgbed,tva&Expires=1770549333&ssig=l%2FddqgDbe8"
5263770330860892,1770492906,2026-02-07 19:35:06+08:00,QqKcsnZSB,#做空计划！,0,4,1770538533167,浙江,5263770330860892,,7741972343,NewEra2025_,m,https://m.weibo.cn/u/7741972343?launchid=10000360-page_H5,"https://tvax3.sinaimg.cn/crop.0.0.1080.1080.180/008rWwFFly8i6jtsz0ladj30u00u0dg2.jpg?KID=imgbed,tva&Expires=1770549333&ssig=qo5o7%2FX6U4"
5263788357981304,1770497204,2026-02-07 20:46:44+08:00,QqKcsnZSB,12月过期后就没续，产品越来越差，最后里面80购物金拿不出来，必须续680才能拿出来。没时间去店里先不处理了,0,2,1770538533169,浙江,5263788357981304,,1504244710,Yvonne的way,f,https://m.weibo.cn/u/1504244710?launchid=10000360-page_H5,"https://tva3.sinaimg.cn/crop.0.0.180.180.180/59a8f3e6jw1e8qgp5bmzyj2050050aa8.jpg?KID=imgbed,tva&Expires=1770549333&ssig=RwUVm8%2ByU6"
5263782621218071,1770495835,2026-02-07 20:23:55+08:00,QqKcsnZSB,我感觉大家会续,3,6,1770538533170,北京,5263782621218071,https://wx3.sinaimg.cn/large/005RO5pxly1ia2a6xs4zxj30u0140agt.jpg,5375747171,冯淳566,m,https://m.weibo.cn/u/5375747171?launchid=10000360-page_H5,"https://tvax4.sinaimg.cn/crop.0.0.318.318.180/005RO5pxly8hjnrqf1l1xj308u08udg3.jpg?KID=imgbed,tva&Expires=1770549333&ssig=ekdLnDRBof"
5263778455226384,1770494843,2026-02-07 20:07:23+08:00,QqKcsnZSB,买了山姆的醉蟹，家里人体温世界飙升到三十九度多,0,5,1770538533171,北京,5263778455226384,,3948813016,陈晨你好,f,https://m.weibo.cn/u/3948813016?launchid=10000360-page_H5,"https://tvax4.sinaimg.cn/crop.0.0.1080.1080.180/eb5e1ad8ly8i7uct4t6dyj20u00u0wfh.jpg?KID=imgbed,tva&Expires=1770549333&ssig=cHX0%2Fd%2BYz6"
5263772910621362,1770493521,2026-02-07 19:45:21+08:00,QqKcsnZSB,没去过,0,1,1770538533172,广东,5263772910621362,,7427138216,JudyH9988,f,https://m.weibo.cn/u/7427138216?launchid=10000360-page_H5,"https://tvax3.sinaimg.cn/crop.0.0.996.996.180/0086DvVSly8gdeirk1z0qj30ro0rogo4.jpg?KID=imgbed,tva&Expires=1770549333&ssig=PMy9ER1NGp"
5263772111341898,1770493330,2026-02-07 19:42:10+08:00,QqKcsnZSB,没办过,0,2,1770538533173,江苏,5263772111341898,,1654366920,祝我富贵且安康,f,https://m.weibo.cn/u/1654366920?launchid=10000360-page_H5,"https://tvax3.sinaimg.cn/crop.0.0.1080.1080.180/629ba2c8ly8he4zfjh0syj20u00u077t.jpg?KID=imgbed,tva&Expires=1770549333&ssig=U%2Fwc2xQM%2BX"
5263965661167962,1770539475,2026-02-08 08:31:15+08:00,QqKcsnZSB,强烈要求取消会员卡！让每个人都能进山姆！,0,0,1770538533174,天津,5263965661167962,,7793748853,意阑珊2022,m,https://m.weibo.cn/u/7793748853?launchid=10000360-page_H5,"https://tvax1.sinaimg.cn/crop.0.1.1078.1078.180/008vrM6Fly8i77an6odlzj30ty0u0ac0.jpg?KID=imgbed,tva&Expires=1770549333&ssig=dgSKw0fP2i"
5263782257099328,1770495748,2026-02-07 20:22:28+08:00,QqKcsnZSB,不续了。没有提拉米苏了，,1,2,1770538533176,浙江,5263782257099328,,1807684810,DJ小皮,m,https://m.weibo.cn/u/1807684810?launchid=10000360-page_H5,"https://tvax1.sinaimg.cn/crop.0.0.512.512.180/6bbf14caly8hxuiz1vv6tj20e80e8t8y.jpg?KID=imgbed,tva&Expires=1770549333&ssig=o5fyl7JyaH"
5263780348693745,1770495294,2026-02-07 20:14:54+08:00,QqKcsnZSB,不如麦德龙,0,0,1770538533178,江苏,5263780348693745,,7513242062,Sunny_Cat0303,m,https://m.weibo.cn/u/7513242062?launchid=10000360-page_H5,"https://tvax1.sinaimg.cn/crop.0.0.132.132.180/008csNtAly4gjtf81ubugj303o03oa9v.jpg?KID=imgbed,tva&Expires=1770549333&ssig=93e1LsmciL"
5263753300152493,1770488845,2026-02-07 18:27:25+08:00,QqKcsnZSB,不续了,0,5,1770538543287,上海,5263753300152493,,5227860109,像我这样的人Amber,f,https://m.weibo.cn/u/5227860109?launchid=10000360-page_H5,"https://tva1.sinaimg.cn/crop.0.5.640.640.180/005HNzeljw8f4ukqngzb7j30hs0i30ta.jpg?KID=imgbed,tva&Expires=1770549343&ssig=zpLxGMdZmF"
5263751435520742,1770488401,2026-02-07 18:20:01+08:00,QqKcsnZSB,难道是真的？😂,0,0,1770538543290,辽宁,5263751435520742,,6981423657,一人君C,m,https://m.weibo.cn/u/6981423657?launchid=10000360-page_H5,"https://tvax1.sinaimg.cn/default/images/default_avatar_male_180.gif?KID=imgbed,tva&Expires=1770549343&ssig=AiDaRJZCQE"
5263777694226261,1770494661,2026-02-07 20:04:21+08:00,QqKcsnZSB,186卖499感觉没有高太多 或者可能市场 好多成本100多的卖上千的都是常态,2,5,1770538543293,浙江,5263777694226261,,7821681980,努力加油嘿嘿,f,https://m.weibo.cn/u/7821681980?launchid=10000360-page_H5,"https://tvax4.sinaimg.cn/crop.0.0.1080.1080.180/008xkYMYly8i64z6i7nqhj30u00u0n0v.jpg?KID=imgbed,tva&Expires=1770549343&ssig=I1q3dFj3%2Bf"
5263776073122765,1770494275,2026-02-07 19:57:55+08:00,QqKcsnZSB,有些人慢慢的就忘了初心，真心希望食品能够保证，我的会员目前在考虑中,0,1,1770538543295,上海,5263776073122765,,3434415032,营养医师郝志军,m,https://m.weibo.cn/u/3434415032?launchid=10000360-page_H5,"https://tvax1.sinaimg.cn/crop.0.0.384.384.180/ccb503b8ly8gxsrde6pvbj20ao0aodg2.jpg?KID=imgbed,tva&Expires=1770549343&ssig=O74zxSvMMi"
5263775941003171,1770494243,2026-02-07 19:57:23+08:00,QqKcsnZSB,就是吃到，有些人也不会放弃,1,6,1770538543297,广东,5263775941003171,,6317784546,会修火箭的脏话家,m,https://m.weibo.cn/u/6317784546?launchid=10000360-page_H5,"https://tvax2.sinaimg.cn/crop.0.0.996.996.180/006TyMmKly8gdx4pq8pdgj30ro0rotaw.jpg?KID=imgbed,tva&Expires=1770549343&ssig=9L6ge%2BJLkL"
5263764821902808,1770491592,2026-02-07 19:13:12+08:00,QqKcsnZSB,不需要了 平替很多 现在生活非常便利 没必要囤货  打开山姆完全没有要买的,0,2,1770538543298,江苏,5263764821902808,,1614862484,王小园-,f,https://m.weibo.cn/u/1614862484?launchid=10000360-page_H5,"https://tvax3.sinaimg.cn/crop.0.0.1080.1080.180/6040d894ly8hg5e5fms0hj20u00u00yt.jpg?KID=imgbed,tva&Expires=1770549343&ssig=%2FVghXn3Djm"
5263762171104175,1770490960,2026-02-07 19:02:40+08:00,QqKcsnZSB,需要就续，不需要就不续，,0,4,1770538543300,吉林,5263762171104175,,2328776027,Youngblood666,m,https://m.weibo.cn/u/2328776027?launchid=10000360-page_H5,"https://tva4.sinaimg.cn/crop.0.0.720.720.180/8ace4d5bjw8eejxph4savj20k00k0gmx.jpg?KID=imgbed,tva&Expires=1770549343&ssig=NcaN2Q3lqJ"
5263807234705310,1770501703,2026-02-07 22:01:43+08:00,QqKcsnZSB,不续了 现在觉得麦德龙品控更好,0,0,1770538543302,上海,5263807234705310,,3664289050,Lynnn见过权志龙版,f,https://m.weibo.cn/u/3664289050?launchid=10000360-page_H5,"https://tvax2.sinaimg.cn/crop.0.0.1024.1024.180/da689d1aly8i8dlvit9oej20sg0sgjt9.jpg?KID=imgbed,tva&Expires=1770549343&ssig=HcNIgJGN6g"
5263804771865778,1770501117,2026-02-07 21:51:57+08:00,QqKcsnZSB,又来了每年黑几次,0,1,1770538543304,广东,5263804771865778,,2236237250,小红要长蘑菇了,f,https://m.weibo.cn/u/2236237250?launchid=10000360-page_H5,"https://tvax3.sinaimg.cn/crop.0.0.1080.1080.180/854a45c2ly8i7xhf3ogwkj20u00u075a.jpg?KID=imgbed,tva&Expires=1770549343&ssig=w%2BTGH6CjED"
5263804472496302,1770501046,2026-02-07 21:50:46+08:00,QqKcsnZSB,没什么用,0,0,1770538543305,河北,5263804472496302,,2641176347,Jx_Hx1990,f,https://m.weibo.cn/u/2641176347?launchid=10000360-page_H5,"https://tvax1.sinaimg.cn/crop.0.0.1008.1008.180/9d6d271bly8gmho19m6j0j20s00s0q5n.jpg?KID=imgbed,tva&Expires=1770549343&ssig=YkCBKkg1Zo"
5263804395161823,1770501027,2026-02-07 21:50:27+08:00,QqKcsnZSB,不续 很多东西都不一样了 换老板后,0,0,1770538543306,广东,5263804395161823,,3911734985,我不打算盤,f,https://m.weibo.cn/u/3911734985?launchid=10000360-page_H5,"https://tvax4.sinaimg.cn/crop.0.0.981.981.180/e92856c9ly8i9ni913pwvj20r90r975y.jpg?KID=imgbed,tva&Expires=1770549343&ssig=3bdw1ziiyr"
5263794721786895,1770498721,2026-02-07 21:12:01+08:00,QqKcsnZSB,前几天刚到期没续，确实没有刚开始那种感觉了，东西也就那样,0,0,1770538543308,广东,5263794721786895,,1801710007,霓虹饭,f,https://m.weibo.cn/u/1801710007?launchid=10000360-page_H5,"https://tvax2.sinaimg.cn/crop.0.0.482.482.180/6b63e9b7ly8h3mk0flwlyj20de0deab3.jpg?KID=imgbed,tva&Expires=1770549343&ssig=xPlzZ%2B3Xlj"
5263794250977077,1770498609,2026-02-07 21:10:09+08:00,QqKcsnZSB,续卡了，没办法，没有平替的，国内超市不争气,0,0,1770538543309,浙江,5263794250977077,,6585349465,浅夜-轻风,m,https://m.weibo.cn/u/6585349465?launchid=10000360-page_H5,"https://tvax3.sinaimg.cn/crop.0.0.1080.1080.180/007bFsdXly8hrqqegqaeaj30u00u076w.jpg?KID=imgbed,tva&Expires=1770549343&ssig=yEcqeu5MyI"
5263790704429410,1770497763,2026-02-07 20:56:03+08:00,QqKcsnZSB,186成本，你不会以为羽绒服就只有羽绒成本吧？,0,0,1770538543310,上海,5263790704429410,,3044985711,一起去晒太阳---,f,https://m.weibo.cn/u/3044985711?launchid=10000360-page_H5,"https://tvax1.sinaimg.cn/crop.0.0.512.512.180/b57ecb6fly8i2h9gntnk4j20e80e8jsb.jpg?KID=imgbed,tva&Expires=1770549343&ssig=9Oz%2B7xQGQs"
5263789041910712,1770497366,2026-02-07 20:49:26+08:00,QqKcsnZSB,嚯，也算见证热乎的商战了,0,1,1770538543312,天津,5263789041910712,https://wx2.sinaimg.cn/large/007P5nZ5ly1i9zwa142edg306n06n0sv.gif,3915133889,老夫宁愿吃苦瓜也不吃辣,f,https://m.weibo.cn/u/3915133889?launchid=10000360-page_H5,"https://tvax4.sinaimg.cn/crop.0.0.1080.1080.180/e95c33c1ly8hgu6gepaxyj20u00u00th.jpg?KID=imgbed,tva&Expires=1770549343&ssig=0kpkpOWb%2FZ"
5263788798383046,1770497309,2026-02-07 20:48:29+08:00,QqKcsnZSB,刚刷到今天早上还没开门沈阳山姆的人流,0,0,1770538543314,四川,5263788798383046,https://wx2.sinaimg.cn/large/89f4db50gy1ia2aw4l390j21hc0u0qdy.jpg,2314525520,6xkx11,f,https://m.weibo.cn/u/2314525520?launchid=10000360-page_H5,"https://tvax3.sinaimg.cn/crop.0.0.1024.1024.180/89f4db50ly8i950qnt7sgj20sg0sg44c.jpg?KID=imgbed,tva&Expires=1770549343&ssig=%2B1f%2FGZXBfy"
5263777823198925,1770494692,2026-02-07 20:04:52+08:00,QqKcsnZSB,不续了,0,0,1770538543315,上海,5263777823198925,,7333281681,KingKong和熊猫,f,https://m.weibo.cn/u/7333281681?launchid=10000360-page_H5,"https://tvax2.sinaimg.cn/crop.0.0.667.667.180/0080hHyNly8hl8an9e8hnj30ij0ij0ud.jpg?KID=imgbed,tva&Expires=1770549343&ssig=dX%2BGXDBg4%2F"
5263776083349540,1770494277,2026-02-07 19:57:57+08:00,QqKcsnZSB,续，为什么不续，我还是卓越会员,0,1,1770538543316,广东,5263776083349540,,1936801290,对你竖起了大母紫,f,https://m.weibo.cn/u/1936801290?launchid=10000360-page_H5,"https://tvax3.sinaimg.cn/crop.0.0.977.977.180/73713e0aly8i66k0qls77j20r50r5my8.jpg?KID=imgbed,tva&Expires=1770549343&ssig=Q7Y7z4vW1z"
5263771452835116,1770493173,2026-02-07 19:39:33+08:00,QqKcsnZSB,肯定不续了,0,0,1770538543317,北京,5263771452835116,,1708494091,香草维什戴尔,m,https://m.weibo.cn/u/1708494091?launchid=10000360-page_H5,"https://tvax4.sinaimg.cn/crop.0.0.562.562.180/65d58d0bly8i1ag7q1q3dj20fm0fmgme.jpg?KID=imgbed,tva&Expires=1770549343&ssig=9r5qbv3tkS"
5263768407773621,1770492447,2026-02-07 19:27:27+08:00,QqKcsnZSB,查一下那些几千的羽绒服成本多少钱,0,5,1770538543319,安徽,5263768407773621,,6931626056,咬个朋友,m,https://m.weibo.cn/u/6931626056?launchid=10000360-page_H5,"https://tvax1.sinaimg.cn/crop.0.0.682.682.180/007z6oAgly8hf1lie2ejvj30iy0iy3zh.jpg?KID=imgbed,tva&Expires=1770549343&ssig=KH%2FGMt7Flf"
5263790033601945,1770497603,2026-02-07 20:53:23+08:00,QqL6jo38L,刚补完，还有几个，gogogo,1,3,1770539087347,河北,5263790033601945,https://wx4.sinaimg.cn/large/006TpTayly1ia2b1ollj3j30og11tdmg.jpg,6315665746,每日娱闻,f,https://m.weibo.cn/u/6315665746?launchid=10000360-page_H5,"https://tvax4.sinaimg.cn/crop.0.0.699.699.180/006TpTayly8hg4o5apug6j30jf0jf3yz.jpg?KID=imgbed,tva&Expires=1770549887&ssig=HzzstnXONI"
5263784484539828,1770496280,2026-02-07 20:31:20+08:00,QqL6jo38L,图片评论,0,1,1770539087351,北京,5263784484539828,https://wx3.sinaimg.cn/large/3e3bbdb9ly1ia2aerl841j20rd16cahe.jpg,1044102585,OOFSSD,m,https://m.weibo.cn/u/1044102585?launchid=10000360-page_H5,"https://tvax4.sinaimg.cn/crop.0.0.1080.1080.180/3e3bbdb9ly8i9cxsau3w7j20u00u07au.jpg?KID=imgbed,tva&Expires=1770549887&ssig=Ba%2BzCXxSAY"
5263790769967744,1770497779,2026-02-07 20:56:19+08:00,QqL6jo38L,图片评论,0,0,1770539087354,江苏,5263790769967744,https://wx2.sinaimg.cn/large/008ieuo8gy1ia2b4rgf7rj30o911iq9a.jpg,7598490112,twilight2021,m,https://m.weibo.cn/u/7598490112?launchid=10000360-page_H5,"https://tvax4.sinaimg.cn/crop.0.0.512.512.180/008ieuo8ly8hdnnqb7onyj30e80e8aax.jpg?KID=imgbed,tva&Expires=1770549887&ssig=SHaIjTSD2u"
5263785019315639,1770496408,2026-02-07 20:33:28+08:00,QqL6jo38L,图片评论,0,0,1770539087358,重庆,5263785019315639,https://wx3.sinaimg.cn/large/005ZSsSEgy1ia2agy5de0j30qr15d45p.jpg,5495001388,Win580,m,https://m.weibo.cn/u/5495001388?launchid=10000360-page_H5,"https://tvax1.sinaimg.cn/crop.0.0.1002.1002.180/005ZSsSEly8gmwgj2q282j30ru0ruq52.jpg?KID=imgbed,tva&Expires=1770549887&ssig=aNVHGlw2h4"
5263795737597109,1770498963,2026-02-07 21:16:03+08:00,QqL6jo38L,180多成本卖400多还不良心？？看看波司登 乐子,1,1,1770539087362,北京,5263795737597109,,7941778098,bro19sa,m,https://m.weibo.cn/u/7941778098?launchid=10000360-page_H5,"https://tvax4.sinaimg.cn/crop.0.0.512.512.180/008FsTh8ly8hsy190xf4cj30e80e8t9a.jpg?KID=imgbed,tva&Expires=1770549887&ssig=EfYHBYsge9"
5263789646677562,1770497511,2026-02-07 20:51:51+08:00,QqL6jo38L,2月7号新出的码，可以出两张，可以点零食不必非点奶茶，28天有效期。领取之后下单成功的小伙伴截图私信我，可以再领取一张。,0,1,1770539087366,山东,5263789646677562,https://wx1.sinaimg.cn/large/adca054bly1ia2b03zmd3j20u01sy488.jpg,2915697995,k·Audrey,m,https://m.weibo.cn/u/2915697995?launchid=10000360-page_H5,"https://tvax1.sinaimg.cn/crop.0.0.1080.1080.180/adca054bly8g4vqqo3229j20u00u0myk.jpg?KID=imgbed,tva&Expires=1770549887&ssig=PUo%2Fbww9fn"
5263784463830631,1770496275,2026-02-07 20:31:15+08:00,QqL6jo38L,新人来了网页链接,0,0,1770539087369,北京,5263784463830631,,1044102585,OOFSSD,m,https://m.weibo.cn/u/1044102585?launchid=10000360-page_H5,"https://tvax4.sinaimg.cn/crop.0.0.1080.1080.180/3e3bbdb9ly8i9cxsau3w7j20u00u07au.jpg?KID=imgbed,tva&Expires=1770549887&ssig=Ba%2BzCXxSAY"
5263790070563605,1770497611,2026-02-07 20:53:31+08:00,QqL6jo38L,,0,0,1770539112110,河北,5263790033601945,,6315665746,每日娱闻,f,https://m.weibo.cn/u/6315665746?launchid=10000360-page_H5,"https://tvax4.sinaimg.cn/crop.0.0.699.699.180/006TpTayly8hg4o5apug6j30jf0jf3yz.jpg?KID=imgbed,tva&Expires=1770549887&ssig=HzzstnXONI"
5263762619634651,1770491067,2026-02-07 19:04:27+08:00,QqKKI2UQc,胖东来不行？,4,6,1770539129418,山东,5263762619634651,,1808504545,锦鲤闪电哥,m,https://m.weibo.cn/u/1808504545?launchid=10000360-page_H5,"https://tvax3.sinaimg.cn/crop.0.0.1009.1009.180/6bcb96e1ly8htpbnff6h7j20s10s1q6a.jpg?KID=imgbed,tva&Expires=1770549929&ssig=frsjOmsgTE"
5263782319495312,1770495764,2026-02-07 20:22:44+08:00,QqKKI2UQc,当然续卡，我又不是傻子，我们这过年前人最多的超市就是山姆，大家也都不傻，东西能不能放心吃不是你三不五时带节奏就能左右的。地沟油香不香？注水肉香不香？老提山姆因为什么自己心里没点B数嘛？,2,0,1770539129423,辽宁,5263782319495312,,1736795921,小甲咕啦,f,https://m.weibo.cn/u/1736795921?launchid=10000360-page_H5,"https://tvax1.sinaimg.cn/crop.0.0.1080.1080.180/67856711ly8i8rr6vhmi2j20u00u0gmv.jpg?KID=imgbed,tva&Expires=1770549929&ssig=gQoWwotP9C"
5263766778549167,1770492059,2026-02-07 19:20:59+08:00,QqKKI2UQc,购物体验不好就不去了,2,2,1770539129427,黑龙江,5263766778549167,,7093337704,做个快乐的小泡芙,f,https://m.weibo.cn/u/7093337704?launchid=10000360-page_H5,"https://tvax3.sinaimg.cn/crop.0.0.1080.1080.180/007K2VaEly8h2ru32h7ixj30u00u0q6b.jpg?KID=imgbed,tva&Expires=1770549929&ssig=5yd4g56VIU"
5263778593639897,1770494876,2026-02-07 20:07:56+08:00,QqKKI2UQc,算啦，请你喝奶茶,1,2,1770539129431,陕西,5263778593639897,https://wx3.sinaimg.cn/large/774fa9a5ly1ia29qeqoy8j20u01u0dmb.jpg,2001709477,-biu2333,f,https://m.weibo.cn/u/2001709477?launchid=10000360-page_H5,"https://tvax1.sinaimg.cn/crop.0.0.828.828.180/774fa9a5ly8h82inexz8lj20n00n0jsq.jpg?KID=imgbed,tva&Expires=1770549929&ssig=PPuS3MbP32"
5263839868228264,1770509485,2026-02-08 00:11:25+08:00,QqKKI2UQc,郑州今年会开业胖东来，跟山姆，而且相隔不远，短兵相接，这种待遇全国也就郑州有了,1,0,1770539129435,河南,5263839868228264,,2191109603,搞机达人秀,m,https://m.weibo.cn/u/2191109603?launchid=10000360-page_H5,"https://tvax2.sinaimg.cn/crop.0.0.900.900.180/8299ade3ly8hqlwmbfmzdj20p00p0jv9.jpg?KID=imgbed,tva&Expires=1770549929&ssig=yy48CQ1P0E"
5263786535553194,1770496769,2026-02-07 20:39:29+08:00,QqKKI2UQc,没一个能打的,1,0,1770539129440,安徽,5263786535553194,,7823919213,-_-望月怀远-_-,m,https://m.weibo.cn/u/7823919213?launchid=10000360-page_H5,"https://tvax3.sinaimg.cn/crop.0.0.378.378.180/008xumNnly8hbhuy76ozrj30ai0aia9z.jpg?KID=imgbed,tva&Expires=1770549929&ssig=N%2FDL3k27Vq"
5263784772898876,1770496349,2026-02-07 20:32:29+08:00,QqKKI2UQc,我们这边东区的山姆会员店正在建设中,1,0,1770539129444,河南,5263784772898876,,1939950070,黑人XXOOxx,m,https://m.weibo.cn/u/1939950070?launchid=10000360-page_H5,"https://tva2.sinaimg.cn/crop.0.0.180.180.180/73a149f6jw1e8qgp5bmzyj2050050aa8.jpg?KID=imgbed,tva&Expires=1770549929&ssig=Pqqsok3AIJ"
5263782201789489,1770495736,2026-02-07 20:22:16+08:00,QqKKI2UQc,没去过，青菜外其它几乎全网上买,1,0,1770539129448,湖北,5263782201789489,,1459756312,超强的虎纹猫,m,https://m.weibo.cn/u/1459756312?launchid=10000360-page_H5,"https://tva2.sinaimg.cn/crop.0.0.996.996.180/57021d18jw8f8h0m6mpljj20ro0ro75s.jpg?KID=imgbed,tva&Expires=1770549929&ssig=2oVhSHUweH"
5263775706123961,1770494187,2026-02-07 19:56:27+08:00,QqKKI2UQc,最近湖北有政府补贴 可以打八折 不然也不会这么人山人海,1,0,1770539129453,湖北,5263775706123961,,5247613493,YHOrange,f,https://m.weibo.cn/u/5247613493?launchid=10000360-page_H5,"https://tvax3.sinaimg.cn/crop.0.0.1242.1242.180/005J8rZjly8fk6gx364u6j30yi0yidhq.jpg?KID=imgbed,tva&Expires=1770549929&ssig=jx8N1pkhVB"
5263794550079607,1770498679,2026-02-07 21:11:19+08:00,QqKKI2UQc,据说山姆也不赚钱,1,0,1770539129457,上海,5263794550079607,,5489948206,虹驼路梅西,m,https://m.weibo.cn/u/5489948206?launchid=10000360-page_H5,"https://tvax2.sinaimg.cn/crop.0.0.1024.1024.180/005ZxgjIly8i6wouzqddwj30sg0sgwik.jpg?KID=imgbed,tva&Expires=1770549929&ssig=%2FiVWCPqjl9"
5263792222766509,1770498124,2026-02-07 21:02:04+08:00,QqKKI2UQc,山姆的品质还是非常有保障的，买了几年了，一直很满意。,1,0,1770539129462,江西,5263792222766509,,3097847051,恐令晖,f,https://m.weibo.cn/u/3097847051?launchid=10000360-page_H5,"https://tvax1.sinaimg.cn/crop.0.0.996.996.180/b8a5650bly8ff8m9ov9xqj20ro0romyx.jpg?KID=imgbed,tva&Expires=1770549929&ssig=E5zZIkCk96"
5263793467954719,1770498422,2026-02-07 21:07:02+08:00,QqKKI2UQc,关注一下的了,0,1,1770539129466,湖南,5263793467954719,,7214894913,Sariel溪沐雨,f,https://m.weibo.cn/u/7214894913?launchid=10000360-page_H5,"https://tvax3.sinaimg.cn/crop.0.0.1080.1080.180/007SgXKNly8i5gz46xoquj30u00u0juc.jpg?KID=imgbed,tva&Expires=1770549929&ssig=IDNqzuoZmM"
5263826601641777,1770506322,2026-02-07 23:18:42+08:00,QqKKI2UQc,我们这小地方没有这个超市,0,0,1770539129470,河北,5263826601641777,,7733522189,沐之雨秋,f,https://m.weibo.cn/u/7733522189?launchid=10000360-page_H5,"https://tvax1.sinaimg.cn/crop.0.0.1080.1080.180/008rn4oRly8i2ya12dgalj30u00u0go3.jpg?KID=imgbed,tva&Expires=1770549929&ssig=k5zsuJLDCy"
5263818429045301,1770504373,2026-02-07 22:46:13+08:00,QqKKI2UQc,这个也太不可思议了,0,0,1770539129475,辽宁,5263818429045301,,5852153712,数码科技梦工厂,m,https://m.weibo.cn/u/5852153712?launchid=10000360-page_H5,"https://tvax1.sinaimg.cn/crop.0.0.1080.1080.180/006o32w0ly8h6vfuapapmj30u00u0tcy.jpg?KID=imgbed,tva&Expires=1770549929&ssig=fnzzeH7DVQ"
5263794775264326,1770498734,2026-02-07 21:12:14+08:00,QqKKI2UQc,没什么兴趣,0,0,1770539129479,湖北,5263794775264326,,6578846875,小橙子的麻麻2018,f,https://m.weibo.cn/u/6578846875?launchid=10000360-page_H5,"https://tvax4.sinaimg.cn/crop.0.0.1080.1080.180/007beaBtly8hycdx7gvi2j30u00u0q51.jpg?KID=imgbed,tva&Expires=1770549929&ssig=jOFPe9YfBO"
5263777983108792,1770494730,2026-02-07 20:05:30+08:00,QqKKI2UQc,山姆都说不好，现场挤不动,0,0,1770539129483,广东,5263777983108792,,7243803586,艳子燕子艳子,f,https://m.weibo.cn/u/7243803586?launchid=10000360-page_H5,"https://tvax1.sinaimg.cn/crop.0.0.1080.1080.180/007UegdIly8hh2j45hj41j30u00u0dhx.jpg?KID=imgbed,tva&Expires=1770549929&ssig=jGaiy3wnej"
5263770918062531,1770493046,2026-02-07 19:37:26+08:00,QqKKI2UQc,年底了，敞开了花钱,0,0,1770539129487,河北,5263770918062531,,6247354539,一二三-四-,f,https://m.weibo.cn/u/6247354539?launchid=10000360-page_H5,"https://tvax1.sinaimg.cn/crop.0.0.639.639.180/006ONgiTly8hdz5i6es6lj30hr0hr403.jpg?KID=imgbed,tva&Expires=1770549929&ssig=3BfD0YXLU%2B"
5263957721613183,1770537583,2026-02-08 07:59:43+08:00,QqKKI2UQc,我们这儿没有。,0,0,1770539129492,江苏,5263957721613183,,7860161691,----路上有你-----,m,https://m.weibo.cn/u/7860161691?launchid=10000360-page_H5,"https://tvax2.sinaimg.cn/crop.0.0.1080.1080.180/008zWr7tly8hgn7e1ix4tj30u00u0djw.jpg?KID=imgbed,tva&Expires=1770549929&ssig=jzmE13PY%2Bm"
5263923465945453,1770529416,2026-02-08 05:43:36+08:00,QqKKI2UQc,每天都这么多人呀,0,0,1770539129496,江苏,5263923465945453,,7284968858,你的想法J,m,https://m.weibo.cn/u/7284968858?launchid=10000360-page_H5,"https://tvax4.sinaimg.cn/crop.0.0.512.512.180/007X0ZbIly8hlehc3ep5pj30e80e8q3s.jpg?KID=imgbed,tva&Expires=1770549929&ssig=vyqreoQZ3l"
5263848189986678,1770511469,2026-02-08 00:44:29+08:00,QqKKI2UQc,我是觉得没有必要,0,0,1770539129501,江苏,5263848189986678,,7565739054,小孩的理想1,m,https://m.weibo.cn/u/7565739054?launchid=10000360-page_H5,"https://tvax3.sinaimg.cn/crop.0.0.1080.1080.180/008g14lgly8i5q5uhzuysj30u00u0dh0.jpg?KID=imgbed,tva&Expires=1770549929&ssig=Dw6ow1VRvB"
5263763059774954,1770491172,2026-02-07 19:06:12+08:00,QqKKI2UQc,各有各的优势,0,0,1770539133984,湖北,5263762619634651,,1823630913,C科技,m,https://m.weibo.cn/u/1823630913?launchid=10000360-page_H5,"https://tva2.sinaimg.cn/crop.0.0.1080.1080.180/6cb26641jw8eniapkb0qhj20u00u00u7.jpg?KID=imgbed,tva&Expires=1770549929&ssig=g6fBG%2FOxTT"
5263828302694274,1770506727,2026-02-07 23:25:27+08:00,QqKKI2UQc,在北京就有点水土不对，北京山姆依然火爆,0,0,1770539133987,江苏,5263762619634651,,1069375914,左手II右手,m,https://m.weibo.cn/u/1069375914?launchid=10000360-page_H5,"https://tvax2.sinaimg.cn/crop.0.0.1002.1002.180/3fbd61aaly8gbw1w9w13yj20ru0ruwfx.jpg?KID=imgbed,tva&Expires=1770549929&ssig=ZPzwsO8N6Q"
5263808922913662,1770502107,2026-02-07 22:08:27+08:00,QqKKI2UQc,,0,0,1770539133994,湖北,5263782319495312,,1823630913,C科技,m,https://m.weibo.cn/u/1823630913?launchid=10000360-page_H5,"https://tva2.sinaimg.cn/crop.0.0.1080.1080.180/6cb26641jw8eniapkb0qhj20u00u00u7.jpg?KID=imgbed,tva&Expires=1770549929&ssig=g6fBG%2FOxTT"
5263774860709999,1770493986,2026-02-07 19:53:06+08:00,QqKKI2UQc,,0,0,1770539134004,湖北,5263766778549167,,1823630913,C科技,m,https://m.weibo.cn/u/1823630913?launchid=10000360-page_H5,"https://tva2.sinaimg.cn/crop.0.0.1080.1080.180/6cb26641jw8eniapkb0qhj20u00u00u7.jpg?KID=imgbed,tva&Expires=1770549929&ssig=g6fBG%2FOxTT"
5263790452771237,1770497703,2026-02-07 20:55:03+08:00,QqKKI2UQc,最好别去，省的人挤人,0,0,1770539134009,广东,5263766778549167,,2002027261,WSHD敦,m,https://m.weibo.cn/u/2002027261?launchid=10000360-page_H5,"https://tva1.sinaimg.cn/crop.0.0.180.180.180/775482fdjw1e8qgp5bmzyj2050050aa8.jpg?KID=imgbed,tva&Expires=1770549929&ssig=3AfkMNM3%2Fc"
5263778627455215,1770494884,2026-02-07 20:08:04+08:00,QqKKI2UQc,自取,0,0,1770539134016,陕西,5263778593639897,,2001709477,-biu2333,f,https://m.weibo.cn/u/2001709477?launchid=10000360-page_H5,"https://tvax1.sinaimg.cn/crop.0.0.828.828.180/774fa9a5ly8h82inexz8lj20n00n0jsq.jpg?KID=imgbed,tva&Expires=1770549929&ssig=PPuS3MbP32"
5263934517150739,1770532051,2026-02-08 06:27:31+08:00,QqKKI2UQc,挺好,0,0,1770539134023,湖北,5263839868228264,,1823630913,C科技,m,https://m.weibo.cn/u/1823630913?launchid=10000360-page_H5,"https://tva2.sinaimg.cn/crop.0.0.1080.1080.180/6cb26641jw8eniapkb0qhj20u00u00u7.jpg?KID=imgbed,tva&Expires=1770549929&ssig=g6fBG%2FOxTT"
5263801805179048,1770500410,2026-02-07 21:40:10+08:00,QqKKI2UQc,嗯,0,0,1770539134030,湖北,5263786535553194,,1823630913,C科技,m,https://m.weibo.cn/u/1823630913?launchid=10000360-page_H5,"https://tva2.sinaimg.cn/crop.0.0.1080.1080.180/6cb26641jw8eniapkb0qhj20u00u00u7.jpg?KID=imgbed,tva&Expires=1770549929&ssig=g6fBG%2FOxTT"
5263801901389188,1770500433,2026-02-07 21:40:33+08:00,QqKKI2UQc,建设好了 7人乌泱乌泱,0,0,1770539134038,湖北,5263784772898876,,1823630913,C科技,m,https://m.weibo.cn/u/1823630913?launchid=10000360-page_H5,"https://tva2.sinaimg.cn/crop.0.0.1080.1080.180/6cb26641jw8eniapkb0qhj20u00u00u7.jpg?KID=imgbed,tva&Expires=1770549929&ssig=g6fBG%2FOxTT"
5263801943592842,1770500443,2026-02-07 21:40:43+08:00,QqKKI2UQc,嗯嗯,0,0,1770539134045,湖北,5263782201789489,,1823630913,C科技,m,https://m.weibo.cn/u/1823630913?launchid=10000360-page_H5,"https://tva2.sinaimg.cn/crop.0.0.1080.1080.180/6cb26641jw8eniapkb0qhj20u00u00u7.jpg?KID=imgbed,tva&Expires=1770549929&ssig=g6fBG%2FOxTT"
5263808943888242,1770502112,2026-02-07 22:08:32+08:00,QqKKI2UQc,嗯,0,0,1770539134052,湖北,5263775706123961,,1823630913,C科技,m,https://m.weibo.cn/u/1823630913?launchid=10000360-page_H5,"https://tva2.sinaimg.cn/crop.0.0.1080.1080.180/6cb26641jw8eniapkb0qhj20u00u00u7.jpg?KID=imgbed,tva&Expires=1770549929&ssig=g6fBG%2FOxTT"
5263809006538145,1770502127,2026-02-07 22:08:47+08:00,QqKKI2UQc,卖东西不挣钱 挣会员费,0,0,1770539134060,湖北,5263794550079607,,1823630913,C科技,m,https://m.weibo.cn/u/1823630913?launchid=10000360-page_H5,"https://tva2.sinaimg.cn/crop.0.0.1080.1080.180/6cb26641jw8eniapkb0qhj20u00u00u7.jpg?KID=imgbed,tva&Expires=1770549929&ssig=g6fBG%2FOxTT"
5263809027509046,1770502132,2026-02-07 22:08:52+08:00,QqKKI2UQc,嗯,0,0,1770539134068,湖北,5263792222766509,,1823630913,C科技,m,https://m.weibo.cn/u/1823630913?launchid=10000360-page_H5,"https://tva2.sinaimg.cn/crop.0.0.1080.1080.180/6cb26641jw8eniapkb0qhj20u00u00u7.jpg?KID=imgbed,tva&Expires=1770549929&ssig=g6fBG%2FOxTT"
5263845761483930,1770510890,2026-02-08 00:34:50+08:00,QqKKI2UQc,确实很多的吧,0,0,1770539134588,江苏,5263845761483930,,6078809761,相思寄虹豆,m,https://m.weibo.cn/u/6078809761?launchid=10000360-page_H5,"https://tvax3.sinaimg.cn/crop.0.0.512.512.180/006Do46Jly8i0r83gkin3j30e80e80t6.jpg?KID=imgbed,tva&Expires=1770549934&ssig=MJcMRCGGjN"
5263843569959239,1770510366,2026-02-08 00:26:06+08:00,QqKKI2UQc,这也太热闹了b,0,0,1770539134592,江苏,5263843569959239,,7540037215,心灵的感悟K,f,https://m.weibo.cn/u/7540037215?launchid=10000360-page_H5,"https://tvax3.sinaimg.cn/crop.0.0.512.512.180/008ehe7tly8hobtqlwrbtj30e80e8t9d.jpg?KID=imgbed,tva&Expires=1770549934&ssig=%2Bx43cC6dhK"
5263788875712182,1770497326,2026-02-07 20:48:46+08:00,QqKKI2UQc,很正常山姆很多人的,0,0,1770539134597,江苏,5263788875712182,,7762063194,班长得风,f,https://m.weibo.cn/u/7762063194?launchid=10000360-page_H5,"https://tvax1.sinaimg.cn/crop.0.0.1080.1080.180/008tiPdEly8huzq8yap74j30u00u0n1p.jpg?KID=imgbed,tva&Expires=1770549934&ssig=yyRRLhBFXE"
5263788802576984,1770497310,2026-02-07 20:48:30+08:00,QqKKI2UQc,这也太多人了,0,0,1770539134601,广西,5263788802576984,,7749833699,tietie吖,f,https://m.weibo.cn/u/7749833699?launchid=10000360-page_H5,"https://tvax1.sinaimg.cn/crop.0.0.1020.1020.180/008stvLJly8hbkrobnyolj30sc0scgmo.jpg?KID=imgbed,tva&Expires=1770549934&ssig=gHRWIxdpf2"
5263788605444496,1770497263,2026-02-07 20:47:43+08:00,QqKKI2UQc,天天都那么多人吗,0,0,1770539134605,广西,5263788605444496,,7058190440,冷冬的初雪,m,https://m.weibo.cn/u/7058190440?launchid=10000360-page_H5,"https://tvax1.sinaimg.cn/crop.0.0.1080.1080.180/007HFrLily8hs861wbe3oj30u00u0q56.jpg?KID=imgbed,tva&Expires=1770549934&ssig=EYgK8Kj5AN"
5263780653042779,1770495367,2026-02-07 20:16:07+08:00,QqKKI2UQc,真的太火爆了呀,0,1,1770539134610,江苏,5263780653042779,,7833221376,江湖的梦想,f,https://m.weibo.cn/u/7833221376?launchid=10000360-page_H5,"https://tvax2.sinaimg.cn/crop.0.0.512.512.180/008y7oIgly8hggafnx8jaj30e80e8wf5.jpg?KID=imgbed,tva&Expires=1770549934&ssig=KmWjPjtSuL"
5263766447198586,1770491980,2026-02-07 19:19:40+08:00,QqKKI2UQc,比不过就不比,0,0,1770539134615,山西,5263766447198586,,7690224780,18_laIa-S22,f,https://m.weibo.cn/u/7690224780?launchid=10000360-page_H5,"https://tvax1.sinaimg.cn/crop.0.0.1080.1080.180/008oroLyly8gu27x28araj30u00u041k.jpg?KID=imgbed,tva&Expires=1770549934&ssig=ex1kuSsqwC"
5263766146779332,1770491908,2026-02-07 19:18:28+08:00,QqKKI2UQc,真的太火爆了,0,0,1770539134619,江苏,5263766146779332,,7240975412,小公举KMR,m,https://m.weibo.cn/u/7240975412?launchid=10000360-page_H5,"https://tvax4.sinaimg.cn/crop.0.0.512.512.180/007U2ou0ly8hqbe2uaz51j30e80e8my0.jpg?KID=imgbed,tva&Expires=1770549934&ssig=iTteGTRZJ2"
5264005581243717,1770548994,2026-02-08 11:09:54+08:00,QqKKI2UQc,你有他们家的卡吗？,0,1,1770539134623,河北,5264005581243717,,7855430713,云淡风轻轻跑,f,https://m.weibo.cn/u/7855430713?launchid=10000360-page_H5,"https://tvax4.sinaimg.cn/crop.0.0.1080.1080.180/008zCAnnly8i6xsbo5kz9j30u00u0dhw.jpg?KID=imgbed,tva&Expires=1770549934&ssig=ukWCqYK9P4"
5263811707666907,1770502770,2026-02-07 22:19:30+08:00,QqKKI2UQc,我这边都没有开山姆店,0,1,1770539134627,广东,5263811707666907,,6590745025,数码猎人笔记,m,https://m.weibo.cn/u/6590745025?launchid=10000360-page_H5,"https://tvax1.sinaimg.cn/crop.0.0.661.661.180/007c25R7ly8h7e1d06bgzj30id0id74n.jpg?KID=imgbed,tva&Expires=1770549934&ssig=9z18m5hTfB"
5264062821698888,1770562641,2026-02-08 14:57:21+08:00,QqKKI2UQc,居然这么多人！！,0,0,1770539134632,山东,5264062821698888,,6738210397,大满贯护体,f,https://m.weibo.cn/u/6738210397?launchid=10000360-page_H5,"https://tvax3.sinaimg.cn/crop.0.0.800.800.180/007m0QkRly8i1quro1u66j30m80m8gme.jpg?KID=imgbed,tva&Expires=1770549934&ssig=ZR%2FRVUBl61"
5263816361248064,1770503880,2026-02-07 22:38:00+08:00,QqKKI2UQc,人还是很多的,0,0,1770539134637,陕西,5263816361248064,,7718934956,少女次元录,f,https://m.weibo.cn/u/7718934956?launchid=10000360-page_H5,"https://tvax1.sinaimg.cn/crop.0.0.1080.1080.180/008qnRAUly8i9g7ma2q1hj30u00u0tbf.jpg?KID=imgbed,tva&Expires=1770549934&ssig=JFYuJBLWse"
5263765427979780,1770491737,2026-02-07 19:15:37+08:00,QqKKI2UQc,现在选品太差了 不续卡了 感觉没啥好逛的,0,0,1770539134647,浙江,5263765427979780,,3220507867,带刺的玫瑰请求添加你为好友,m,https://m.weibo.cn/u/3220507867?launchid=10000360-page_H5,"https://tvax4.sinaimg.cn/crop.0.0.1080.1080.180/bff50cdbly8hzhxb4n0tdj20u00u0q6a.jpg?KID=imgbed,tva&Expires=1770549934&ssig=l58ly%2BbklA"
5264051397725055,1770559917,2026-02-08 14:11:57+08:00,QqKKI2UQc,山姆好在哪？,0,0,1770539134652,江苏,5264051397725055,,1681593180,fangshouyibo-,m,https://m.weibo.cn/u/1681593180?launchid=10000360-page_H5,"https://tvax3.sinaimg.cn/crop.0.0.1080.1080.180/643b135cly8h1eb36bdiqj20u00u03zt.jpg?KID=imgbed,tva&Expires=1770549934&ssig=wINSqyM%2BfY"
5264025833441600,1770553822,2026-02-08 12:30:22+08:00,QqKKI2UQc,不知道为什么这么多人 在北京一回没去过,0,0,1770539134658,北京,5264025833441600,,3845722520,京都满人,m,https://m.weibo.cn/u/3845722520?launchid=10000360-page_H5,"https://tvax4.sinaimg.cn/crop.0.0.996.996.180/e5391198ly8gbpcjuhtaej20ro0rojti.jpg?KID=imgbed,tva&Expires=1770549934&ssig=FdqIIhVTOX"
5264012217943137,1770550576,2026-02-08 11:36:16+08:00,QqKKI2UQc,买过一年，去过不到5次，主要是全靠同行承托，只能说把逛山姆当成超市的，那确实很牛了挺累,0,0,1770539134662,四川,5264012217943137,,2612124451,安贰娃,m,https://m.weibo.cn/u/2612124451?launchid=10000360-page_H5,"https://tvax4.sinaimg.cn/crop.0.0.996.996.180/9bb1db23ly8g2d3fxaeo9j20ro0ro40d.jpg?KID=imgbed,tva&Expires=1770549934&ssig=Q0hsN7qM3V"
5264000998703617,1770547900,2026-02-08 10:51:40+08:00,QqKKI2UQc,骂的是去的是两波人,0,0,1770539134667,浙江,5264000998703617,,1895726431,FRANCOHHO,m,https://m.weibo.cn/u/1895726431?launchid=10000360-page_H5,"https://tvax2.sinaimg.cn/crop.0.0.1080.1080.180/70fe7d5fly8i5oyqur3lfj20u00u0jsd.jpg?KID=imgbed,tva&Expires=1770549934&ssig=B3%2FK7zku6j"
5263990632489680,1770545430,2026-02-08 10:10:30+08:00,QqKKI2UQc,有钱人挺多,0,0,1770539134671,广西,5263990632489680,,5022422887,怀仁公子,m,https://m.weibo.cn/u/5022422887?launchid=10000360-page_H5,"https://tvax1.sinaimg.cn/crop.0.0.1080.1080.180/005tTzCLly8h2hogdkv8tj30u00u041n.jpg?KID=imgbed,tva&Expires=1770549934&ssig=fLk6E4O1YU"
5263984292792214,1770543918,2026-02-08 09:45:18+08:00,QqKKI2UQc,用胖东来去打败他,0,0,1770539134676,广东,5263984292792214,,7490174140,凤舞九天8848,m,https://m.weibo.cn/u/7490174140?launchid=10000360-page_H5,"https://tvax4.sinaimg.cn/crop.0.0.1080.1080.180/008aU0skly8i9deuamf5ij30u00u0whb.jpg?KID=imgbed,tva&Expires=1770549934&ssig=tdGbddJw2M"
5263904219332893,1770524827,2026-02-08 04:27:07+08:00,QqKKI2UQc,好不好大家心里有数,0,0,1770539134681,浙江,5263904219332893,,7921416882,黄沙小哈佛,m,https://m.weibo.cn/u/7921416882?launchid=10000360-page_H5,"https://tvax2.sinaimg.cn/crop.0.0.1080.1080.180/008E5soqly8hsu3enfjgsj30u00u0q4y.jpg?KID=imgbed,tva&Expires=1770549934&ssig=0tUQOMEewN"
5263878351225513,1770518660,2026-02-08 02:44:20+08:00,QqKKI2UQc,山姆其实不贵的,0,0,1770539152149,广东,5263878351225513,,5578742305,喜欢旅游的小男孩,m,https://m.weibo.cn/u/5578742305?launchid=10000360-page_H5,"https://tvax3.sinaimg.cn/crop.0.0.512.512.180/0065xPIBly8gopex3kbt2j30e80e8mxh.jpg?KID=imgbed,tva&Expires=1770549952&ssig=jYzdSuULD6"
5263840329860232,1770509595,2026-02-08 00:13:15+08:00,QqKKI2UQc,等郑州胖东来开业了，你可以来体验一下,0,0,1770539152153,河南,5263840329860232,,2191109603,搞机达人秀,m,https://m.weibo.cn/u/2191109603?launchid=10000360-page_H5,"https://tvax2.sinaimg.cn/crop.0.0.900.900.180/8299ade3ly8hqlwmbfmzdj20p00p0jv9.jpg?KID=imgbed,tva&Expires=1770549952&ssig=5zW30wY9wq"
5263825857413596,1770506143,2026-02-07 23:15:43+08:00,QqKKI2UQc,不喜欢,0,0,1770539152158,广东,5263825857413596,,5829579913,末夏时雨ZF,m,https://m.weibo.cn/u/5829579913?launchid=10000360-page_H5,"https://tvax4.sinaimg.cn/crop.0.0.750.750.180/006mwk2tly8h7z0eoq4xhj30ku0kuaao.jpg?KID=imgbed,tva&Expires=1770549952&ssig=DqJ0NKiHcF"
5263808957253581,1770502115,2026-02-07 22:08:35+08:00,QqKKI2UQc,不了吧，也没去过,0,0,1770539152162,吉林,5263808957253581,,7565452863,如果喵准月亮a,f,https://m.weibo.cn/u/7565452863?launchid=10000360-page_H5,"https://tvax1.sinaimg.cn/crop.0.0.1080.1080.180/008fZRThly8h8p674xtvaj30u00u0mz2.jpg?KID=imgbed,tva&Expires=1770549952&ssig=%2Btfx46AYxY"
5263806422845876,1770501511,2026-02-07 21:58:31+08:00,QqKKI2UQc,没有什么兴趣,0,0,1770539152166,福建,5263806422845876,,7176214931,可爱锦鲤木喵,f,https://m.weibo.cn/u/7176214931?launchid=10000360-page_H5,"https://tvax4.sinaimg.cn/crop.0.0.1080.1080.180/007PEFk7ly8i9xpsgsnpyj30u00u0q5i.jpg?KID=imgbed,tva&Expires=1770549952&ssig=hlGLgmNfn1"
5263805022210264,1770501177,2026-02-07 21:52:57+08:00,QqKKI2UQc,,0,0,1770539152171,吉林,5263805022210264,,2835243697,打篮球真的很有意思,m,https://m.weibo.cn/u/2835243697?launchid=10000360-page_H5,"https://tvax2.sinaimg.cn/crop.0.0.996.996.180/a8fe62b1ly8gbizan6ipbj20ro0rowj3.jpg?KID=imgbed,tva&Expires=1770549952&ssig=ubmAYPJ7CJ"
5263789470778262,1770497468,2026-02-07 20:51:08+08:00,QqKKI2UQc,国内的哈都是山姆,0,0,1770539152176,江苏,5263789470778262,,7408174145,看小白不喝酒,m,https://m.weibo.cn/u/7408174145?launchid=10000360-page_H5,"https://tvax3.sinaimg.cn/crop.0.0.1080.1080.180/0085lWvLly8hf76kzu3iij30u00u0q62.jpg?KID=imgbed,tva&Expires=1770549952&ssig=YtL1v38LDk"
5263789177965961,1770497399,2026-02-07 20:49:59+08:00,QqKKI2UQc,不知道里面有什么是一定要吃，一定要用的东西。。。不理解。不讨厌不反对，但真的不需要,0,1,1770539152180,北京,5263789177965961,,5386569613,人间扳手_于文文,f,https://m.weibo.cn/u/5386569613?launchid=10000360-page_H5,"https://tvax1.sinaimg.cn/crop.0.0.974.974.180/005SxuP3ly8h4xw5mdio2j30r20r2dj0.jpg?KID=imgbed,tva&Expires=1770549952&ssig=FjJ18%2FYoTl"
5263787376512888,1770496970,2026-02-07 20:42:50+08:00,QqKKI2UQc,山姆量大，正好适合年底扫货,0,0,1770539152184,河南,5263787376512888,,7046975134,长烟若梦,m,https://m.weibo.cn/u/7046975134?launchid=10000360-page_H5,"https://tvax1.sinaimg.cn/crop.0.0.1080.1080.180/007GUo9gly8hiw4cpito9j30u00u00v1.jpg?KID=imgbed,tva&Expires=1770549952&ssig=ToFBFsLTz%2F"
5263782499850260,1770495807,2026-02-07 20:23:27+08:00,QqKKI2UQc,跟买苹果手机一样,0,0,1770539152189,浙江,5263782499850260,,7891147249,7891147249_756,m,https://m.weibo.cn/u/7891147249?launchid=10000360-page_H5,"https://tvax2.sinaimg.cn/crop.0.0.1080.1080.180/008C2rSxly8i9x4bz34x4j30u00u0wfz.jpg?KID=imgbed,tva&Expires=1770549952&ssig=%2FBvnw1cN2R"
5263768636361225,1770492502,2026-02-07 19:28:22+08:00,QqKKI2UQc,线上下单也是一样的啊，不去凑热闹,0,0,1770539152195,上海,5263768636361225,,6235053059,TLing-00,f,https://m.weibo.cn/u/6235053059?launchid=10000360-page_H5,"https://tvax3.sinaimg.cn/crop.0.0.1076.1076.180/006NXE7Vly8hni3zc50ejj30tw0twgn9.jpg?KID=imgbed,tva&Expires=1770549952&ssig=dg%2FZcTLOHq"
5263792577448421,1770498210,2026-02-07 21:03:30+08:00,QqKKI2UQc,集体下黑营销抹黑的这套也太明显了，如果山姆不行，那国内的其他超市更不行,0,1,1770539152199,上海,5263792577448421,,2602052341,放饭吃饱饱,f,https://m.weibo.cn/u/2602052341?launchid=10000360-page_H5,"https://tvax3.sinaimg.cn/crop.0.0.996.996.180/9b182af5ly8gmdt2zv7cvj20ro0ro75l.jpg?KID=imgbed,tva&Expires=1770549952&ssig=kgh7F9vkCP"
5263812039019672,1770502850,2026-02-07 22:20:50+08:00,QqKKI2UQc,我们这里没有山姆。,0,0,1770539152203,河北,5263812039019672,,3269266527,来自鲁的云,m,https://m.weibo.cn/u/3269266527?launchid=10000360-page_H5,"https://tvax4.sinaimg.cn/crop.0.0.656.656.180/c2dd0c5fly8gye3u5nobyj20i80i8tai.jpg?KID=imgbed,tva&Expires=1770549952&ssig=jet5hYHFku"
5263789767262216,1770497539,2026-02-07 20:52:19+08:00,QqKKI2UQc,2月7号新出的码，可以出两张，可以点零食不必非点奶茶，28天有效期。领取之后下单成功的小伙伴截图私信我，可以再领取一张。,0,0,1770539152208,山东,5263789767262216,https://wx1.sinaimg.cn/large/adca054bly1ia2b0lyn7bj20u01sy488.jpg,2915697995,k·Audrey,m,https://m.weibo.cn/u/2915697995?launchid=10000360-page_H5,"https://tvax1.sinaimg.cn/crop.0.0.1080.1080.180/adca054bly8g4vqqo3229j20u00u0myk.jpg?KID=imgbed,tva&Expires=1770549952&ssig=SJJ3Hm75WM"
5263780132948950,1770495243,2026-02-07 20:14:03+08:00,QqBsohUzG,据悉，顾客佩戴手镯出现断裂，后寄到深圳回收，当黄金回收点进行检查时，工作人员意外发现这份断裂的黄金手镯内部，藏有两颗钢珠。,1,89,1770539185369,,5263780132948950,,1789681642,第一现场,m,https://m.weibo.cn/u/1789681642?launchid=10000360-page_H5,"https://tvax3.sinaimg.cn/crop.0.0.1080.1080.180/6aac5fealy8i1pd5xbxk3j20u00u0q3a.jpg?KID=imgbed,tva&Expires=1770549985&ssig=Lz%2Bz4qxh3C"
5263780607956240,1770495356,2026-02-07 20:15:56+08:00,QqBsohUzG,尽管现场查验结果与预期有出入，童先生仍主动联系了顾客，如实说明了情况并承诺退还费用。童先生估算，此次事件造成的经济损失约两万元。,1,47,1770539185375,,5263780607956240,,1789681642,第一现场,m,https://m.weibo.cn/u/1789681642?launchid=10000360-page_H5,"https://tvax3.sinaimg.cn/crop.0.0.1080.1080.180/6aac5fealy8i1pd5xbxk3j20u00u0q3a.jpg?KID=imgbed,tva&Expires=1770549985&ssig=Lz%2Bz4qxh3C"
5263780493919703,1770495329,2026-02-07 20:15:29+08:00,QqBsohUzG,6日上午，当着记者的面，童先生拆开了这5个召回手镯的快递包装，连同库存中同一批次的2个手镯，共计7个产品进行了现场查验。结果显示，其中2个手镯内部含有水迹，但7个手镯均未发现钢珠。,1,22,1770539185379,,5263780493919703,,1789681642,第一现场,m,https://m.weibo.cn/u/1789681642?launchid=10000360-page_H5,"https://tvax3.sinaimg.cn/crop.0.0.1080.1080.180/6aac5fealy8i1pd5xbxk3j20u00u0q3a.jpg?KID=imgbed,tva&Expires=1770549985&ssig=Lz%2Bz4qxh3C"
5263780348958577,1770495294,2026-02-07 20:14:54+08:00,QqBsohUzG,店主童先生表示，得知这一情况后，他第一时间联系到委托加工的公司，对方否认了往手镯里塞钢珠的行为。为维护店铺信誉，童先生立即启动召回程序，召回了该批次已售出的9个手镯中的5个。,0,18,1770539185384,,5263780348958577,,1789681642,第一现场,m,https://m.weibo.cn/u/1789681642?launchid=10000360-page_H5,"https://tvax3.sinaimg.cn/crop.0.0.1080.1080.180/6aac5fealy8i1pd5xbxk3j20u00u0q3a.jpg?KID=imgbed,tva&Expires=1770549985&ssig=Lz%2Bz4qxh3C"
5263432665534089,1770412400,2026-02-06 21:13:20+08:00,QqBsohUzG,诚信，慢慢变成一种奢侈品了😪😪😪,18,966,1770539185388,江西,5263432665534089,,2803021210,Ben之小小微,m,https://m.weibo.cn/u/2803021210?launchid=10000360-page_H5,"https://tvax2.sinaimg.cn/crop.0.0.600.600.180/a712b59aly8gz0bhrprohj20go0gota7.jpg?KID=imgbed,tva&Expires=1770549985&ssig=toeDhZCZVH"
5263432360401531,1770412327,2026-02-06 21:12:07+08:00,QqBsohUzG,店主肯定知道,8,338,1770539185393,广东,5263432360401531,,7852685432,白河钓鱼客,m,https://m.weibo.cn/u/7852685432?launchid=10000360-page_H5,"https://tvax2.sinaimg.cn/crop.0.0.1080.1080.180/008zr4cEly8hyot8hxwxmj30u00u0jss.jpg?KID=imgbed,tva&Expires=1770549985&ssig=YxYty%2BBAMM"
5263780642556415,1770495364,2026-02-07 20:16:04+08:00,QqBsohUzG,好几个都注水了哪里还好了水比钢珠高贵吗,0,128,1770539185396,陕西,5263780642556415,,3299947377,甘蓝浓汤,f,https://m.weibo.cn/u/3299947377?launchid=10000360-page_H5,"https://tvax1.sinaimg.cn/crop.0.0.1080.1080.180/c4b13371ly8gfp9j46rjfj20u00u0mzw.jpg?KID=imgbed,tva&Expires=1770549985&ssig=Ldg6wHT4Zo"
5263699558011274,1770476032,2026-02-07 14:53:52+08:00,QqBsohUzG,那么多，就涉嫌欺诈了,8,121,1770539185401,广东,5263699558011274,,5159775482,喵呜小语,m,https://m.weibo.cn/u/5159775482?launchid=10000360-page_H5,"https://tvax2.sinaimg.cn/crop.0.0.1080.1080.180/005DbTjcly8i19ba872b9j30u00u0wim.jpg?KID=imgbed,tva&Expires=1770549985&ssig=R6c1s1NrVw"
5263775172657986,1770494060,2026-02-07 19:54:20+08:00,QqBsohUzG,有水更高端啊都说不清,3,134,1770539185406,湖北,5263775172657986,,5167662437,胶紫80咖,f,https://m.weibo.cn/u/5167662437?launchid=10000360-page_H5,"https://tvax3.sinaimg.cn/crop.0.0.1080.1080.180/005DIZ49ly8i1k44k58y0j30u00u079k.jpg?KID=imgbed,tva&Expires=1770549985&ssig=g3NL4RpLcB"
5263782625417992,1770495837,2026-02-07 20:23:57+08:00,QqBsohUzG,有水也是问题，水难道没有重量吗？,0,69,1770539185410,江苏,5263782625417992,,2438862761,心心小开心,f,https://m.weibo.cn/u/2438862761?launchid=10000360-page_H5,"https://tvax1.sinaimg.cn/crop.0.0.512.512.180/915e17a9ly8gtpvriqrdzj20e80e8aaj.jpg?KID=imgbed,tva&Expires=1770549985&ssig=aNhoEbrek2"
5263767963175086,1770492341,2026-02-07 19:25:41+08:00,QqBsohUzG,零陵香,2,38,1770539185415,山东,5263767963175086,,5711466148,文菊Diana,f,https://m.weibo.cn/u/5711466148?launchid=10000360-page_H5,"https://tvax2.sinaimg.cn/crop.0.0.512.512.180/006ewJfKly8hz9l4gibr3j30e80e8js9.jpg?KID=imgbed,tva&Expires=1770549985&ssig=R%2Fh5Ow%2F3uQ"
5263779794257322,1770495162,2026-02-07 20:12:42+08:00,QqBsohUzG,刚刚好手镯断裂了 不然都发现不了这两颗钢珠了,0,30,1770539185419,广东,5263779794257322,,3181170011,波猪i,m,https://m.weibo.cn/u/3181170011?launchid=10000360-page_H5,"https://tvax1.sinaimg.cn/crop.0.0.996.996.180/bd9ccd5bly8gorxpmlbdgj20ro0rot9t.jpg?KID=imgbed,tva&Expires=1770549985&ssig=TlNOaQSG1S"
5263798334132092,1770499582,2026-02-07 21:26:22+08:00,QqBsohUzG,注水和塞珠子有什么区别,0,24,1770539185424,广东,5263798334132092,,5847824044,三由木兆,f,https://m.weibo.cn/u/5847824044?launchid=10000360-page_H5,"https://tvax3.sinaimg.cn/crop.0.0.1080.1080.180/006nKSaEly8i7gsncgk54j30u00u0agh.jpg?KID=imgbed,tva&Expires=1770549985&ssig=ECZDmSTEQy"
5263772111339967,1770493329,2026-02-07 19:42:09+08:00,QqBsohUzG,不守鸡律的店家！🐓,2,14,1770539185428,陕西,5263772111339967,,6404306408,鸡律,f,https://m.weibo.cn/u/6404306408?launchid=10000360-page_H5,"https://tvax3.sinaimg.cn/crop.0.0.1080.1080.180/006ZpOEEly8i9wamti1pyj30u00u0q5m.jpg?KID=imgbed,tva&Expires=1770549985&ssig=CGo%2BQEfVFY"
5263769539449530,1770492717,2026-02-07 19:31:57+08:00,QqBsohUzG,主谋肯定没想到会断裂暴露的情况吧？！,0,24,1770539185433,山东,5263769539449530,,3251002275,海畔听风姐,m,https://m.weibo.cn/u/3251002275?launchid=10000360-page_H5,"https://tvax1.sinaimg.cn/crop.0.0.844.844.180/c1c65ba3ly8i5zkk7d1fdj20ng0ng777.jpg?KID=imgbed,tva&Expires=1770549985&ssig=knLOnJ4Y1g"
5263788240798823,1770497176,2026-02-07 20:46:16+08:00,QqBsohUzG,现在这么贵还要掺假 造假就应该由法律严惩,0,14,1770539185437,甘肃,5263788240798823,,3314270155,飞翔的猪yt,f,https://m.weibo.cn/u/3314270155?launchid=10000360-page_H5,"https://tva4.sinaimg.cn/crop.0.0.852.852.180/c58bbfcbjw8eka7slofjsj20no0nojti.jpg?KID=imgbed,tva&Expires=1770549985&ssig=oKByXaC%2FGF"
5263804004048384,1770500934,2026-02-07 21:48:54+08:00,QqBsohUzG,离了大普，这不就是纯纯坑人吗？如果不是老板的问题，那么是货源的问题？黄金行业最近爆出好几起参杂参假的事件，是该好好整顿一下了。,0,8,1770539185442,浙江,5263804004048384,,5688578125,澜山水手,m,https://m.weibo.cn/u/5688578125?launchid=10000360-page_H5,"https://tvax3.sinaimg.cn/crop.50.0.466.466.180/006cYH25ly8gfmzxyjl9bg30fa0cyt9l.gif?KID=imgbed,tva&Expires=1770549985&ssig=dKRX74RLqg"
5263444984464820,1770415337,2026-02-06 22:02:17+08:00,QqBsohUzG,有才,0,5,1770539185445,广东,5263444984464820,,6472731581,Rona9248,f,https://m.weibo.cn/u/6472731581?launchid=10000360-page_H5,"https://tvax3.sinaimg.cn/crop.0.0.1080.1080.180/00742Vatly8hmij5ooh46j30u00u0n0i.jpg?KID=imgbed,tva&Expires=1770549985&ssig=b1eFd5Zij%2B"
5263777809306593,1770494689,2026-02-07 20:04:49+08:00,QqBsohUzG,样品永远是没问题的,0,15,1770539185449,江苏,5263777809306593,,2928692773,盛夏光年9197,f,https://m.weibo.cn/u/2928692773?launchid=10000360-page_H5,"https://tvax3.sinaimg.cn/crop.0.0.1080.1080.180/ae904e25ly8hqvuskz8qmj20u00u0di6.jpg?KID=imgbed,tva&Expires=1770549985&ssig=OAr9HGG4PL"
5263786006285411,1770496643,2026-02-07 20:37:23+08:00,QqBsohUzG,买好牌子的金子吧  别买小牌。另外一个区一线或者省城的大商场买大品牌,2,4,1770539185455,北京,5263786006285411,,1697510892,爱喝咖啡的盖盖,f,https://m.weibo.cn/u/1697510892?launchid=10000360-page_H5,"https://tvax2.sinaimg.cn/crop.0.0.1024.1024.180/652df5ecly8hy2i8n07ewj20sg0sggok.jpg?KID=imgbed,tva&Expires=1770549985&ssig=GHN2ca2oNv"
5263984682599140,1770544011,2026-02-08 09:46:51+08:00,QqBsohUzG,,0,0,1770539194126,广东,5263984682599140,,6519982469,hywyr119-11Kam,m,https://m.weibo.cn/u/6519982469?launchid=10000360-page_H5,"https://tvax2.sinaimg.cn/crop.0.0.996.996.180/0077fbhzly8fq4isuh5ufj30ro0rotc9.jpg?KID=imgbed,tva&Expires=1770549994&ssig=bONObm91m1"
5263812448224202,1770502946,2026-02-07 22:22:26+08:00,QqBsohUzG,这样维权都不好维权吧,0,0,1770539194130,浙江,5263812448224202,,5252157228,濯濯清流,m,https://m.weibo.cn/u/5252157228?launchid=10000360-page_H5,"https://tva2.sinaimg.cn/crop.227.57.568.568.180/005Jrw1mjw8fai6pdei0yj30sg0izqcn.jpg?KID=imgbed,tva&Expires=1770549994&ssig=82se78u1o2"
5263424536707516,1770410461,2026-02-06 20:41:01+08:00,QqBsohUzG,#女子黄金手镯断裂竟掉出2颗钢珠#,0,4,1770539194134,广东,5263424536707516,,2644322143,划船芢,m,https://m.weibo.cn/u/2644322143?launchid=10000360-page_H5,"https://tvax2.sinaimg.cn/crop.0.0.960.960.180/9d9d275fly8i3b8fxytrvj20qo0qowfz.jpg?KID=imgbed,tva&Expires=1770549994&ssig=8bqpWQL4MW"
5263781542233269,1770495578,2026-02-07 20:19:38+08:00,QqBsohUzG,现实版陵零香,0,1,1770539194139,广东,5263781542233269,,2384505367,LilyHoo_鱼鱼,f,https://m.weibo.cn/u/2384505367?launchid=10000360-page_H5,"https://tvax4.sinaimg.cn/crop.0.0.1080.1080.180/8e20aa17ly8h2ucfq1im5j20u00u0q3z.jpg?KID=imgbed,tva&Expires=1770549994&ssig=ZvOcK2M1vn"
5264048440741855,1770559212,2026-02-08 14:00:12+08:00,QqBsohUzG,#女子黄金手镯断裂竟掉出2颗钢珠#,0,0,1770539194143,广东,5264048440741855,,6965707146,蜗牛追捣蛋,f,https://m.weibo.cn/u/6965707146?launchid=10000360-page_H5,"https://tvax2.sinaimg.cn/crop.0.0.690.690.180/007BpoDgly8i2atshs4inj30j60j6aa6.jpg?KID=imgbed,tva&Expires=1770549994&ssig=p7aYk%2FuqLL"
5263964204433478,1770539128,2026-02-08 08:25:28+08:00,QqBsohUzG,所以不要买空心手镯，哪怕看着再大！,0,0,1770539194149,江苏,5263964204433478,,2409704485,白云一片去悠悠88,f,https://m.weibo.cn/u/2409704485?launchid=10000360-page_H5,"https://tva3.sinaimg.cn/crop.0.0.640.640.180/8fa12c25jw8eja2eri3vrj20hs0hsq48.jpg?KID=imgbed,tva&Expires=1770549994&ssig=fQBktGSdJJ"
5263818864197970,1770504476,2026-02-07 22:47:56+08:00,QqBsohUzG,买金条不香吗？黄金手镯土里土气的,0,0,1770539194153,广东,5263818864197970,,3708942335,hello幽幽333,f,https://m.weibo.cn/u/3708942335?launchid=10000360-page_H5,"https://tvax4.sinaimg.cn/crop.0.0.1080.1080.180/dd11f7ffly8hdcrx2pz8ij20u00u0jwk.jpg?KID=imgbed,tva&Expires=1770549994&ssig=9ulz2VxM6D"
5263795622513001,1770498936,2026-02-07 21:15:36+08:00,QqBsohUzG,可是网店便宜呀。,0,0,1770539194158,广东,5263795622513001,,2035886290,田园的围脖,m,https://m.weibo.cn/u/2035886290?launchid=10000360-page_H5,"https://tvax4.sinaimg.cn/crop.0.0.180.180.180/795928d2ly8gs3fwxqn88j2085064weh.jpg?KID=imgbed,tva&Expires=1770549994&ssig=EwUiL4aD92"
5263789937136562,1770497580,2026-02-07 20:53:00+08:00,QqBsohUzG,奸商，必须严惩！,0,0,1770539194162,江苏,5263789937136562,,1389579875,sssggg0,m,https://m.weibo.cn/u/1389579875?launchid=10000360-page_H5,"https://tva1.sinaimg.cn/crop.0.0.180.180.180/52d34e63jw1e8qgp5bmzyj2050050aa8.jpg?KID=imgbed,tva&Expires=1770549994&ssig=YMhY3z9w1O"
5263782336530870,1770495768,2026-02-07 20:22:48+08:00,QqBsohUzG,这个世界到处充满了欺骗！,1,6,1770539194167,江西,5263782336530870,,6120957024,jio得胜,m,https://m.weibo.cn/u/6120957024?launchid=10000360-page_H5,"https://tvax4.sinaimg.cn/crop.0.0.500.500.180/006GeUxily8i7myxxi6ukj30dw0dwmye.jpg?KID=imgbed,tva&Expires=1770549994&ssig=E8OTVPdvpS"
5263781617994417,1770495597,2026-02-07 20:19:57+08:00,QqBsohUzG,贼喊捉贼,0,2,1770539194171,福建,5263781617994417,,5575400906,收不到评论去鼠,f,https://m.weibo.cn/u/5575400906?launchid=10000360-page_H5,"https://tvax3.sinaimg.cn/crop.0.0.746.746.180/0065jOt4ly8h0ojr5qr0lj30kq0kqt9s.jpg?KID=imgbed,tva&Expires=1770549994&ssig=keu4cMAzIK"
5263779060520734,1770494987,2026-02-07 20:09:47+08:00,QqBsohUzG,真的是越贵越多假货，拿不起真金就不要卖,0,8,1770539194176,广西,5263779060520734,,5080471381,向美好的每一天出发,f,https://m.weibo.cn/u/5080471381?launchid=10000360-page_H5,"https://tvax1.sinaimg.cn/crop.0.0.996.996.180/005xP8GNly8gmuf2oizxmj30ro0ro3zj.jpg?KID=imgbed,tva&Expires=1770549994&ssig=KFVa2%2FPdI1"
5263450303635581,1770416605,2026-02-06 22:23:25+08:00,QqBsohUzG,,0,0,1770539194180,湖北,5263450303635581,,1689202903,Mr湖北游客,m,https://m.weibo.cn/u/1689202903?launchid=10000360-page_H5,"https://tvax1.sinaimg.cn/default/images/default_avatar_male_180.gif?KID=imgbed,tva&Expires=1770549994&ssig=prPp%2BFSnLP"
5263422667097729,1770410015,2026-02-06 20:33:35+08:00,QqBsohUzG,#女子黄金手镯断裂竟掉出2颗钢珠#,0,1,1770539194184,广东,5263422667097729,,6965707146,蜗牛追捣蛋,f,https://m.weibo.cn/u/6965707146?launchid=10000360-page_H5,"https://tvax2.sinaimg.cn/crop.0.0.690.690.180/007BpoDgly8i2atshs4inj30j60j6aa6.jpg?KID=imgbed,tva&Expires=1770549994&ssig=p7aYk%2FuqLL"
5263799575907294,1770499878,2026-02-07 21:31:18+08:00,QqBsohUzG,这位店主还算有良知的！,1,2,1770539194189,江苏,5263799575907294,,6113086860,雲兒悠悠zy,f,https://m.weibo.cn/u/6113086860?launchid=10000360-page_H5,"https://tvax2.sinaimg.cn/crop.0.0.1080.1080.180/006FHT9aly8i7kup60hcnj30u00u0ac0.jpg?KID=imgbed,tva&Expires=1770549994&ssig=jLRWQH%2FSbR"
5263828868927022,1770506862,2026-02-07 23:27:42+08:00,QqBsohUzG,肯定知道什么情况 真假掺着卖 手脚也做的不一样,0,0,1770539194194,江苏,5263828868927022,,1928247287,unmarR,f,https://m.weibo.cn/u/1928247287?launchid=10000360-page_H5,"https://tvax1.sinaimg.cn/crop.0.0.1080.1080.180/72eeb7f7ly8i4fi7ec8wqj20u00u00xa.jpg?KID=imgbed,tva&Expires=1770549994&ssig=QJ78hY8FVM"
5263795158254547,1770498824,2026-02-07 21:13:44+08:00,QqBsohUzG,#女子黄金手镯断裂竟掉出2颗钢珠# 最近一段时间，与之有关的新闻真的是层出不穷，新的不信任又要开始了。,0,0,1770539194198,江苏,5263795158254547,,1647540307,DJ左叔,m,https://m.weibo.cn/u/1647540307?launchid=10000360-page_H5,"https://tvax4.sinaimg.cn/crop.0.0.512.512.180/62337853ly8hyptwqwjf3j20e80e8jrv.jpg?KID=imgbed,tva&Expires=1770549994&ssig=eNhN0M7nqt"
5263788949638117,1770497345,2026-02-07 20:49:05+08:00,QqBsohUzG,生命中，好多的事是这样，生活中，好多的情是这样，没有理由，也无需理由，爱就是爱，喜欢就是喜欢，没有结果，也无须结果，心甘情愿，无怨无悔。,0,0,1770539194203,河北,5263788949638117,,7846283003,Juovo-失祎刊凌,f,https://m.weibo.cn/u/7846283003?launchid=10000360-page_H5,"https://tvax3.sinaimg.cn/crop.0.0.1080.1080.180/008z0cDFly8i9woyscslfj30u00u0acb.jpg?KID=imgbed,tva&Expires=1770549994&ssig=de1ec89KZ3"
5263787889270841,1770497092,2026-02-07 20:44:52+08:00,QqBsohUzG,#女子黄金手镯断裂竟掉出2颗钢珠# 造假无处不在,0,0,1770539194207,湖北,5263787889270841,,7749057402,FTU脖子又拧,m,https://m.weibo.cn/u/7749057402?launchid=10000360-page_H5,"https://tvax1.sinaimg.cn/crop.0.0.1080.1080.180/008sqfOOly8i7pljahaobj30u00u0jv6.jpg?KID=imgbed,tva&Expires=1770549994&ssig=LTN6LKIVIU"
5263784834765944,1770496364,2026-02-07 20:32:44+08:00,QqBsohUzG,质量有问题,0,0,1770539194212,山东,5263784834765944,,1791101941,玟玟佳,f,https://m.weibo.cn/u/1791101941?launchid=10000360-page_H5,"https://tvax4.sinaimg.cn/crop.0.0.1080.1080.180/6ac20bf5ly8i2e3y9hayej20u00u0779.jpg?KID=imgbed,tva&Expires=1770549994&ssig=Ge7rZtVLgZ"
5263784152400721,1770496200,2026-02-07 20:30:00+08:00,QqBsohUzG,六某珠宝串珠里面有塑料呐。,0,3,1770539196929,湖北,5263784152400721,,3093221794,梦想爱奇迹,f,https://m.weibo.cn/u/3093221794?launchid=10000360-page_H5,"https://tvax2.sinaimg.cn/crop.0.0.1080.1080.180/b85ed1a2ly8i9gi5wv5byj20u00u0tb4.jpg?KID=imgbed,tva&Expires=1770549996&ssig=zUKFOFOiEg"
5263780466396542,1770495322,2026-02-07 20:15:22+08:00,QqBsohUzG,@半夏微luo 好多金饰店都偷鸡摸狗,0,4,1770539196933,北京,5263780466396542,,6028120280,单车失窃记m,m,https://m.weibo.cn/u/6028120280?launchid=10000360-page_H5,"https://tvax2.sinaimg.cn/crop.0.0.1080.1080.180/006zXnssly8gxxgfkvalmj30u00u0792.jpg?KID=imgbed,tva&Expires=1770549996&ssig=GenJ9SZ3v5"
5263779730293369,1770495146,2026-02-07 20:12:26+08:00,QqBsohUzG,假一陪十,0,0,1770539196939,陕西,5263779730293369,,5801814593,發財猪i,f,https://m.weibo.cn/u/5801814593?launchid=10000360-page_H5,"https://tvax4.sinaimg.cn/crop.0.0.1080.1080.180/006kDP0Jly8i8fie9rhcij30u00u00wx.jpg?KID=imgbed,tva&Expires=1770549996&ssig=XFCNKkpcmn"
5263777576521945,1770494633,2026-02-07 20:03:53+08:00,QqBsohUzG,啊，这是首饰研磨时用的钢珠。推测，如果手镯是空心结构的研磨是可能跑进去没清理干净。,0,4,1770539196943,上海,5263777576521945,,3502462365,yu_yu4288,f,https://m.weibo.cn/u/3502462365?launchid=10000360-page_H5,"https://tvax3.sinaimg.cn/crop.0.0.996.996.180/d0c3559dly8gdlhu5k5o3j20ro0romz0.jpg?KID=imgbed,tva&Expires=1770549996&ssig=AQ75x7kOh%2B"
5263776532404207,1770494384,2026-02-07 19:59:44+08:00,QqBsohUzG,#女子黄金手镯断裂竟掉出2颗钢珠# #店主回应所售黄金手镯藏2颗钢珠#   诚信缺失….,0,0,1770539196949,北京,5263776532404207,,1497985172,北京王立新世说新语,m,https://m.weibo.cn/u/1497985172?launchid=10000360-page_H5,"https://tvax3.sinaimg.cn/crop.0.0.1080.1080.180/59497094ly8hth9lio8gzj20u00u0q83.jpg?KID=imgbed,tva&Expires=1770549996&ssig=xn6nVglQkT"
5263782840369694,1770495887,2026-02-07 20:24:47+08:00,QqBsohUzG,五块钱成本，卖一万八,0,2,1770539196953,广西,5263782840369694,,2930224917,你不懂程序员的Bug,m,https://m.weibo.cn/u/2930224917?launchid=10000360-page_H5,"https://tvax2.sinaimg.cn/crop.0.4.740.740.180/aea7af15ly8fkgnx3gwtoj20kk0ktmy1.jpg?KID=imgbed,tva&Expires=1770549996&ssig=4cw2FfDuEx"
5263963832979438,1770539040,2026-02-08 08:24:00+08:00,QqBsohUzG,每个手镯里装的东西不一样，这是概率问题，有的里面是钢珠，有的里面是水！我不禁发出疑问，金饰怎么能在网店买呢,0,1,1770539196959,辽宁,5263963832979438,,2396794023,sy共倚斜阳,f,https://m.weibo.cn/u/2396794023?launchid=10000360-page_H5,"https://tvax2.sinaimg.cn/crop.0.0.664.664.180/8edc2ca7ly8g813s60ivbj20ig0igq3k.jpg?KID=imgbed,tva&Expires=1770549996&ssig=mt5mb7t2qJ"
5263939657007928,1770533276,2026-02-08 06:47:56+08:00,QqBsohUzG,这年头本本分分做买卖的人越来越少了,0,1,1770539196963,吉林,5263939657007928,,2493682383,吃肉喝酒的佛爷,m,https://m.weibo.cn/u/2493682383?launchid=10000360-page_H5,"https://tva2.sinaimg.cn/crop.602.13.1066.1066.180/94a292cfjw8epwukp5szrj21hc0u0k7s.jpg?KID=imgbed,tva&Expires=1770549996&ssig=RRtAexukeb"
5263805640870779,1770501324,2026-02-07 21:55:24+08:00,QqBsohUzG,钢珠在镯子里不会碰撞出声音吗？,0,1,1770539196968,山东,5263805640870779,,3917218970,biaoqianer,f,https://m.weibo.cn/u/3917218970?launchid=10000360-page_H5,"https://tvax4.sinaimg.cn/crop.0.0.1080.1080.180/e97c049aly8hp6kj858y3j20u00u0419.jpg?KID=imgbed,tva&Expires=1770549996&ssig=9qWlGnYI4f"
5263804810399045,1770501126,2026-02-07 21:52:06+08:00,QqBsohUzG,好像就咱们国家的商人才这么多猫腻怪不得以前商贾地位最低,0,1,1770539196973,江苏,5263804810399045,,3017809110,江湖-Bigger,m,https://m.weibo.cn/u/3017809110?launchid=10000360-page_H5,"https://tvax3.sinaimg.cn/crop.0.0.996.996.180/b3e01cd6ly8frhaw0b6nbj20ro0ro40o.jpg?KID=imgbed,tva&Expires=1770549996&ssig=17epqZR9a6"
5263800862772077,1770500185,2026-02-07 21:36:25+08:00,QqBsohUzG,啥都作假呀,0,1,1770539196979,甘肃,5263800862772077,,3630283657,雪衣公子85,f,https://m.weibo.cn/u/3630283657?launchid=10000360-page_H5,"https://tvax3.sinaimg.cn/crop.0.0.768.768.180/d861bb89ly8hzanzvakuhj20lc0lcta6.jpg?KID=imgbed,tva&Expires=1770549996&ssig=bJ%2BfWeh6vv"
5263795941280139,1770499012,2026-02-07 21:16:52+08:00,QqBsohUzG,就像买羽绒服 商家赌你不敢拆 ,0,2,1770539196984,上海,5263795941280139,,5625529910,火星的守护者,m,https://m.weibo.cn/u/5625529910?launchid=10000360-page_H5,"https://tva1.sinaimg.cn/crop.0.15.750.750.180/0068I9jojw8fai9jz30u2j30ku0logmb.jpg?KID=imgbed,tva&Expires=1770549996&ssig=KQ5cC5Gvjj"
5263793732716839,1770498485,2026-02-07 21:08:05+08:00,QqBsohUzG,是罕见的金镶钢工艺,0,1,1770539196989,广东,5263793732716839,,1824645665,疯狂暈de濤,m,https://m.weibo.cn/u/1824645665?launchid=10000360-page_H5,"https://tva1.sinaimg.cn/crop.0.0.180.180.180/6cc1e221jw1e8qgp5bmzyj2050050aa8.jpg?KID=imgbed,tva&Expires=1770549996&ssig=dJlVC7bx5f"
5263793309617685,1770498384,2026-02-07 21:06:24+08:00,QqBsohUzG,我的老凤祥也是这样 换款式在别的店融化才发现 但是是一口价买的所以扯也扯不赢,0,1,1770539196994,湖北,5263793309617685,,2828116504,刘火山啦,f,https://m.weibo.cn/u/2828116504?launchid=10000360-page_H5,"https://tvax3.sinaimg.cn/crop.0.0.512.512.180/a891a218ly8gzbmk8ks6dj20e80e83yy.jpg?KID=imgbed,tva&Expires=1770549996&ssig=Tt9IkVgefx"
5263792557529968,1770498205,2026-02-07 21:03:25+08:00,QqBsohUzG,还好？好个der,0,1,1770539196999,浙江,5263792557529968,,2733105752,瓜瓜之王,f,https://m.weibo.cn/u/2733105752?launchid=10000360-page_H5,"https://tva4.sinaimg.cn/crop.0.0.720.720.180/a2e7e258jw8exfys6l9g5j20k00k0q3s.jpg?KID=imgbed,tva&Expires=1770549996&ssig=%2FAedx5v8S1"
5263788496394784,1770497237,2026-02-07 20:47:17+08:00,QqBsohUzG,你早就料到会有这一天，所以不能每一个镯子都用同一招,0,2,1770539197004,四川,5263788496394784,,2669032551,奋斗中的小妞-kattly,f,https://m.weibo.cn/u/2669032551?launchid=10000360-page_H5,"https://tva4.sinaimg.cn/crop.0.0.180.180.180/9f163467jw1e8qgp5bmzyj2050050aa8.jpg?KID=imgbed,tva&Expires=1770549996&ssig=6MzAUeDLvL"
5263786464514328,1770496752,2026-02-07 20:39:12+08:00,QqBsohUzG,水的问题更大啊，水直接证据就消失了，钢珠还没不了，店主放水这招妙啊,0,3,1770539197009,天津,5263786464514328,,6515347331,今儿您吃的嘛,m,https://m.weibo.cn/u/6515347331?launchid=10000360-page_H5,"https://tvax4.sinaimg.cn/crop.0.0.750.750.180/0076VJthly8heezqzscefj30ku0ku0uv.jpg?KID=imgbed,tva&Expires=1770549996&ssig=mfVY2a6tn2"
5263786185591851,1770496686,2026-02-07 20:38:06+08:00,QqBsohUzG,去国外买黄金,0,1,1770539197015,上海,5263786185591851,,3164024261,日出霞飞傅立叶fly,f,https://m.weibo.cn/u/3164024261?launchid=10000360-page_H5,"https://tva4.sinaimg.cn/crop.0.0.180.180.180/bc972dc5jw1e8qgp5bmzyj2050050aa8.jpg?KID=imgbed,tva&Expires=1770549996&ssig=O9xgggFTPw"
5263784622427207,1770496313,2026-02-07 20:31:53+08:00,QqBsohUzG,论造假这一块,1,2,1770539197019,浙江,5263784622427207,,2673152345,__JackieChang,m,https://m.weibo.cn/u/2673152345?launchid=10000360-page_H5,"https://tva1.sinaimg.cn/crop.0.0.180.180.180/9f551159jw1e8qgp5bmzyj2050050aa8.jpg?KID=imgbed,tva&Expires=1770549996&ssig=OWOLOaOe17"
5263782658967855,1770495845,2026-02-07 20:24:05+08:00,QqBsohUzG,水贝水深,0,2,1770539197025,广东,5263782658967855,,7649840237,菲菲和喆喆,m,https://m.weibo.cn/u/7649840237?launchid=10000360-page_H5,"https://tvax1.sinaimg.cn/crop.0.0.1080.1080.180/008lHWTXly8i8xmg3tm9lj30u00u0wfp.jpg?KID=imgbed,tva&Expires=1770549996&ssig=5SS1AP4uoI"
5263782612830805,1770495834,2026-02-07 20:23:54+08:00,QqBsohUzG,深圳水深,0,1,1770539202234,广东,5263782612830805,,7649840237,菲菲和喆喆,m,https://m.weibo.cn/u/7649840237?launchid=10000360-page_H5,"https://tvax1.sinaimg.cn/crop.0.0.1080.1080.180/008lHWTXly8i8xmg3tm9lj30u00u0wfp.jpg?KID=imgbed,tva&Expires=1770550002&ssig=7I1WoodIAn"
5263781802279210,1770495640,2026-02-07 20:20:40+08:00,QqBsohUzG,什么牌子手镯？,0,1,1770539202239,甘肃,5263781802279210,,7503024063,丶Belinna,f,https://m.weibo.cn/u/7503024063?launchid=10000360-page_H5,"https://tvax1.sinaimg.cn/crop.0.0.512.512.180/008bLVj9ly8girj84rzf1j30e80e8t8w.jpg?KID=imgbed,tva&Expires=1770550002&ssig=Sn%2BVbTRyp5"
5264027833338672,1770554299,2026-02-08 12:38:19+08:00,QqBsohUzG,店主喊记者了，那大概率不是他，这事情喊了记者就显著会报警，最后要有一个去坐牢的，店主做的那就不会大张旗鼓了,0,0,1770539202244,浙江,5264027833338672,,1882709600,暴走的熊崽,m,https://m.weibo.cn/u/1882709600?launchid=10000360-page_H5,"https://tva3.sinaimg.cn/crop.0.0.180.180.180/7037de60jw1e8qgp5bmzyj2050050aa8.jpg?KID=imgbed,tva&Expires=1770550002&ssig=q91DsDvjoD"
5264003129676814,1770548409,2026-02-08 11:00:09+08:00,QqBsohUzG,转发微博,0,0,1770539202249,山东,5264003129676814,,2044909751,烟台交通广播高歌,m,https://m.weibo.cn/u/2044909751?launchid=10000360-page_H5,"https://tvax2.sinaimg.cn/crop.0.512.2048.2048.180/79e2d8b7ly1fup66remsmj21kw2dc4qp.jpg?KID=imgbed,tva&Expires=1770550002&ssig=X%2F33ngPbkd"
5263979811441584,1770542850,2026-02-08 09:27:30+08:00,QqBsohUzG,童先生很疑惑。他们为什么会把好好的桌子夹断了？嗯哼，这后面可找什么借口好呢？,0,0,1770539202254,陕西,5263979811441584,,5375579123,杜思梵Cool,m,https://m.weibo.cn/u/5375579123?launchid=10000360-page_H5,"https://tvax1.sinaimg.cn/crop.0.0.996.996.180/005RNnH5ly8g8w1klq4ldj30ro0rodfr.jpg?KID=imgbed,tva&Expires=1770550002&ssig=7hGWtFwhPF"
5263965848338981,1770539521,2026-02-08 08:32:01+08:00,QqBsohUzG,是零陵香,0,0,1770539202260,上海,5263965848338981,,2371847020,寅烛,m,https://m.weibo.cn/u/2371847020?launchid=10000360-page_H5,"https://tva1.sinaimg.cn/crop.0.0.180.180.180/8d5f836cjw1e8qgp5bmzyj2050050aa8.jpg?KID=imgbed,tva&Expires=1770550002&ssig=J407YoWG5A"
5263960448436044,1770538233,2026-02-08 08:10:33+08:00,QqBsohUzG,黄金还是买大品牌叭 ￼,0,0,1770539202265,陕西,5263960448436044,,1672547580,改名字的原因很好笑,f,https://m.weibo.cn/u/1672547580?launchid=10000360-page_H5,"https://tva1.sinaimg.cn/crop.0.0.852.852.180/63b10cfcjw8ewe3fee7z5j20no0nojte.jpg?KID=imgbed,tva&Expires=1770550002&ssig=jaCBnh%2FIBi"
5263952302048612,1770536291,2026-02-08 07:38:11+08:00,QqBsohUzG,你去老凤祥周大福买会掺假嘛？,0,0,1770539202270,浙江,5263952302048612,,6354707435,可以叫我薯片,m,https://m.weibo.cn/u/6354707435?launchid=10000360-page_H5,"https://tvax4.sinaimg.cn/crop.0.0.1080.1080.180/006W3HHdly8gwoz02kds6j30u00u0765.jpg?KID=imgbed,tva&Expires=1770550002&ssig=nUA6h%2B2Jge"
5263947361682782,1770535113,2026-02-08 07:18:33+08:00,QqBsohUzG,真是长见识了，镯子里出钢珠,0,0,1770539202276,山东,5263947361682782,,1350078450,熙兮糖,f,https://m.weibo.cn/u/1350078450?launchid=10000360-page_H5,"https://tvax3.sinaimg.cn/crop.0.0.996.996.180/50788ff2ly8g5oix6qv2aj20ro0rodh8.jpg?KID=imgbed,tva&Expires=1770550002&ssig=hU%2BjDCEqlb"
5263858173215581,1770513848,2026-02-08 01:24:08+08:00,QqBsohUzG,转发微博,0,0,1770539202281,山东,5263858173215581,,5540446447,开往春天的地球,m,https://m.weibo.cn/u/5540446447?launchid=10000360-page_H5,"https://tvax4.sinaimg.cn/crop.104.0.607.607.180/0062X9dtly8gn6u72tc1dj30oy0gv758.jpg?KID=imgbed,tva&Expires=1770550002&ssig=hbktmue4po"
5263848153809012,1770511459,2026-02-08 00:44:19+08:00,QqBsohUzG,卖金子的现在这么黑？！还是千问大气，下载千问APP扫这个二维码就能免费喝奶茶,0,0,1770539202286,河北,5263848153809012,https://wx2.sinaimg.cn/large/675d97e6ly1ia2hp6ep3zj20q414eq9j.jpg,1734186982,猫老师其实很拧巴,f,https://m.weibo.cn/u/1734186982?launchid=10000360-page_H5,"https://tvax1.sinaimg.cn/crop.0.0.1080.1080.180/675d97e6ly8hz3twif10oj20u00u0wgz.jpg?KID=imgbed,tva&Expires=1770550002&ssig=lswJ9Q3ZeE"
5263816439108651,1770503899,2026-02-07 22:38:19+08:00,QqBsohUzG,你能不能不要自己评论,0,1,1770539202291,上海,5263816439108651,,7456367955,从不看评论_不用回复_除了小马甲,f,https://m.weibo.cn/u/7456367955?launchid=10000360-page_H5,"https://tvax1.sinaimg.cn/crop.0.0.1002.1002.180/0088C9Vhly8gevbcuf40hj30ru0ru76q.jpg?KID=imgbed,tva&Expires=1770550002&ssig=w1qOB7rv5U"
5263809885243769,1770502336,2026-02-07 22:12:16+08:00,QqBsohUzG,当利润达到10%时，便有人蠢蠢欲动；  当利润达到50%时，有人敢于铤而走险；  当利润达到100%时，他们敢于践踏人间一切法律,0,0,1770539202296,河南,5263809885243769,,6218395926,爱在0379_,m,https://m.weibo.cn/u/6218395926?launchid=10000360-page_H5,"https://tvax2.sinaimg.cn/crop.0.0.646.646.180/006MPKQuly8he516at7cfj30hy0hygmt.jpg?KID=imgbed,tva&Expires=1770550002&ssig=hXa%2FpRDFUo"
5263806470295044,1770501522,2026-02-07 21:58:42+08:00,QqBsohUzG,有注水猪肉 没想到还有注水黄金,0,1,1770539202302,河南,5263806470295044,,1987505651,高乔森,m,https://m.weibo.cn/u/1987505651?launchid=10000360-page_H5,"https://tvax4.sinaimg.cn/crop.0.0.750.750.180/7676edf3ly8g1vphmpxm3j20ku0kuaar.jpg?KID=imgbed,tva&Expires=1770550002&ssig=DE%2Fi%2Fd7Pa1"
5263805483326370,1770501287,2026-02-07 21:54:47+08:00,QqBsohUzG,水？这也不对啊,0,1,1770539202307,山东,5263805483326370,,6546956686,小小温暖小小可爱,f,https://m.weibo.cn/u/6546956686?launchid=10000360-page_H5,"https://tvax1.sinaimg.cn/crop.0.0.946.946.180/00794mvAly8hocpfyt2fuj30qa0qadgh.jpg?KID=imgbed,tva&Expires=1770550002&ssig=yfVgRsq1L3"
5263797528298834,1770499390,2026-02-07 21:23:10+08:00,QqBsohUzG,买啥黄金，还会遇到假的,0,0,1770539202312,江苏,5263797528298834,,2527827552,爽朗的dzis,m,https://m.weibo.cn/u/2527827552?launchid=10000360-page_H5,"https://tva2.sinaimg.cn/crop.0.0.180.180.180/96ab9660jw1e8qgp5bmzyj2050050aa8.jpg?KID=imgbed,tva&Expires=1770550002&ssig=dZCArBWN6z"
5263797333789440,1770499344,2026-02-07 21:22:24+08:00,QqBsohUzG,有关部门好好查查他这个店吧,0,1,1770539202317,北京,5263797333789440,,6095794638,如果衙门没有包青天A,f,https://m.weibo.cn/u/6095794638?launchid=10000360-page_H5,"https://tvax2.sinaimg.cn/crop.0.0.512.512.180/006ExkEmly8fyd6f8fq8nj30e80e8glk.jpg?KID=imgbed,tva&Expires=1770550002&ssig=8gJUKyt2Dq"
5263797055128898,1770499276,2026-02-07 21:21:16+08:00,QqBsohUzG,@九红东升 果然在利益面前……,0,0,1770539202322,河北,5263797055128898,,5613222318,蜜桃跃星河,m,https://m.weibo.cn/u/5613222318?launchid=10000360-page_H5,"https://tvax1.sinaimg.cn/crop.0.0.960.960.180/0067SvxQly8i5xb2ekkhmj30qo0qon0d.jpg?KID=imgbed,tva&Expires=1770550002&ssig=LsarcIzOOj"
5263796774111665,1770499210,2026-02-07 21:20:10+08:00,QqBsohUzG,有水的应该把水排干净后测测克数,0,0,1770539202327,河北,5263796774111665,,7438251929,一碗春秋煨岁长,m,https://m.weibo.cn/u/7438251929?launchid=10000360-page_H5,"https://tvax2.sinaimg.cn/crop.0.0.1080.1080.180/0087o97jly8i4p2q6dx5ij30u00u0djk.jpg?KID=imgbed,tva&Expires=1770550002&ssig=XsN0UI1h7y"
5263796148898634,1770499061,2026-02-07 21:17:41+08:00,QqBsohUzG,"你若拥有一颗宽容善良的心,你就会拥有快乐,你若拥有充满生机的心,你就会拥有健康幸福,其实生容易,活容易,生活却不易。若把心比做路,心宽路就宽,越走越舒坦。 人生的路经历过,才知道有短有长;岁月,在无憾中微笑,才美丽;回过头,想着明天抱一抱。 那些年最初的梦想在我们心中依旧完美,我们只需要记住那",0,0,1770539202333,重庆,5263796148898634,,5990487817,妯尧祎,f,https://m.weibo.cn/u/5990487817?launchid=10000360-page_H5,"https://tvax1.sinaimg.cn/crop.0.0.1080.1080.180/006xptxfly8ia2800l24uj30u00u0gn0.jpg?KID=imgbed,tva&Expires=1770550002&ssig=iFIOsCC0hO"
5263796067106932,1770499041,2026-02-07 21:17:21+08:00,QqBsohUzG,不止牛羊肉，黄金也能注水了,0,1,1770539212288,广东,5263796067106932,,3898643861,wb沙包太多匿了,m,https://m.weibo.cn/u/3898643861?launchid=10000360-page_H5,"https://tvax4.sinaimg.cn/crop.0.0.751.751.180/e8609595ly8fymw0p6qdvj20kv0kvt9j.jpg?KID=imgbed,tva&Expires=1770550012&ssig=eN4pGw%2F8Ax"
5263796058981433,1770499040,2026-02-07 21:17:20+08:00,QqBsohUzG,真正让人变好的选择，过程都不会很舒服。你明知道躺在床上睡懒觉更舒服，但还是一早就起床；你明知道什么都不做比较轻松，但依旧选择追逐梦想。这就是生活，你必须坚持下去。 ,0,0,1770539212294,重庆,5263796058981433,,5990487817,妯尧祎,f,https://m.weibo.cn/u/5990487817?launchid=10000360-page_H5,"https://tvax1.sinaimg.cn/crop.0.0.1080.1080.180/006xptxfly8ia2800l24uj30u00u0gn0.jpg?KID=imgbed,tva&Expires=1770550012&ssig=yM09ryQZC2"
5263795880461591,1770498997,2026-02-07 21:16:37+08:00,QqBsohUzG,"人人存善念,并能日行一善,则个人、家庭、社会一定安乐祥和。这世上,有时笑笑人家,有时给别人笑笑,放轻松,给自己快乐,也给别人快乐。同学丢一张纸屑一那是制造恶业;我们捡起一张纸屑一这是累积善业。",0,0,1770539212299,重庆,5263795880461591,,5990487817,妯尧祎,f,https://m.weibo.cn/u/5990487817?launchid=10000360-page_H5,"https://tvax1.sinaimg.cn/crop.0.0.1080.1080.180/006xptxfly8ia2800l24uj30u00u0gn0.jpg?KID=imgbed,tva&Expires=1770550012&ssig=yM09ryQZC2"
5263795850576899,1770498990,2026-02-07 21:16:30+08:00,QqBsohUzG,拼搏如一汪清水，有源则灵，沉寂而终；拼搏如向日之花，有光则茁，无温而萎；拼搏如扬起之帆，顺风则行，无风则止；拼搏如穿石之滴，有恒则稳，无疾而终。,0,0,1770539212304,重庆,5263795850576899,,5990487817,妯尧祎,f,https://m.weibo.cn/u/5990487817?launchid=10000360-page_H5,"https://tvax1.sinaimg.cn/crop.0.0.1080.1080.180/006xptxfly8ia2800l24uj30u00u0gn0.jpg?KID=imgbed,tva&Expires=1770550012&ssig=yM09ryQZC2"
5263795763283377,1770498969,2026-02-07 21:16:09+08:00,QqBsohUzG,人生的路经历过，才知道有短有长；岁月，在无憾中微笑，才美丽；回过头，想着明天抱一抱。那些年最初的梦想在我们心中依旧完美，我们只需要记住那些完美。把握此刻，活在当下才是真理。,0,0,1770539212310,重庆,5263795763283377,,5990487817,妯尧祎,f,https://m.weibo.cn/u/5990487817?launchid=10000360-page_H5,"https://tvax1.sinaimg.cn/crop.0.0.1080.1080.180/006xptxfly8ia2800l24uj30u00u0gn0.jpg?KID=imgbed,tva&Expires=1770550012&ssig=yM09ryQZC2"
5263794507092998,1770498670,2026-02-07 21:11:10+08:00,QqBsohUzG,这玩意水太深，最好别买。你不买我不买，他就不值钱,0,0,1770539212315,广东,5263794507092998,,7783447879,zzz-Mars,m,https://m.weibo.cn/u/7783447879?launchid=10000360-page_H5,"https://tvax3.sinaimg.cn/crop.0.0.1006.1006.180/008uKylVly8h5bboao162j30ry0rywh6.jpg?KID=imgbed,tva&Expires=1770550012&ssig=NG5D4xwZ1y"
5263794127244074,1770498579,2026-02-07 21:09:39+08:00,QqBsohUzG,,0,0,1770539212320,海南,5263794127244074,,5545688125,可爱的菲爷,m,https://m.weibo.cn/u/5545688125?launchid=10000360-page_H5,"https://tvax1.sinaimg.cn/crop.0.0.1080.1080.180/0063j8OFly8h0u8zbp91dj30u00u0adj.jpg?KID=imgbed,tva&Expires=1770550012&ssig=zdqmTWdFuE"
5263794042832911,1770498559,2026-02-07 21:09:19+08:00,QqBsohUzG,快来参与 领取¥25,0,0,1770539212325,福建,5263794042832911,https://wx3.sinaimg.cn/large/008hSNhpgy1ia2bhxp2m1j30u01af0z4.jpg,7593319515,大战飞飞388回合,f,https://m.weibo.cn/u/7593319515?launchid=10000360-page_H5,"https://tvax2.sinaimg.cn/crop.0.0.687.687.180/008hSNhply8hgduktvza6j30j30j3mxy.jpg?KID=imgbed,tva&Expires=1770550012&ssig=XscnPtNuLr"
5263793195061923,1770498357,2026-02-07 21:05:57+08:00,QqBsohUzG,不可能有钢珠，如果有的话，平时佩戴了，会有晃动的响声，早就会发现里面有东西的,0,0,1770539212330,上海,5263793195061923,,7439686918,面食终极爱好者Ying,f,https://m.weibo.cn/u/7439686918?launchid=10000360-page_H5,"https://tvax1.sinaimg.cn/crop.0.0.996.996.180/0087uaqily8gj5kru6ey7j30ro0rogn7.jpg?KID=imgbed,tva&Expires=1770550012&ssig=JgAC%2BQI6D%2F"
5263792269166316,1770498136,2026-02-07 21:02:16+08:00,QqBsohUzG,🐈⬛白猫抓住🐭的是好🐱,0,0,1770539212336,广东,5263792269166316,,2462796393,乌喂木喂恩捏吞喂乌喂乌喂哦萨斯,m,https://m.weibo.cn/u/2462796393?launchid=10000360-page_H5,"https://tvax2.sinaimg.cn/crop.0.0.500.500.180/92cb4a69ly8i2pu8evn2gj20dw0dwabc.jpg?KID=imgbed,tva&Expires=1770550012&ssig=F%2FPhKg6M4z"
5263791912917274,1770498051,2026-02-07 21:00:51+08:00,QqBsohUzG,真是无所不有,0,0,1770539212341,浙江,5263791912917274,,1936418293,51FJun,f,https://m.weibo.cn/u/1936418293?launchid=10000360-page_H5,"https://tvax3.sinaimg.cn/crop.0.0.750.750.180/736b65f5ly8fxlq7blc8oj20ku0kumy3.jpg?KID=imgbed,tva&Expires=1770550012&ssig=lkKdnAytR9"
5263791333573294,1770497912,2026-02-07 20:58:32+08:00,QqBsohUzG,越贵越造假,0,0,1770539212347,山东,5263791333573294,,7849946358,JN听岚,f,https://m.weibo.cn/u/7849946358?launchid=10000360-page_H5,"https://tvax2.sinaimg.cn/crop.0.0.1080.1080.180/008zfzE2ly8i9bsnnhdslj30u00u0dtc.jpg?KID=imgbed,tva&Expires=1770550012&ssig=7IHcjOH8JI"
5263791119404080,1770497862,2026-02-07 20:57:42+08:00,QqBsohUzG,黄金继续涨价，喜大普奔,0,0,1770539212352,黑龙江,5263791119404080,,7729217691,LYN穿过风华雪月的流年LYN,f,https://m.weibo.cn/u/7729217691?launchid=10000360-page_H5,"https://tvax1.sinaimg.cn/crop.0.0.1080.1080.180/008r50Btly8i5pv95nk7zj30u00u0q59.jpg?KID=imgbed,tva&Expires=1770550012&ssig=lkRAg8xaFd"
5263790220509289,1770497647,2026-02-07 20:54:07+08:00,QqBsohUzG,是不是哪个员工工资给低了故意搞事，很有可能,0,0,1770539212356,广东,5263790220509289,,2451181857,时光移动了记忆,m,https://m.weibo.cn/u/2451181857?launchid=10000360-page_H5,"https://tvax1.sinaimg.cn/crop.0.0.500.500.180/921a1121ly8ia2z9yx5bij20dw0dwmyd.jpg?KID=imgbed,tva&Expires=1770550012&ssig=YF%2BE4OTdGm"
5263790083934665,1770497615,2026-02-07 20:53:35+08:00,QqBsohUzG,零陵香？,0,0,1770539212362,广东,5263790083934665,,7387544504,捞月亮的人ld,m,https://m.weibo.cn/u/7387544504?launchid=10000360-page_H5,"https://tvax2.sinaimg.cn/crop.0.0.1002.1002.180/0083XnNCly8gbmtp8vvt7j30ru0rvwfe.jpg?KID=imgbed,tva&Expires=1770550012&ssig=O2khwq0LJY"
5263789280724438,1770497424,2026-02-07 20:50:24+08:00,QqBsohUzG,这种事情，要国家立法，禁止奢侈办理婚礼,0,0,1770539212368,广东,5263789280724438,,1765599500,NOATO,m,https://m.weibo.cn/u/1765599500?launchid=10000360-page_H5,"https://tvax3.sinaimg.cn/crop.0.0.512.512.180/693ce90cly8hc9wzw2y3xj20e80e83yu.jpg?KID=imgbed,tva&Expires=1770550012&ssig=y1F3sP3NTs"
5263788588929591,1770497259,2026-02-07 20:47:39+08:00,QqBsohUzG,我还以为掉出了零陵香,0,0,1770539212373,浙江,5263788588929591,,7827490539,星海云初,m,https://m.weibo.cn/u/7827490539?launchid=10000360-page_H5,"https://tvax4.sinaimg.cn/crop.0.0.132.132.180/008xJlRply4hc2ujf9dmxj303o03oglh.jpg?KID=imgbed,tva&Expires=1770550012&ssig=EWYoWtgxIT"
5263788461002177,1770497228,2026-02-07 20:47:08+08:00,QqBsohUzG,如懿传？,0,0,1770539212379,福建,5263788461002177,,1426435874,加油陈小强,m,https://m.weibo.cn/u/1426435874?launchid=10000360-page_H5,"https://tvax1.sinaimg.cn/crop.0.0.1080.1080.180/5505af22ly8hyfafnlx4bj20u00u0qan.jpg?KID=imgbed,tva&Expires=1770550012&ssig=klnRv7LyfB"
5263786961276255,1770496871,2026-02-07 20:41:11+08:00,QqBsohUzG,这就过分了,0,0,1770539212384,河北,5263786961276255,,5700216664,阳光很幸福,m,https://m.weibo.cn/u/5700216664?launchid=10000360-page_H5,"https://tvax1.sinaimg.cn/crop.0.0.388.388.180/006dLwKsly8hn9mqteu3ej30as0asaac.jpg?KID=imgbed,tva&Expires=1770550012&ssig=4dXer1W3S7"
5263786904126130,1770496856,2026-02-07 20:40:56+08:00,QqBsohUzG,有点吓人,0,0,1770539212390,四川,5263786904126130,,2132440971,pvpv-,f,https://m.weibo.cn/u/2132440971?launchid=10000360-page_H5,"https://tvax1.sinaimg.cn/crop.0.0.480.480.180/7f1a778bly8i08iee397hj20dc0dcq3h.jpg?KID=imgbed,tva&Expires=1770550012&ssig=5pQacvDn4g"
5263781439475224,1770495554,2026-02-07 20:19:14+08:00,QqLeitPfs,信任真的太难了,0,0,1770539226861,河北,5263781439475224,,7781087126,小春悸,f,https://m.weibo.cn/u/7781087126?launchid=10000360-page_H5,"https://tvax3.sinaimg.cn/crop.0.0.1080.1080.180/008uAEdgly8i304whj42qj30u00u0mz3.jpg?KID=imgbed,tva&Expires=1770550026&ssig=bRVqfN2aNW"
5263789574326412,1770497494,2026-02-07 20:51:34+08:00,QqLeitPfs,也是离谱,0,0,1770539226867,浙江,5263789574326412,,1093484494,AC流萤,f,https://m.weibo.cn/u/1093484494?launchid=10000360-page_H5,"https://tvax3.sinaimg.cn/crop.0.0.809.809.180/412d3fcely8hjxcghd1xhj20mh0mhmyt.jpg?KID=imgbed,tva&Expires=1770550026&ssig=cov9Y0m4R2"
5263781341961673,1770495531,2026-02-07 20:18:51+08:00,QqLeitPfs,震惊了,0,0,1770539226872,河北,5263781341961673,,8009430753,彼此相信就能走到永远,f,https://m.weibo.cn/u/8009430753?launchid=10000360-page_H5,"https://tvax2.sinaimg.cn/crop.0.0.1080.1080.180/008K2KOZly8i301r6tlb5j30u00u0q5a.jpg?KID=imgbed,tva&Expires=1770550026&ssig=axnlvfOfL3"
5263781179687738,1770495491,2026-02-07 20:18:11+08:00,QqLeitPfs,真没想到啊,0,0,1770539226876,河北,5263781179687738,,8009430846,奀悸,f,https://m.weibo.cn/u/8009430846?launchid=10000360-page_H5,"https://tvax1.sinaimg.cn/crop.0.0.1080.1080.180/008K2KQuly8i301t0uqbjj30u00u0mzt.jpg?KID=imgbed,tva&Expires=1770550026&ssig=9pgSRY5tui"
5263967224072737,1770539849,2026-02-08 08:37:29+08:00,QqLjKoFjZ,过份,0,0,1770539238799,广东,5263967224072737,,6681767031,亮亮创江湖,f,https://m.weibo.cn/u/6681767031?launchid=10000360-page_H5,"https://tvax3.sinaimg.cn/crop.0.0.1080.1080.180/007ic0PZly8i86q8ls6yaj30u00u0dhv.jpg?KID=imgbed,tva&Expires=1770550038&ssig=lGf0lciLXI"
5263832266312895,1770507672,2026-02-07 23:41:12+08:00,QqLjKoFjZ,离谱了,0,0,1770539238805,山西,5263832266312895,,7080469108,单调i2006,f,https://m.weibo.cn/u/7080469108?launchid=10000360-page_H5,"https://tvax4.sinaimg.cn/crop.0.0.996.996.180/007JaVsEly8gmmzocvhq5j30ro0rodhx.jpg?KID=imgbed,tva&Expires=1770550038&ssig=Rwu1pxILyD"
5263808404130731,1770501983,2026-02-07 22:06:23+08:00,QqLjKoFjZ,太黑了,0,0,1770539238810,广东,5263808404130731,,7716766255,蜡笔小星星8668,m,https://m.weibo.cn/u/7716766255?launchid=10000360-page_H5,"https://tvax4.sinaimg.cn/crop.0.0.1024.1024.180/008qeLpRly8i4006cx0zsj30sg0sgjsc.jpg?KID=imgbed,tva&Expires=1770550038&ssig=hV9qBv0NIR"
5263807679304213,1770501810,2026-02-07 22:03:30+08:00,QqLjKoFjZ,,0,0,1770539238816,安徽,5263807679304213,,7579185266,靠谱先生823,m,https://m.weibo.cn/u/7579185266?launchid=10000360-page_H5,"https://tvax4.sinaimg.cn/crop.0.0.1080.1080.180/008gVujEly8h1ju65k3loj30u00u1jzj.jpg?KID=imgbed,tva&Expires=1770550038&ssig=BMBgjUkO5Z"
5263789476024550,1770497470,2026-02-07 20:51:10+08:00,QqLjKoFjZ,看看能不能起诉吧,0,0,1770539238822,河北,5263789476024550,,8013908178,可可-可乐兔,m,https://m.weibo.cn/u/8013908178?launchid=10000360-page_H5,"https://tvax2.sinaimg.cn/crop.0.0.1080.1080.180/008KlxBwly8i5fik2cw58j30u00u0abr.jpg?KID=imgbed,tva&Expires=1770550038&ssig=vgpk4sgC%2B0"
5263784307852696,1770496238,2026-02-07 20:30:38+08:00,QqLjKoFjZ,商家太黑了,0,0,1770539238828,湖北,5263784307852696,,7560909470,蓝南的牛奶甜果,m,https://m.weibo.cn/u/7560909470?launchid=10000360-page_H5,"https://tvax3.sinaimg.cn/crop.0.0.1080.1080.180/008fGNWKly8i6ymq8jk4aj30u00u0gng.jpg?KID=imgbed,tva&Expires=1770550038&ssig=Hk31Ec6n92"
5263977900935000,1770542394,2026-02-08 09:19:54+08:00,QqLjKoFjZ,怪不得克数多呢,0,0,1770539238834,北京,5263977900935000,,3785681543,爱情骗子号,f,https://m.weibo.cn/u/3785681543?launchid=10000360-page_H5,"https://tva2.sinaimg.cn/crop.0.0.500.500.180/e1a4ea87jw8e8m351yapuj20dw0dwdg9.jpg?KID=imgbed,tva&Expires=1770550038&ssig=WzHjE78N4B"
5263903193825424,1770524583,2026-02-08 04:23:03+08:00,QqLjKoFjZ,黑,0,0,1770539238840,广东,5263903193825424,,5995348759,智慧无穷人,m,https://m.weibo.cn/u/5995348759?launchid=10000360-page_H5,"https://tva1.sinaimg.cn/crop.0.0.996.996.180/006xJS5xjw8f6gwvogwh6j30ro0rptag.jpg?KID=imgbed,tva&Expires=1770550038&ssig=7SFc35lAQ8"
5263856389849131,1770513423,2026-02-08 01:17:03+08:00,QqLjKoFjZ,,0,0,1770539238846,广东,5263856389849131,,7943273764,阴阳说游,m,https://m.weibo.cn/u/7943273764?launchid=10000360-page_H5,"https://tvax2.sinaimg.cn/crop.0.0.234.234.180/008FzamMly8hy42rgsfipj306i06ijrc.jpg?KID=imgbed,tva&Expires=1770550038&ssig=yaBHuj%2BuNb"
5263809309577342,1770502199,2026-02-07 22:09:59+08:00,QqLjKoFjZ,无良商家,0,0,1770539238852,新疆,5263809309577342,,3767738237,粥哥的小弟,m,https://m.weibo.cn/u/3767738237?launchid=10000360-page_H5,"https://tvax4.sinaimg.cn/crop.0.0.996.996.180/e0931f7dly8fe0pyev91bj20ro0rowgv.jpg?KID=imgbed,tva&Expires=1770550038&ssig=%2Fh295o5GJA"
5263807078207959,1770501667,2026-02-07 22:01:07+08:00,QqLjKoFjZ,,0,0,1770539238859,贵州,5263807078207959,,6522432749,坚定的漫步者,m,https://m.weibo.cn/u/6522432749?launchid=10000360-page_H5,"https://tvax4.sinaimg.cn/crop.0.0.1024.1024.180/0077psIdly8hpgoup2u2bj30sg0sgq6a.jpg?KID=imgbed,tva&Expires=1770550038&ssig=Ob%2BFX1Uu6U"
5263805699069795,1770501338,2026-02-07 21:55:38+08:00,QqLjKoFjZ,买这些贵重金属还是要注意一点。,0,0,1770539238864,浙江,5263805699069795,,2119176290,晨风睿语,m,https://m.weibo.cn/u/2119176290?launchid=10000360-page_H5,"https://tvax2.sinaimg.cn/crop.0.0.630.630.180/7e501062ly8hdfshv3ggzj20hi0hiwfd.jpg?KID=imgbed,tva&Expires=1770550038&ssig=I%2F0jPLIkS8"
5263803694450759,1770500860,2026-02-07 21:47:40+08:00,QqLjKoFjZ,,0,0,1770539238870,河南,5263803694450759,,7845716864,是来子啊,m,https://m.weibo.cn/u/7845716864?launchid=10000360-page_H5,"https://tvax4.sinaimg.cn/crop.0.0.1080.1080.180/008yXPmoly8i8p98rvjspj30u00u0di3.jpg?KID=imgbed,tva&Expires=1770550038&ssig=jwJWqXC90X"
5263796555748527,1770499158,2026-02-07 21:19:18+08:00,QqLjKoFjZ,太黑了吧,0,0,1770539238877,黑龙江,5263796555748527,,5541034314,天以黑了,m,https://m.weibo.cn/u/5541034314?launchid=10000360-page_H5,"https://tva1.sinaimg.cn/crop.0.0.720.720.180/0062ZC9cjw8eqmoq8gg10j30k00k0ta3.jpg?KID=imgbed,tva&Expires=1770550038&ssig=7Rfpat%2Brab"
5263795180278288,1770498830,2026-02-07 21:13:50+08:00,QqLjKoFjZ,妥妥的造假,0,0,1770539238883,陕西,5263795180278288,,7774030926,逆天而行AK,m,https://m.weibo.cn/u/7774030926?launchid=10000360-page_H5,"https://tvax4.sinaimg.cn/crop.0.0.1024.1024.180/008u72zAly8hrfz2tue03j30sg0shjv4.jpg?KID=imgbed,tva&Expires=1770550038&ssig=QKR4J875st"
5263793617637167,1770498458,2026-02-07 21:07:38+08:00,QqLjKoFjZ,假假真真,0,0,1770539238888,江苏,5263793617637167,,6245128067,瑶瑶鹿拽,f,https://m.weibo.cn/u/6245128067?launchid=10000360-page_H5,"https://tvax2.sinaimg.cn/crop.0.0.1242.1242.180/006ODV63ly8fsoy0el2j2j30yi0yigoh.jpg?KID=imgbed,tva&Expires=1770550038&ssig=4GZJZm7nUY"
5263790435205616,1770497698,2026-02-07 20:54:58+08:00,QqLjKoFjZ,还得去专柜买,0,0,1770539238894,北京,5263790435205616,,5847311671,每天摸鱼的倒霉蛋儿,f,https://m.weibo.cn/u/5847311671?launchid=10000360-page_H5,"https://tvax4.sinaimg.cn/crop.0.0.803.803.180/006nIISzly8i5s8gn00rqj30mb0mb75r.jpg?KID=imgbed,tva&Expires=1770550038&ssig=L8gYg4enVO"
5263786548402520,1770496772,2026-02-07 20:39:32+08:00,QqLjKoFjZ,这也太暴利了,0,0,1770539238900,福建,5263786548402520,,1811256610,人间清醒院校,m,https://m.weibo.cn/u/1811256610?launchid=10000360-page_H5,"https://tvax1.sinaimg.cn/crop.0.0.500.500.180/6bf59522ly8i7xn8qof0lj20dw0dwq46.jpg?KID=imgbed,tva&Expires=1770550038&ssig=gzz9zhapm1"
5263785896183169,1770496617,2026-02-07 20:36:57+08:00,QqLjKoFjZ,啥牌子的,0,0,1770539238906,陕西,5263785896183169,,6289486422,福澤綿長張宇鑫,m,https://m.weibo.cn/u/6289486422?launchid=10000360-page_H5,"https://tvax2.sinaimg.cn/crop.0.0.1080.1080.180/006RE2Joly8i8ujuuvnkaj30u00u0dj9.jpg?KID=imgbed,tva&Expires=1770550038&ssig=NGUH4ftjlJ"
5263784472221838,1770496277,2026-02-07 20:31:17+08:00,QqLjKoFjZ,大家一定要擦亮眼睛买,0,0,1770539238913,江苏,5263784472221838,,7787925745,Cheese的起司,m,https://m.weibo.cn/u/7787925745?launchid=10000360-page_H5,"https://tvax4.sinaimg.cn/crop.0.0.1080.1080.180/008v3lfzly8hymnryg1h5j30u00u0tap.jpg?KID=imgbed,tva&Expires=1770550038&ssig=MBJ7%2FrvwTR"
5263784346127338,1770496247,2026-02-07 20:30:47+08:00,QqLjKoFjZ,妈呀怎么什么都造假,0,0,1770539238919,山东,5263784346127338,,6056578515,星空86305,f,https://m.weibo.cn/u/6056578515?launchid=10000360-page_H5,"https://tvax3.sinaimg.cn/crop.0.0.1080.1080.180/006BSMKfly8i8nj5i4tp7j30u00u0q5z.jpg?KID=imgbed,tva&Expires=1770550038&ssig=uyboAHuZu5"
5263784274560871,1770496230,2026-02-07 20:30:30+08:00,QqLjKoFjZ,,0,0,1770539241379,河南,5263784274560871,,7715458363,王爱Randi,f,https://m.weibo.cn/u/7715458363?launchid=10000360-page_H5,"https://tvax4.sinaimg.cn/crop.0.0.1080.1080.180/008q9haPly8gz9updgcizj30u00u03zl.jpg?KID=imgbed,tva&Expires=1770550041&ssig=H4tuUARFS8"
5263784256216050,1770496226,2026-02-07 20:30:26+08:00,QqLjKoFjZ,,0,0,1770539241385,河南,5263784256216050,,7715458363,王爱Randi,f,https://m.weibo.cn/u/7715458363?launchid=10000360-page_H5,"https://tvax4.sinaimg.cn/crop.0.0.1080.1080.180/008q9haPly8gz9updgcizj30u00u03zl.jpg?KID=imgbed,tva&Expires=1770550041&ssig=H4tuUARFS8"
5263822505377860,1770505344,2026-02-07 23:02:24+08:00,QqLjKoFjZ,黑心商家,0,0,1770539241391,浙江,5263822505377860,,5770370023,奈笙子,m,https://m.weibo.cn/u/5770370023?launchid=10000360-page_H5,"https://tvax4.sinaimg.cn/crop.0.0.1080.1080.180/006ivSQfly8i178ax1p4bj30u00u0dh3.jpg?KID=imgbed,tva&Expires=1770550041&ssig=gSZC2PbvaK"
5263799508537636,1770499862,2026-02-07 21:31:02+08:00,QqLjKoFjZ,哇噻,0,0,1770539241397,广西,5263799508537636,,9065036850,Amelia苏州赵丽颖,m,https://m.weibo.cn/u/9065036850?launchid=10000360-page_H5,"https://tvax4.sinaimg.cn/crop.0.0.1079.1079.180/009TtYbMly8i9vjqbqy8oj30tz0tzq56.jpg?KID=imgbed,tva&Expires=1770550041&ssig=S2JLDs93qm"
5263786761521928,1770496823,2026-02-07 20:40:23+08:00,QqLjKoFjZ,还是得去大品牌店买,0,0,1770539241403,广西,5263786761521928,,1654876592,才疏学浅的小才子,m,https://m.weibo.cn/u/1654876592?launchid=10000360-page_H5,"https://tvax2.sinaimg.cn/crop.0.0.1080.1080.180/62a369b0ly8hrmi1jfhp4j20u00u076z.jpg?KID=imgbed,tva&Expires=1770550041&ssig=RuClC9TIXl"
5263783335298660,1770496006,2026-02-07 20:26:46+08:00,QqLfVynlF,,0,0,1770539256799,湖北,5263783335298660,,5260533737,夜静云帆月影低,f,https://m.weibo.cn/u/5260533737?launchid=10000360-page_H5,"https://tvax1.sinaimg.cn/default/images/default_avatar_female_180.gif?KID=imgbed,tva&Expires=1770550056&ssig=ayUd25rdyh"
5263783654326663,1770496081,2026-02-07 20:28:01+08:00,QqLi0nqed,666骂一句商家还被折叠了？,2,6,1770539273406,山东,5263783654326663,,4054931867,烽貅,f,https://m.weibo.cn/u/4054931867?launchid=10000360-page_H5,"https://tvax2.sinaimg.cn/crop.0.0.1080.1080.180/f1b1599bly8i982oawgpkj20u00u043q.jpg?KID=imgbed,tva&Expires=1770550073&ssig=Zd6Xr95oQY"
5263783541080488,1770496054,2026-02-07 20:27:34+08:00,QqLi0nqed,商家还要脸吗？,0,4,1770539273412,山东,5263783541080488,,4054931867,烽貅,f,https://m.weibo.cn/u/4054931867?launchid=10000360-page_H5,"https://tvax2.sinaimg.cn/crop.0.0.1080.1080.180/f1b1599bly8i982oawgpkj20u00u043q.jpg?KID=imgbed,tva&Expires=1770550073&ssig=Zd6Xr95oQY"
5263788209343328,1770497168,2026-02-07 20:46:08+08:00,QqLi0nqed,@烽貅: 666骂一句商家还被折叠了？,1,2,1770539273418,重庆,5263788209343328,,7749631011,睡到夏以周,f,https://m.weibo.cn/u/7749631011?launchid=10000360-page_H5,"https://tvax2.sinaimg.cn/crop.0.0.1080.1080.180/008ssF2zly8i9t9c7az5hj30u00u0dhs.jpg?KID=imgbed,tva&Expires=1770550073&ssig=kNRJal0dur"
5263783272385360,1770495991,2026-02-07 20:26:31+08:00,QqLi0nqed,好神奇吧,0,3,1770539273423,山东,5263783272385360,,4079908808,拾襄幡,f,https://m.weibo.cn/u/4079908808?launchid=10000360-page_H5,"https://tvax1.sinaimg.cn/crop.0.0.1080.1080.180/f32e77c8ly8i9ah0c4tc4j20u00u0n1s.jpg?KID=imgbed,tva&Expires=1770550073&ssig=4zjtGP36CH"
5263789360676988,1770497442,2026-02-07 20:50:42+08:00,QqLi0nqed,哦哦哦哦哦哦哦哦哦,0,1,1770539273429,重庆,5263789360676988,,7749631011,睡到夏以周,f,https://m.weibo.cn/u/7749631011?launchid=10000360-page_H5,"https://tvax2.sinaimg.cn/crop.0.0.1080.1080.180/008ssF2zly8i9t9c7az5hj30u00u0dhs.jpg?KID=imgbed,tva&Expires=1770550073&ssig=kNRJal0dur"
5263788653675232,1770497273,2026-02-07 20:47:53+08:00,QqLi0nqed,卧槽这么牛,1,1,1770539273434,福建,5263788653675232,,7012292837,昼烆,m,https://m.weibo.cn/u/7012292837?launchid=10000360-page_H5,"https://tvax4.sinaimg.cn/crop.0.0.1080.1080.180/007EyRHnly8i9krobmn3aj30u00u0764.jpg?KID=imgbed,tva&Expires=1770550073&ssig=eRcvAACnQn"
5263788584735916,1770497258,2026-02-07 20:47:38+08:00,QqLi0nqed,这商家还真是胆子大,1,1,1770539273440,山东,5263788584735916,,5803131828,晴昼当归,f,https://m.weibo.cn/u/5803131828?launchid=10000360-page_H5,"https://tvax3.sinaimg.cn/crop.0.0.1080.1080.180/006kJlGsly8i8oucahzuhj30u00u0mzi.jpg?KID=imgbed,tva&Expires=1770550073&ssig=wx6BXMEjDn"
5263783956058788,1770496154,2026-02-07 20:29:14+08:00,QqLi0nqed,牛B，商家你怎么不卖钢珠手镯呢？,0,3,1770539273445,山东,5263783956058788,,8240828638,三维坐标系618,m,https://m.weibo.cn/u/8240828638?launchid=10000360-page_H5,"https://tvax3.sinaimg.cn/crop.0.0.132.132.180/008ZHFYWly4i5c1k2a81mj303o03owea.jpg?KID=imgbed,tva&Expires=1770550073&ssig=UkUfyMi%2Faj"
5263790587514853,1770497735,2026-02-07 20:55:35+08:00,QqLi0nqed,我嘞个豆，哪里买的我要避雷,1,1,1770539273451,广西,5263790587514853,,7799173238,炼奶大红袍,f,https://m.weibo.cn/u/7799173238?launchid=10000360-page_H5,"https://tvax4.sinaimg.cn/crop.0.0.1080.1080.180/008vOxeKly8i853vhqxhlj30u00u0q6u.jpg?KID=imgbed,tva&Expires=1770550073&ssig=yfKhNavZOr"
5263785539406113,1770496532,2026-02-07 20:35:32+08:00,QqLi0nqed,太可恶,4,1,1770539273457,江西,5263785539406113,,7309335726,半山静水,m,https://m.weibo.cn/u/7309335726?launchid=10000360-page_H5,"https://tvax2.sinaimg.cn/crop.0.0.996.996.180/007YFe7Ily8gq1grmmtj4j30ro0romys.jpg?KID=imgbed,tva&Expires=1770550073&ssig=bKNebWfx5K"
5263784086081457,1770496185,2026-02-07 20:29:45+08:00,QqLi0nqed,日行一善，积善成德，人要有善良的心，宽广的心，美好的心，感恩的心，力所能及做一些好事,0,0,1770539273462,山东,5263784086081457,,7995519988,牛_噜,f,https://m.weibo.cn/u/7995519988?launchid=10000360-page_H5,"https://tvax4.sinaimg.cn/crop.0.0.1080.1080.180/008J6nZOly8i86s1jkxppj30u00u0taw.jpg?KID=imgbed,tva&Expires=1770550073&ssig=fcQvsUdtYP"
5263783586955583,1770496065,2026-02-07 20:27:45+08:00,QqLi0nqed,日行一善，积善成德，人要有善良的心，宽广的心，美好的心，感恩的心，力所能及做一些好事,0,0,1770539273469,山东,5263783586955583,,4054931867,烽貅,f,https://m.weibo.cn/u/4054931867?launchid=10000360-page_H5,"https://tvax2.sinaimg.cn/crop.0.0.1080.1080.180/f1b1599bly8i982oawgpkj20u00u043q.jpg?KID=imgbed,tva&Expires=1770550073&ssig=Zd6Xr95oQY"
5263789458984712,1770497466,2026-02-07 20:51:06+08:00,QqLi0nqed,@烽貅: 商家还要脸吗？,0,1,1770539273475,重庆,5263789458984712,,7749631011,睡到夏以周,f,https://m.weibo.cn/u/7749631011?launchid=10000360-page_H5,"https://tvax2.sinaimg.cn/crop.0.0.1080.1080.180/008ssF2zly8i9t9c7az5hj30u00u0dhs.jpg?KID=imgbed,tva&Expires=1770550073&ssig=kNRJal0dur"
5263784667254657,1770496324,2026-02-07 20:32:04+08:00,QqLi0nqed,？何意味吧,0,0,1770539275490,山东,5263783654326663,,4079908808,拾襄幡,f,https://m.weibo.cn/u/4079908808?launchid=10000360-page_H5,"https://tvax1.sinaimg.cn/crop.0.0.1080.1080.180/f32e77c8ly8i9ah0c4tc4j20u00u0n1s.jpg?KID=imgbed,tva&Expires=1770550073&ssig=4zjtGP36CH"
5263783885014967,1770496137,2026-02-07 20:28:57+08:00,QqLi0nqed,我笑死了好吗？,0,0,1770539275495,山东,5263783654326663,,8240828638,三维坐标系618,m,https://m.weibo.cn/u/8240828638?launchid=10000360-page_H5,"https://tvax3.sinaimg.cn/crop.0.0.132.132.180/008ZHFYWly4i5c1k2a81mj303o03owea.jpg?KID=imgbed,tva&Expires=1770550073&ssig=UkUfyMi%2Faj"
5263788268062077,1770497182,2026-02-07 20:46:22+08:00,QqLi0nqed,,0,0,1770539275505,山东,5263788209343328,,4079908808,拾襄幡,f,https://m.weibo.cn/u/4079908808?launchid=10000360-page_H5,"https://tvax1.sinaimg.cn/crop.0.0.1080.1080.180/f32e77c8ly8i9ah0c4tc4j20u00u0n1s.jpg?KID=imgbed,tva&Expires=1770550073&ssig=4zjtGP36CH"
5263788773213793,1770497303,2026-02-07 20:48:23+08:00,QqLi0nqed,,0,0,1770539275514,山东,5263788653675232,,4079908808,拾襄幡,f,https://m.weibo.cn/u/4079908808?launchid=10000360-page_H5,"https://tvax1.sinaimg.cn/crop.0.0.1080.1080.180/f32e77c8ly8i9ah0c4tc4j20u00u0n1s.jpg?KID=imgbed,tva&Expires=1770550073&ssig=4zjtGP36CH"
5263788794446605,1770497308,2026-02-07 20:48:28+08:00,QqLi0nqed,,0,0,1770539275523,山东,5263788584735916,,4079908808,拾襄幡,f,https://m.weibo.cn/u/4079908808?launchid=10000360-page_H5,"https://tvax1.sinaimg.cn/crop.0.0.1080.1080.180/f32e77c8ly8i9ah0c4tc4j20u00u0n1s.jpg?KID=imgbed,tva&Expires=1770550073&ssig=4zjtGP36CH"
5263790681622293,1770497758,2026-02-07 20:55:58+08:00,QqLi0nqed,不知豆，没说……,0,0,1770539275533,山东,5263790587514853,,4079908808,拾襄幡,f,https://m.weibo.cn/u/4079908808?launchid=10000360-page_H5,"https://tvax1.sinaimg.cn/crop.0.0.1080.1080.180/f32e77c8ly8i9ah0c4tc4j20u00u0n1s.jpg?KID=imgbed,tva&Expires=1770550073&ssig=4zjtGP36CH"
5263786174843710,1770496683,2026-02-07 20:38:03+08:00,QqLi0nqed,真是服了，这种东西都造假……还有什么信任可言啊,0,0,1770539275546,山东,5263785539406113,,4079908808,拾襄幡,f,https://m.weibo.cn/u/4079908808?launchid=10000360-page_H5,"https://tvax1.sinaimg.cn/crop.0.0.1080.1080.180/f32e77c8ly8i9ah0c4tc4j20u00u0n1s.jpg?KID=imgbed,tva&Expires=1770550073&ssig=4zjtGP36CH"
5263789549163616,1770497488,2026-02-07 20:51:28+08:00,QqLi0nqed,回复@睡到夏以周:想咋滴吧！,0,0,1770539275550,山东,5263785539406113,,4079908808,拾襄幡,f,https://m.weibo.cn/u/4079908808?launchid=10000360-page_H5,"https://tvax1.sinaimg.cn/crop.0.0.1080.1080.180/f32e77c8ly8i9ah0c4tc4j20u00u0n1s.jpg?KID=imgbed,tva&Expires=1770550073&ssig=4zjtGP36CH"
5262903534157853,1770286244,2026-02-05 10:10:44+08:00,Qq5tIEJV2,不见不散啊@肖战,190,14796,1770539280738,广东,5262903534157853,https://wx1.sinaimg.cn/large/e9165acegy1i9zh8fhk2cj20k00f0gn6.jpg,3910556366,OliviaDt·,f,https://m.weibo.cn/u/3910556366?launchid=10000360-page_H5,"https://tvax3.sinaimg.cn/crop.0.0.1080.1080.180/e9165acely8i97ungigsjj20u00u0wfb.jpg?KID=imgbed,tva&Expires=1770550080&ssig=uohwFIs9EI"
5262903483829733,1770286233,2026-02-05 10:10:33+08:00,Qq5tIEJV2,期待肖战@肖战,91,12278,1770539280743,广东,5262903483829733,https://wx1.sinaimg.cn/large/e9165acegy1i9zh87uys1j20qo1bfk5h.jpg,3910556366,OliviaDt·,f,https://m.weibo.cn/u/3910556366?launchid=10000360-page_H5,"https://tvax3.sinaimg.cn/crop.0.0.1080.1080.180/e9165acely8i97ungigsjj20u00u0wfb.jpg?KID=imgbed,tva&Expires=1770550080&ssig=uohwFIs9EI"
5262903257337096,1770286179,2026-02-05 10:09:39+08:00,Qq5tIEJV2,期待肖战,63,11324,1770539280748,北京,5262903257337096,https://wx3.sinaimg.cn/large/76ca7fc3ly1i9zh79pf45j20u0140n1f.jpg,1992982467,曲中直-,f,https://m.weibo.cn/u/1992982467?launchid=10000360-page_H5,"https://tvax4.sinaimg.cn/crop.0.0.1080.1080.180/76ca7fc3ly8i8ni6l3cpgj20u00u0dha.jpg?KID=imgbed,tva&Expires=1770550080&ssig=rSyDRrr5Uj"
5262903466786835,1770286228,2026-02-05 10:10:28+08:00,Qq5tIEJV2,✨✨✨♥️♥️✨✨✨♥️♥️✨✨✨ ✨✨♥️♥️♥️♥️🌟♥️♥️♥️♥️✨✨  ✨✨♥️♥️肖战❣️❣️肖战♥️♥️✨✨  ✨✨✨♥️💫巨星闪耀💫♥️✨✨✨ ✨✨✨✨♥️♥️♥️♥️♥️✨✨✨✨ ✨✨✨✨✨♥️♥️♥️✨✨✨✨✨  ✨✨✨热爱可抵♥️岁月漫长✨✨✨,55,10692,1770539280755,北京,5262903466786835,,7385208347,咔咔咔jing,f,https://m.weibo.cn/u/7385208347?launchid=10000360-page_H5,"https://tvax3.sinaimg.cn/crop.0.0.687.687.180/0083NA3Fly8hc9zhm05e0j30j30j3wg7.jpg?KID=imgbed,tva&Expires=1770550080&ssig=Zk%2BBsKyQvi"
5262903591829532,1770286258,2026-02-05 10:10:58+08:00,Qq5tIEJV2,✨✨✨♥️♥️✨✨✨♥️♥️✨✨✨ ✨✨♥️♥️♥️♥️🌟♥️♥️♥️♥️✨✨      ✨✨♥️♥️♥️演员肖战♥️♥️♥️✨✨      ✨✨✨♥️🥕微博之夜🥕♥️✨✨✨ ✨✨✨✨♥️🦐🦐🦐♥️✨✨✨✨ ✨✨✨✨✨♥️♥️♥️✨✨✨✨✨ ✨✨✨✨✨✨♥️✨✨✨✨✨✨,45,9832,1770539280760,河北,5262903591829532,https://wx2.sinaimg.cn/large/005FWMHRly1i9zh8ob3oaj31jk15otuw.jpg,5200504191,猋猋队队长,f,https://m.weibo.cn/u/5200504191?launchid=10000360-page_H5,"https://tvax2.sinaimg.cn/crop.0.0.1080.1080.180/005FWMHRly8i84fvokfktj30u00u0ta6.jpg?KID=imgbed,tva&Expires=1770550080&ssig=Fvny%2Bnkl5d"
5262176418007734,1770112887,2026-02-03 10:01:27+08:00,Qq5tIEJV2,✨✨✨♥️♥️✨✨✨♥️♥️✨✨✨ ✨✨♥️♥️♥️♥️🌟♥️♥️♥️♥️✨✨  ✨✨♥️♥️演员❣️❣️肖战♥️♥️✨✨  ✨✨✨♥️💫顺顺利利💫♥️✨✨✨ ✨✨✨✨♥️♥️♥️♥️♥️✨✨✨✨ ✨✨✨✨✨♥️♥️♥️✨✨✨✨✨  ✨✨✨超级巨星♥️闪耀全场✨✨✨,52,8944,1770539280766,江苏,5262176418007734,,7479894895,救赎0406Angel,f,https://m.weibo.cn/u/7479894895?launchid=10000360-page_H5,"https://tvax1.sinaimg.cn/crop.0.0.1080.1080.180/008acSm3ly8i8nrycvc6nj30u00u0t94.jpg?KID=imgbed,tva&Expires=1770550080&ssig=Q2H8LjVMpO"
5262903513188807,1770286240,2026-02-05 10:10:40+08:00,Qq5tIEJV2,活力视听，万象同屏！2月7日腊月二十，与@肖战 共赴年度视听盛会！！！,57,8595,1770539280772,福建,5262903513188807,https://wx3.sinaimg.cn/large/007e7fkogy1i9zh8cpug3j30u01ha4b8.jpg,6621525748,一只肖包,f,https://m.weibo.cn/u/6621525748?launchid=10000360-page_H5,"https://tvax4.sinaimg.cn/crop.0.0.1080.1080.180/007e7fkoly8hnfwmyvnoxj30u00u042y.jpg?KID=imgbed,tva&Expires=1770550080&ssig=zDI%2FyyGck%2F"
5262903450272541,1770286225,2026-02-05 10:10:25+08:00,Qq5tIEJV2,⭐️✨✨⭐️巨星🤩肖战⭐️✨✨⭐️ 🔴⚪️⚪️🔴影视🎬双爆🔴🔴🔴🔴 ⚪️🔴🔴⚪️演技💯封神⚪️⚪️🔴⚪️ ⚪️🔴🔴⚪️千面🎭魅力⚪️🔴⚪️⚪️ 🔴⚪️⚪️🔴天生🥳主角🔴🔴🔴🔴 🔝🔝🔝🔝🔝🔝🔝🔝🔝🔝🔝🔝,28,7936,1770539280779,北京,5262903450272541,,7385208347,咔咔咔jing,f,https://m.weibo.cn/u/7385208347?launchid=10000360-page_H5,"https://tvax3.sinaimg.cn/crop.0.0.687.687.180/0083NA3Fly8hc9zhm05e0j30j30j3wg7.jpg?KID=imgbed,tva&Expires=1770550080&ssig=Zk%2BBsKyQvi"
5262179066709167,1770113518,2026-02-03 10:11:58+08:00,Qq5tIEJV2,@肖战 实力登顶闪耀荧屏。影视双扛更双爆💥，实绩口碑双丰收💫，天生主角魅力全开，千面演员演技满分💯。郭靖莫得闲深入人心，一番大男主票房破15亿🎬；藏海以身入局命不该绝，年度剧王国剧之光⭐️，演技大赏高光迭起。燥候：任少白🕵️富少特工📰，刘医生🧑⚕️小城奇遇❄️。,23,6875,1770539280785,浙江,5262179066709167,https://wx3.sinaimg.cn/large/008vHiTmgy1i9x6138k2pj31x12vikjl.jpg,7797449800,小羊排排坐天秤,f,https://m.weibo.cn/u/7797449800?launchid=10000360-page_H5,"https://tvax4.sinaimg.cn/crop.0.0.1080.1080.180/008vHiTmly8h7ecrogpzej30u00u0ad3.jpg?KID=imgbed,tva&Expires=1770550080&ssig=BItibRinDP"
5262903580035327,1770286256,2026-02-05 10:10:56+08:00,Qq5tIEJV2,肖战👍🏻实力登顶闪耀荧屏。影视双扛更双爆💥，实绩口碑双丰收，天生主角魅力全开，千面演员演技满分💯。郭靖莫得闲深入人心，一番大男主票房破15亿🎬；藏海以身入局命不该绝，年度剧王国剧之光⭐️，演技大赏高光迭起。燥候：任少白🕵️富少特工📰，刘医生🧑⚕️小城奇遇❄️,24,6595,1770539280790,河南,5262903580035327,https://wx2.sinaimg.cn/large/0083DI6Qly1i9zh8mx6iqj30qo1bfk1h.jpg,7382856016,周周念肖肖,f,https://m.weibo.cn/u/7382856016?launchid=10000360-page_H5,"https://tvax1.sinaimg.cn/crop.0.0.1080.1080.180/0083DI6Qly8i9vfm81eetj30u00u0n0a.jpg?KID=imgbed,tva&Expires=1770550080&ssig=XbADSTj68d"
5262903637704946,1770286269,2026-02-05 10:11:09+08:00,Qq5tIEJV2,肖战@肖战 邀您相约2026网络视听盛典，齐聚行业盛事共襄荣耀，于光影之间定格每一份精彩，共话网络视听领域的生机与无限潜能。,18,5407,1770539280796,福建,5262903637704946,https://wx4.sinaimg.cn/large/005HFn8mgy1i9zh8v75y1j30k00fwwf8.jpg,5225906986,小丫666888-望有钱版DAYTOY,f,https://m.weibo.cn/u/5225906986?launchid=10000360-page_H5,"https://tvax2.sinaimg.cn/crop.0.0.1080.1080.180/005HFn8mly8i62orpnpi5j30u00u078c.jpg?KID=imgbed,tva&Expires=1770550080&ssig=4%2FJq1QX73q"
5262903521576553,1770286242,2026-02-05 10:10:42+08:00,Qq5tIEJV2,实力演员⭕肖战✔️演技上不封顶💯 台词眼神微表情出神入化🔥开创“献舍式”“生理式”演技先河🔥惊艳所有人💯广受赞誉🤟👍🏻拍一部爆一部💥 战争🔴军旅🛑年代🔴都市🛑甜宠🔴男频🔴玄幻🛑仙侠🔴武侠🛑现实/架空🔆全部All In‼️百变演员🎭千面演技💥,19,4936,1770539280803,北京,5262903521576553,,7385208347,咔咔咔jing,f,https://m.weibo.cn/u/7385208347?launchid=10000360-page_H5,"https://tvax3.sinaimg.cn/crop.0.0.687.687.180/0083NA3Fly8hc9zhm05e0j30j30j3wg7.jpg?KID=imgbed,tva&Expires=1770550080&ssig=Zk%2BBsKyQvi"
5262903524461433,1770286243,2026-02-05 10:10:43+08:00,Qq5tIEJV2,2026网络视听盛典如约而至，肖战@肖战 诚邀各界相聚，共襄行业荣光，在光影流转中见证每一个精彩瞬间，共拓网络视听领域的无限未来。,20,4622,1770539280808,福建,5262903524461433,https://wx1.sinaimg.cn/large/005HFn8mgy1i9zh8eqfcjj30k00f0q48.jpg,5225906986,小丫666888-望有钱版DAYTOY,f,https://m.weibo.cn/u/5225906986?launchid=10000360-page_H5,"https://tvax2.sinaimg.cn/crop.0.0.1080.1080.180/005HFn8mly8i62orpnpi5j30u00u078c.jpg?KID=imgbed,tva&Expires=1770550080&ssig=4%2FJq1QX73q"
5262242267269345,1770128587,2026-02-03 14:23:07+08:00,Qq5tIEJV2,✨⭐️⭐️✨巨星🤩肖战✨⭐️⭐️✨ 🔴⚪️⚪️🔴影视🎬双爆🔴🔴🔴🔴 ⚪️🔴🔴⚪️演技💯封神⚪️⚪️🔴⚪️ ⚪️🔴🔴⚪️千面🎭魅力⚪️🔴⚪️⚪️ 🔴⚪️⚪️🔴天生🪩主角🔴🔴🔴🔴 🔝🔝🔝🔝生粉🥳天堂🔝🔝🔝🔝 查看图片,16,4309,1770539280814,重庆,5262242267269345,https://wx4.sinaimg.cn/large/0078Q4OPgy1i9xdaeol3oj34tm4tmnpn.jpg,6543552095,Legend锐,f,https://m.weibo.cn/u/6543552095?launchid=10000360-page_H5,"https://tvax3.sinaimg.cn/crop.0.0.120.120.180/0078Q4OPly8i9w3ygb9w0j303c03cglf.jpg?KID=imgbed,tva&Expires=1770550080&ssig=GM%2FZ3hHtiz"
5262903580297721,1770286256,2026-02-05 10:10:56+08:00,Qq5tIEJV2,🔴⚪️⚪️⚪️🔴🐰肖战🐰🔴🔴🔴🔴🔴 ⚪️🔴⚪️🔴⚪️🐰肖战🐰⚪️⚪️⚪️🔴⚪️ ⚪️⚪️🔴⚪️⚪️🐰肖战🐰⚪️⚪️🔴⚪️⚪️ ⚪️🔴⚪️🔴⚪️🐰肖战🐰⚪️🔴⚪️⚪️⚪️ 🔴⚪️⚪️⚪️🔴🐰肖战🐰🔴🔴🔴🔴🔴,22,3530,1770539280820,北京,5262903580297721,,7385208347,咔咔咔jing,f,https://m.weibo.cn/u/7385208347?launchid=10000360-page_H5,"https://tvax3.sinaimg.cn/crop.0.0.687.687.180/0083NA3Fly8hc9zhm05e0j30j30j3wg7.jpg?KID=imgbed,tva&Expires=1770550080&ssig=Zk%2BBsKyQvi"
5262903444770432,1770286224,2026-02-05 10:10:24+08:00,Qq5tIEJV2,⭐️✨✨⭐️巨星🤩肖战⭐️✨✨⭐️ 🔴⚪️⚪️🔴影视🎬双爆🔴🔴🔴🔴 ⚪️🔴🔴⚪️演技💯封神⚪️⚪️🔴⚪️ ⚪️🔴🔴⚪️千面🎭魅力⚪️🔴⚪️⚪️ 🔴⚪️⚪️🔴天生🪩主角🔴🔴🔴🔴 🔝🔝🔝🔝生粉🥳天堂🔝🔝🔝🔝,18,2900,1770539280826,山东,5262903444770432,https://wx3.sinaimg.cn/large/008m97v4ly1i9zh82pgadj31hc2mt4qq.jpg,7656315834,月落星沉112302,f,https://m.weibo.cn/u/7656315834?launchid=10000360-page_H5,"https://tvax2.sinaimg.cn/crop.0.0.199.199.180/008m97v4ly8i63m1779sxj305j05jq2y.jpg?KID=imgbed,tva&Expires=1770550080&ssig=ep6swT%2BqqB"
5262903651602150,1770286273,2026-02-05 10:11:13+08:00,Qq5tIEJV2,✨✨✨♥️♥️✨✨✨♥️♥️✨✨✨ ✨✨♥️♥️♥️♥️🌟♥️♥️♥️♥️✨✨      ✨✨♥️♥️♥️期待肖战♥️♥️♥️✨✨      ✨✨✨♥️🥕视听盛典🥕♥️✨✨✨ ✨✨✨✨♥️🦐🦐🦐♥️✨✨✨✨ ✨✨✨✨✨♥️♥️♥️✨✨✨✨✨ ✨✨✨✨✨✨♥️✨✨✨✨✨✨,19,2708,1770539280832,江苏,5262903651602150,https://wx3.sinaimg.cn/large/7d1f9191gy1i9zh8xjxuuj21400u0gta.jpg,2099220881,_情于暖,f,https://m.weibo.cn/u/2099220881?launchid=10000360-page_H5,"https://tvax3.sinaimg.cn/crop.0.0.1080.1080.180/7d1f9191ly8i7gvo6d6xpj20u00u00y8.jpg?KID=imgbed,tva&Expires=1770550080&ssig=qQ1IIZfFbx"
5262903718709719,1770286289,2026-02-05 10:11:29+08:00,Qq5tIEJV2,肖战@肖战 邀您齐聚2026网络视听盛典，共赴行业盛事、同襄荣耀时刻，于光影更迭间定格美好，共探网络视听的蓬勃生机与多元可能。,11,2201,1770539280839,江苏,5262903718709719,https://wx3.sinaimg.cn/large/006GclNjgy1i9zh97b9y3j30u01hctlm.jpg,6120346821,Taumiiiii,f,https://m.weibo.cn/u/6120346821?launchid=10000360-page_H5,"https://tvax4.sinaimg.cn/crop.0.0.1080.1080.180/006GclNjly8i6fpbhqqo6j30u00u0myr.jpg?KID=imgbed,tva&Expires=1770550080&ssig=E6xVVeN9NU"
5262183432716943,1770114559,2026-02-03 10:29:19+08:00,Qq5tIEJV2,@刘宇Yu_ 多元风格融合，舞台爆款制造机，「宇宙诗人」巡演五城场场秒罄，大麦想看超❹⓿W🔹微博演出大赏「年度推荐演唱会」🔹微博音乐盛典「年度推荐演唱会」🔹国风潮流标杆，传统文化推广者，第32届东方风云榜「年度最具影响力国风歌手」&amp;「国漫推广大使」🔹破圈实力，热度见证。,1,1686,1770539280845,广西,5262183432716943,https://wx3.sinaimg.cn/large/b45686e3gy1i9x6j51jchj21jk111u0x.jpg,3025569507,若是潇湘妃子,f,https://m.weibo.cn/u/3025569507?launchid=10000360-page_H5,"https://tvax2.sinaimg.cn/crop.0.0.1080.1080.180/b45686e3ly8i5vijzjhptj20u00u0q4c.jpg?KID=imgbed,tva&Expires=1770550080&ssig=88Syd3CWFB"
5262183375831595,1770114545,2026-02-03 10:29:05+08:00,Qq5tIEJV2,传统新声，焕发时代魅力，国风筑梦，落笔音乐鸿篇，与全能艺人刘宇共同相约「2026中国网络视听盛典」🔹虚拟梦幻与现实精彩链接，共同铸就诗意舞台艺术。@刘宇Yu_,1,1645,1770539280851,江苏,5262183375831595,https://wx1.sinaimg.cn/large/aca1018fgy1i9x6iwv5l3j20u0141dnp.jpg,2896232847,皮卡乒乒乓丘Yu_,f,https://m.weibo.cn/u/2896232847?launchid=10000360-page_H5,"https://tvax1.sinaimg.cn/crop.0.0.1024.1024.180/aca1018fly8i0ws2j1q4ij20sg0sgq48.jpg?KID=imgbed,tva&Expires=1770550080&ssig=TrxClkwSi7"
5262183261801135,1770114519,2026-02-03 10:28:39+08:00,Qq5tIEJV2,期待刘宇@刘宇Yu_,1,1601,1770539337688,上海,5262183261801135,https://wx2.sinaimg.cn/large/008ipcBggy1i9x6ifgzd5j30qo0zkn4g.jpg,7601043342,5A摸鱼Yu_,f,https://m.weibo.cn/u/7601043342?launchid=10000360-page_H5,"https://tvax4.sinaimg.cn/crop.0.0.1080.1080.180/008ipcBgly8i3f43hyygdj30u00u0dju.jpg?KID=imgbed,tva&Expires=1770550137&ssig=ZHeOleQPHn"
5262183344903219,1770114539,2026-02-03 10:28:59+08:00,Qq5tIEJV2,@刘宇Yu_ 内娱国风第一人，华流绮梦缔造者，个人巡演【宇宙诗人】荣获2025年度缪斯设计奖-室内设计-舞台类别「最高荣誉铂金奖」🔹绝美出场引领审美，神级舞台现象级爆红🔹「刘宇封神舞台名场面」全平台播放量超10亿，是传承者，亦是探险家，于传统文化土壤扎根，于时代前沿独占鳌头。,1,1556,1770539337698,广西,5262183344903219,https://wx4.sinaimg.cn/large/b45686e3gy1i9x6issj2wj213d1gihdt.jpg,3025569507,若是潇湘妃子,f,https://m.weibo.cn/u/3025569507?launchid=10000360-page_H5,"https://tvax2.sinaimg.cn/crop.0.0.1080.1080.180/b45686e3ly8i5vijzjhptj20u00u0q4c.jpg?KID=imgbed,tva&Expires=1770550137&ssig=g7nL09kKk1"
5262183380550791,1770114547,2026-02-03 10:29:07+08:00,Qq5tIEJV2,刘宇不见不散@刘宇Yu_,1,1474,1770539337704,上海,5262183380550791,https://wx1.sinaimg.cn/large/008ipcBggy1i9x6ixihyfj30qo0zkq97.jpg,7601043342,5A摸鱼Yu_,f,https://m.weibo.cn/u/7601043342?launchid=10000360-page_H5,"https://tvax4.sinaimg.cn/crop.0.0.1080.1080.180/008ipcBgly8i3f43hyygdj30u00u0dju.jpg?KID=imgbed,tva&Expires=1770550137&ssig=ZHeOleQPHn"
5262183413322193,1770114555,2026-02-03 10:29:15+08:00,Qq5tIEJV2,惊鸿千年，少年意气，点亮辽阔山海，和新生代国风国潮引领者刘宇共聚「2026中国网络视听盛典」🔹共扶青云之志，于古今交融处，看文明繁花绽放。@刘宇Yu_,1,1380,1770539337710,江苏,5262183413322193,https://wx1.sinaimg.cn/large/aca1018fgy1i9x6j2yjivj20u01417by.jpg,2896232847,皮卡乒乒乓丘Yu_,f,https://m.weibo.cn/u/2896232847?launchid=10000360-page_H5,"https://tvax1.sinaimg.cn/crop.0.0.1024.1024.180/aca1018fly8i0ws2j1q4ij20sg0sgq48.jpg?KID=imgbed,tva&Expires=1770550137&ssig=w3Wdq%2BgDea"
5262903554867549,1770286249,2026-02-05 10:10:49+08:00,Qq5tIEJV2,🔴⚪️⚪️⚪️🔴🐰肖战🐰🔴🔴🔴🔴🔴 ⚪️🔴⚪️🔴⚪️🐰演员🐰⚪️⚪️⚪️🔴⚪️ ⚪️⚪️🔴⚪️⚪️🐰歌手🐰⚪️⚪️🔴⚪️⚪️ ⚪️🔴⚪️🔴⚪️🐰赤诚🐰⚪️🔴⚪️⚪️⚪️ 🔴⚪️⚪️⚪️🔴🐰勇敢🐰🔴🔴🔴🔴🔴,9,1676,1770539337715,北京,5262903554867549,,7385208347,咔咔咔jing,f,https://m.weibo.cn/u/7385208347?launchid=10000360-page_H5,"https://tvax3.sinaimg.cn/crop.0.0.687.687.180/0083NA3Fly8hc9zhm05e0j30j30j3wg7.jpg?KID=imgbed,tva&Expires=1770550137&ssig=pqnBIbzHXm"
5262183243972926,1770114514,2026-02-03 10:28:34+08:00,Qq5tIEJV2,🔵🔵⚪⚪🔵🔵⚪⚪⚪⚪🔵🔵            🔵🔵⚪⚪⚪🔵🔵⚪⚪🔵🔵⚪ 🔵🔵⚪⚪⚪⚪🔵🔵🔵🔵⚪⚪                   @刘宇Yu_     刘宇国风美少年🔵🔵⚪⚪⚪⚪⚪🔵🔵⚪⚪⚪ 🔵🔵🔵🔵🔵⚪⚪🔵🔵⚪⚪⚪ 🔵🔵🔵🔵🔵⚪⚪🔵🔵⚪⚪⚪,2,1322,1770539337721,广东,5262183243972926,https://wx2.sinaimg.cn/large/006p8qUjgy1i9x6ideqgtj30zk1bfaiz.jpg,5868215451,窝在宇怀里Yu_每天都夸刘宇好帅,f,https://m.weibo.cn/u/5868215451?launchid=10000360-page_H5,"https://tvax4.sinaimg.cn/crop.0.0.471.471.180/006p8qUjly8ia2ve5mqpfj30d30d30t1.jpg?KID=imgbed,tva&Expires=1770550137&ssig=FLIiOZsjpv"
5262182633440254,1770114369,2026-02-03 10:26:09+08:00,Qq5tIEJV2,一幕一世界，一曲唱古今，与国风第一人刘宇共同相聚「2026中国网络视听盛典」🔹大幕徐开，入梦虚拟与现实，颂扬华夏九州，赓续亘古文脉。@刘宇Yu_,1,1261,1770539337727,广西,5262182633440254,https://wx2.sinaimg.cn/large/87047b37gy1i9x6ftlps1j21jk223qv5.jpg,2265217847,白露饮尘霜L,f,https://m.weibo.cn/u/2265217847?launchid=10000360-page_H5,"https://tvax2.sinaimg.cn/crop.0.0.1080.1080.180/87047b37ly8i9bic0dm3xj20u00u0q5g.jpg?KID=imgbed,tva&Expires=1770550137&ssig=U2E%2Fq0KGwc"
5262182524387719,1770114342,2026-02-03 10:25:42+08:00,Qq5tIEJV2,曲韵融汇虚幻，诠释时代新章，与全能艺人刘宇共同相约「2026中国网络视听盛典」🔹悠扬曲韵惊鸿四方万象，流行新潮焕发经典新貌，共襄歌舞视听之盛宴，见证文化碰撞之火彩。@刘宇Yu_,1,1173,1770539337732,广西,5262182524387719,https://wx4.sinaimg.cn/large/87047b37gy1i9x6fdz7yoj21jk2237wi.jpg,2265217847,白露饮尘霜L,f,https://m.weibo.cn/u/2265217847?launchid=10000360-page_H5,"https://tvax2.sinaimg.cn/crop.0.0.1080.1080.180/87047b37ly8i9bic0dm3xj20u00u0q5g.jpg?KID=imgbed,tva&Expires=1770550137&ssig=U2E%2Fq0KGwc"
5262182330664720,1770114297,2026-02-03 10:24:57+08:00,Qq5tIEJV2,传统新声，焕发时代魅力，国风筑梦，落笔音乐鸿篇，与全能艺人刘宇共同相约「2026中国网络视听盛典」🔹虚拟梦幻与现实精彩链接，共同铸就诗意舞台艺术。@刘宇Yu_,1,1132,1770539337738,广西,5262182330664720,https://wx2.sinaimg.cn/large/87047b37gy1i9x6elf2jqj21jk2234qq.jpg,2265217847,白露饮尘霜L,f,https://m.weibo.cn/u/2265217847?launchid=10000360-page_H5,"https://tvax2.sinaimg.cn/crop.0.0.1080.1080.180/87047b37ly8i9bic0dm3xj20u00u0q5g.jpg?KID=imgbed,tva&Expires=1770550137&ssig=U2E%2Fq0KGwc"
5262903584490593,1770286257,2026-02-05 10:10:57+08:00,Qq5tIEJV2,实力演员⭕肖战✔️演技上不封顶💯 台词眼神微表情出神入化🔥开创“献舍式”“生理式”演技先河🔥惊艳所有人💯广受赞誉🤟👍🏻拍一部爆一部💥 战争🔴军旅🛑年代🔴都市🛑甜宠🔴男频🔴玄幻🛑仙侠🔴武侠🛑现实/架空🔆全部All In‼️百变演员🎭千面演技💥,9,1338,1770539337744,北京,5262903584490593,https://wx4.sinaimg.cn/large/006SBFtcly1i9zh8mwg3nj30u01hcwkv.jpg,6303696686,造访银河一颗星,f,https://m.weibo.cn/u/6303696686?launchid=10000360-page_H5,"https://tvax1.sinaimg.cn/crop.0.0.966.966.180/006SBFtcly8i9pd14yjf7j30qu0quta0.jpg?KID=imgbed,tva&Expires=1770550137&ssig=1hTOPnHQJP"
5262183478856321,1770114571,2026-02-03 10:29:31+08:00,Qq5tIEJV2,期待国风少年刘宇@刘宇Yu_,1,900,1770539337750,河南,5262183478856321,https://wx2.sinaimg.cn/large/be4775d8ly1i9x6jcs0ezj213d1gi19y.jpg,3192354264,欢迎来到小晚星球,f,https://m.weibo.cn/u/3192354264?launchid=10000360-page_H5,"https://tvax1.sinaimg.cn/crop.0.0.512.512.180/be4775d8ly8i5modpeadcj20e80e8dgf.jpg?KID=imgbed,tva&Expires=1770550137&ssig=2E8v03wc3t"
5262183504284445,1770114577,2026-02-03 10:29:37+08:00,Qq5tIEJV2,@刘宇Yu_ 全能舞台王者，创意概念之神，2025年度缪斯设计奖-室内设计-舞台类别「最高荣誉铂金奖」🔹个人巡演，堪比顶级视听盛宴，五城巡演场场秒罄，大麦想看人数超❹⓿W🔹精心雕琢，诚意奉献，「刘宇封神舞台名场面」话题播放量超❶⓿亿🔹以匠心做演艺，用敬畏致舞台，国风顶流，引领风尚。,1,838,1770539337755,湖南,5262183504284445,https://wx1.sinaimg.cn/large/006T3LVAgy1i9x6jgj46xj30u01907bv.jpg,6310394694,-大呲花超爱喝旺仔-,f,https://m.weibo.cn/u/6310394694?launchid=10000360-page_H5,"https://tvax4.sinaimg.cn/crop.0.0.1080.1080.180/006T3LVAly8ia0az2nkehj30u00u0770.jpg?KID=imgbed,tva&Expires=1770550137&ssig=oEPfwqqtfG"
5262177103774695,1770113051,2026-02-03 10:04:11+08:00,Qq5tIEJV2,期待@肖战 的舞台,2,793,1770539337761,浙江,5262177103774695,https://wx1.sinaimg.cn/large/008vHiTmgy1i9x5szit3cj33342bc1kz.jpg,7797449800,小羊排排坐天秤,f,https://m.weibo.cn/u/7797449800?launchid=10000360-page_H5,"https://tvax4.sinaimg.cn/crop.0.0.1080.1080.180/008vHiTmly8h7ecrogpzej30u00u0ad3.jpg?KID=imgbed,tva&Expires=1770550137&ssig=eRPXcxmYuS"
5262176187061820,1770112832,2026-02-03 10:00:32+08:00,Qq5tIEJV2,期待肖战,1,701,1770539337766,广西,5262176187061820,,7271772084,山鹤唳肖_,m,https://m.weibo.cn/u/7271772084?launchid=10000360-page_H5,"https://tvax2.sinaimg.cn/crop.0.0.1020.1020.180/007W7C6wly8hyhwkkzcv1j30sd0scq5e.jpg?KID=imgbed,tva&Expires=1770550137&ssig=%2B39EGAkNvA"
5262182427397919,1770114320,2026-02-03 10:25:20+08:00,Qq5tIEJV2,直上九天揽月，舞尽星河灿烂，与全能国风少年刘宇一起相约「2026中国网络视听盛典」🔹看东方之美，承华夏风骨，落笔传奇，共赏风华。@刘宇Yu_,1,536,1770539337772,广西,5262182427397919,https://wx3.sinaimg.cn/large/87047b37gy1i9x6exgtpuj21jk0yjqv5.jpg,2265217847,白露饮尘霜L,f,https://m.weibo.cn/u/2265217847?launchid=10000360-page_H5,"https://tvax2.sinaimg.cn/crop.0.0.1080.1080.180/87047b37ly8i9bic0dm3xj20u00u0q5g.jpg?KID=imgbed,tva&Expires=1770550137&ssig=U2E%2Fq0KGwc"
5262176571891036,1770112924,2026-02-03 10:02:04+08:00,Qq5tIEJV2,期待歌手黄子弘凡,1,597,1770539337778,浙江,5262176571891036,https://wx1.sinaimg.cn/large/005FCvEqgy1i9x5qs4xbjj36qo8zknpq.jpg,5195672070,少喝汽水-,f,https://m.weibo.cn/u/5195672070?launchid=10000360-page_H5,"https://tvax2.sinaimg.cn/crop.0.0.708.708.180/005FCvEqly8i8ta71zpy9j30jo0jojs2.jpg?KID=imgbed,tva&Expires=1770550137&ssig=ZjsszmWbXQ"
5262176587613117,1770112928,2026-02-03 10:02:08+08:00,Qq5tIEJV2,期待歌手@黄子弘凡_Lars ,1,596,1770539337784,陕西,5262176587613117,https://wx2.sinaimg.cn/large/00809Blnly1i9x5qupybkj30u0153wnu.jpg,7331351161,小狗营救元,f,https://m.weibo.cn/u/7331351161?launchid=10000360-page_H5,"https://tvax4.sinaimg.cn/crop.0.0.911.911.180/00809Blnly8i85wvc0t0sj30pb0pbq3s.jpg?KID=imgbed,tva&Expires=1770550137&ssig=RwQ10VgoeN"
5262176518670877,1770112911,2026-02-03 10:01:51+08:00,Qq5tIEJV2,期待歌手@黄子弘凡_Lars ,0,593,1770539337790,重庆,5262176518670877,https://wx1.sinaimg.cn/large/007b1X4Kgy1i9x5qjmexbj31e01whx6p.jpg,6575934938,梨诗绘元_,f,https://m.weibo.cn/u/6575934938?launchid=10000360-page_H5,"https://tvax4.sinaimg.cn/crop.0.0.1080.1080.180/007b1X4Kly8i9yf053thpj30u00u00wa.jpg?KID=imgbed,tva&Expires=1770550137&ssig=VNykAST%2B7X"
5262176088492204,1770112809,2026-02-03 10:00:09+08:00,Qq5tIEJV2,期待肖战,1,521,1770539337795,浙江,5262176088492204,https://wx3.sinaimg.cn/large/008vHiTmgy1i9x5osk72xj30k00k040v.jpg,7797449800,小羊排排坐天秤,f,https://m.weibo.cn/u/7797449800?launchid=10000360-page_H5,"https://tvax4.sinaimg.cn/crop.0.0.1080.1080.180/008vHiTmly8h7ecrogpzej30u00u0ad3.jpg?KID=imgbed,tva&Expires=1770550137&ssig=eRPXcxmYuS"
5262176447369062,1770112894,2026-02-03 10:01:34+08:00,Qq5tIEJV2,根正苗红央视认证歌手🎤新生代宠粉天花板🥰@黄子弘凡_Lars 从体育馆巡演到国家体育场仅用时一年半🏅实力vocal全开麦零修音实力有目共睹🎵除了快乐禁止入内巡演19站33场场场光速秒罄，散场专属直播暖心陪伴💗所有细节宠粉无死角，把每场告别都变成双向奔赴的温柔约定🍃,1,577,1770539337801,浙江,5262176447369062,https://wx3.sinaimg.cn/large/0080t3BKgy1i9x5q9qrjhj31p12c6kjl.jpg,7335988040,眼波衝撞,f,https://m.weibo.cn/u/7335988040?launchid=10000360-page_H5,"https://tvax1.sinaimg.cn/crop.0.0.1080.1080.180/0080t3BKly8i9gckatac8j30u00u0gp0.jpg?KID=imgbed,tva&Expires=1770550137&ssig=VjytgzwWwU"
5262176551440141,1770112919,2026-02-03 10:01:59+08:00,Qq5tIEJV2,期待歌手@黄子弘凡_Lars,0,570,1770539404762,黑龙江,5262176551440141,https://wx4.sinaimg.cn/large/008gTeZCly1i9x5qp9hegj313d1giwuy.jpg,7578649708,小元喵-,f,https://m.weibo.cn/u/7578649708?launchid=10000360-page_H5,"https://tvax1.sinaimg.cn/crop.0.0.1080.1080.180/008gTeZCly8ia05hvz6srj30u00u0wiz.jpg?KID=imgbed,tva&Expires=1770550204&ssig=n7%2BEQhiVCr"
5262176379733025,1770112877,2026-02-03 10:01:17+08:00,Qq5tIEJV2,期待歌手黄子弘凡@黄子弘凡_Lars,1,541,1770539404768,安徽,5262176379733025,https://wx2.sinaimg.cn/large/0061UrwNly1i9x5pzes0gj31e01wh7wh.jpg,5525025517,元梦日记簿-,f,https://m.weibo.cn/u/5525025517?launchid=10000360-page_H5,"https://tvax3.sinaimg.cn/crop.0.0.1080.1080.180/0061UrwNly8i9yf21ptzhj30u00u00wa.jpg?KID=imgbed,tva&Expires=1770550204&ssig=rIwjxZSN6A"
5262176661274964,1770112944,2026-02-03 10:02:24+08:00,Qq5tIEJV2,宝藏青年歌手@黄子弘凡_Lars 短短一年先后参与《声生不息大湾区季》《天赐的声音》等10档音综🎶实现从QQ音乐“年度巅峰飞跃歌手”到“巅峰瞩目歌手”的飞跃🟡强推他在《音乐缘计划》里演绎的《每当我》，四段高音从A#4丝滑冲上F5🟣Do U浪漫转音挑战短视频播放量破千万🔴期待更多高能音综🎉,1,504,1770539404774,海南,5262176661274964,,7898918006,荔谣元诗,f,https://m.weibo.cn/u/7898918006?launchid=10000360-page_H5,"https://tvax2.sinaimg.cn/crop.0.0.1080.1080.180/008Cz3pkly8ia1t4qxeepj30u00u0420.jpg?KID=imgbed,tva&Expires=1770550204&ssig=CIx%2B38He1N"
5262176459952160,1770112897,2026-02-03 10:01:37+08:00,Qq5tIEJV2,💛巅峰瞩目歌手&amp;巅峰期待男歌手@黄子弘凡_Lars💜首张个人实体专辑「除了快乐 禁止入内」❤️殿堂金钻唱片🟡实体CD获IFPI（国际唱片业协会）5白金认证🟣首发四平台有编码版秒罄🔴24小时首发平台销量10w张⚡️,0,474,1770539404781,海南,5262176459952160,,7898918006,荔谣元诗,f,https://m.weibo.cn/u/7898918006?launchid=10000360-page_H5,"https://tvax2.sinaimg.cn/crop.0.0.1080.1080.180/008Cz3pkly8ia1t4qxeepj30u00u0420.jpg?KID=imgbed,tva&Expires=1770550204&ssig=CIx%2B38He1N"
5262903624335862,1770286266,2026-02-05 10:11:06+08:00,Qq5tIEJV2,✨✨✨♥️♥️✨✨✨♥️♥️✨✨✨ ✨✨♥️♥️♥️♥️🔝♥️♥️♥️♥️✨✨      ✨✨♥️♥️♥️演员肖战♥️♥️♥️✨✨      ✨✨✨♥️🥕一人千面🥕♥️✨✨✨ ✨✨✨✨♥️生粉天堂♥️✨✨✨✨ ✨✨✨✨✨♥️♥️♥️✨✨✨✨✨ ✨✨✨✨✨✨♥️✨✨✨✨✨✨,0,471,1770539404787,贵州,5262903624335862,https://wx2.sinaimg.cn/large/6862924bgy1i9zh8tgjj8j20k00f0gnp.jpg,1751290443,Bye-night,f,https://m.weibo.cn/u/1751290443?launchid=10000360-page_H5,"https://tva4.sinaimg.cn/crop.0.0.1241.1241.180/6862924bjw8f2152o9owyj20yi0yhdib.jpg?KID=imgbed,tva&Expires=1770550204&ssig=%2BXhisxU5yn"
5262176445269483,1770112894,2026-02-03 10:01:34+08:00,Qq5tIEJV2,期待歌手@黄子弘凡_Lars ,1,441,1770539404793,上海,5262176445269483,https://wx2.sinaimg.cn/large/006962togy1i9x5q9jhuzj31jk2237wh.jpg,5631223494,小狗爱睡大觉,f,https://m.weibo.cn/u/5631223494?launchid=10000360-page_H5,"https://tvax1.sinaimg.cn/crop.0.0.1079.1079.180/006962togy1i53vyt4n4wj30tz0tzq85.jpg?KID=imgbed,tva&Expires=1770550204&ssig=HqjtRpKhPU"
5262903173185720,1770286158,2026-02-05 10:09:18+08:00,Qq5tIEJV2,期待肖战,2,363,1770539404798,北京,5262903173185720,,1992982467,曲中直-,f,https://m.weibo.cn/u/1992982467?launchid=10000360-page_H5,"https://tvax4.sinaimg.cn/crop.0.0.1080.1080.180/76ca7fc3ly8i8ni6l3cpgj20u00u0dha.jpg?KID=imgbed,tva&Expires=1770550204&ssig=WG8la9ErX4"
5262903659988140,1770286275,2026-02-05 10:11:15+08:00,Qq5tIEJV2,赴视听盛会，聚行业星光！肖战@肖战 邀您共赴2026网络视听盛典，同襄荣光时刻，定格光影精彩，共探网络视听的蓬勃发展新征程。,1,350,1770539404805,辽宁,5262903659988140,,2040569841,-Hello璇子,f,https://m.weibo.cn/u/2040569841?launchid=10000360-page_H5,"https://tvax1.sinaimg.cn/crop.0.0.1079.1079.180/79a09ff1ly8ia1q68ohx9j20tz0u0dhe.jpg?KID=imgbed,tva&Expires=1770550204&ssig=2SbG3cTSoM"
5262176409359381,1770112885,2026-02-03 10:01:25+08:00,Qq5tIEJV2,新生代实力歌手🎤@黄子弘凡_Lars 开场即巅峰🔝首登体育场便闪耀鸟巢🏟️除了快乐禁止入内巡演19站33场拿下新生代单轮巡演场次之最🏅每一次相见都精心筹备，每一套造型都独具匠心💗光影舞美与唱演实力双在线，持续圈粉无数，巡演热度不断攀升触达各圈层💥,0,361,1770539404809,重庆,5262176409359381,https://wx2.sinaimg.cn/large/007b1X4Kgy1i9x5q418rcj31e01whu0x.jpg,6575934938,梨诗绘元_,f,https://m.weibo.cn/u/6575934938?launchid=10000360-page_H5,"https://tvax4.sinaimg.cn/crop.0.0.1080.1080.180/007b1X4Kly8i9yf053thpj30u00u00wa.jpg?KID=imgbed,tva&Expires=1770550204&ssig=IeDD0qvOZQ"
5262903449487682,1770286225,2026-02-05 10:10:25+08:00,Qq5tIEJV2,肖战@肖战 邀您齐聚2026网络视听盛典，共赴行业盛事、同襄荣耀时刻，于光影更迭间定格美好，共探网络视听的蓬勃生机与多元可能。,0,256,1770539404816,福建,5262903449487682,https://wx1.sinaimg.cn/large/005HFn8mgy1i9zh82ulz0j30u01hbqfa.jpg,5225906986,小丫666888-望有钱版DAYTOY,f,https://m.weibo.cn/u/5225906986?launchid=10000360-page_H5,"https://tvax2.sinaimg.cn/crop.0.0.1080.1080.180/005HFn8mly8i62orpnpi5j30u00u078c.jpg?KID=imgbed,tva&Expires=1770550204&ssig=TMDaWVD23L"
5262176484591463,1770112903,2026-02-03 10:01:43+08:00,Qq5tIEJV2,国际MUSE铂金认证🏆舞台美学造梦师✨@黄子弘凡_Lars 央视认证根正苗红青年歌手🏅开场即巅峰🔝体育场首秀就在鸟巢🎤全开麦零修音稳如CD💿舞台live实力获国际认可✨除了快乐禁止入内巡演19站33场舞台设计感拉满，光影舞美与唱演实力完美融合🔥场场秒罄热榜霸屏，铸就新声代顶级舞台盛宴🌄,1,245,1770539404822,吉林,5262176484591463,https://wx2.sinaimg.cn/large/007drW7Mly1i9x5qadd9gj30qo0zkah1.jpg,6611680482,吃可爱长大的darling,f,https://m.weibo.cn/u/6611680482?launchid=10000360-page_H5,"https://tvax2.sinaimg.cn/crop.0.0.1080.1080.180/007drW7Mly1i3kozk5suwj30u00u03zw.jpg?KID=imgbed,tva&Expires=1770550204&ssig=xEjeQ7GpIZ"
5262183065977222,1770114471,2026-02-03 10:27:51+08:00,Qq5tIEJV2,已预约，期待国风美少年刘宇。@刘宇Yu_,1,178,1770539404828,广东,5262183065977222,https://wx2.sinaimg.cn/large/008huk0qgy1i9x6hmm982j30qo14643o.jpg,7587487114,陪你看日落的人比日落浪漫,f,https://m.weibo.cn/u/7587487114?launchid=10000360-page_H5,"https://tvax2.sinaimg.cn/crop.0.0.1080.1080.180/008huk0qly8h6iml45za7j30u00u0ac0.jpg?KID=imgbed,tva&Expires=1770550204&ssig=T3j2CI6wkE"
5262176491145117,1770112905,2026-02-03 10:01:45+08:00,Qq5tIEJV2,年度最具影响力品质歌手@黄子弘凡_Lars 用赤忱之心献唱抗战胜利80周年歌曲《勿忘》🟡用《寸土》歌颂中国军人守望边疆的坚贞不屈🟣多种声线构筑成新时代的颂歌🔴,0,214,1770539404834,海南,5262176491145117,,7898918006,荔谣元诗,f,https://m.weibo.cn/u/7898918006?launchid=10000360-page_H5,"https://tvax2.sinaimg.cn/crop.0.0.1080.1080.180/008Cz3pkly8ia1t4qxeepj30u00u0420.jpg?KID=imgbed,tva&Expires=1770550204&ssig=CIx%2B38He1N"
5262183403620488,1770114553,2026-02-03 10:29:13+08:00,Qq5tIEJV2,@刘宇Yu_ 唱跳满分全能艺人，风格百变舞台王者，个人Solo三年坐拥四张千万销量实体专辑，总额突破𝟲𝟬𝟬𝟬𝗪➕🔹舞台劳模，单年个人舞台数量高达𝟑𝟐𝟎➕🔹国风第一人，2025「QQ音乐巅峰国风歌手」2025腾讯音乐榜「年度国风歌手」🔹万人汉服巡演开创者，潮流标杆，神系偶像。,1,167,1770539404840,湖南,5262183403620488,https://wx3.sinaimg.cn/large/006T3LVAgy1i9x6j1i9zoj30u0190dld.jpg,6310394694,-大呲花超爱喝旺仔-,f,https://m.weibo.cn/u/6310394694?launchid=10000360-page_H5,"https://tvax4.sinaimg.cn/crop.0.0.1080.1080.180/006T3LVAly8ia0az2nkehj30u00u0770.jpg?KID=imgbed,tva&Expires=1770550204&ssig=G7H8gPfQI%2B"
5262903628268837,1770286268,2026-02-05 10:11:08+08:00,Qq5tIEJV2,肖战影视双赛道实绩天花板：《藏海传》优酷剧王、三榜年冠、央八古装收视TOP1，全球190国IMDb9.5，藏海登顶年度角色；《得闲谨制》低排片破4亿票房，猫眼9.7分+官媒点赞，双作双巅峰,2,191,1770539404846,河南,5262903628268837,https://wx2.sinaimg.cn/large/006cpUedly1i9zh8u4ajdj32bc2bcnpf.jpg,5680287369,水蜜桃一样甜_x,m,https://m.weibo.cn/u/5680287369?launchid=10000360-page_H5,"https://tvax4.sinaimg.cn/crop.0.0.480.480.180/006cpUedly8hy6rteuelxj30dc0dcaad.jpg?KID=imgbed,tva&Expires=1770550204&ssig=Nzri0NNOqL"
5262903569810686,1770286254,2026-02-05 10:10:54+08:00,Qq5tIEJV2,⚪【肖烟四起🐇🐇为战而来】⚪ ⚪⚪♥️⚪⚪⚪⚪♥️⚪♥️⚪⚪ ⚪⚪♥️♥️♥️⚪⚪♥️⚪⚪⚪⚪ ⚪⚪♥️⚪⚪♥️♥️♥️♥️♥️⚪⚪ ⚪⚪♥️⚪⚪⚪⚪♥️⚪♥️⚪⚪ ⚪♥️♥️♥️♥️⚪⚪⚪♥️⚪⚪⚪ ⚪♥️⚪⚪♥️⚪⚪♥️⚪♥️⚪⚪ ⚪♥️♥️♥️♥️⚪♥️⚪⚪⚪♥️⚪,1,166,1770539404853,贵州,5262903569810686,https://wx3.sinaimg.cn/large/6862924bgy1i9zh8ldv50j20k00f0gnp.jpg,1751290443,Bye-night,f,https://m.weibo.cn/u/1751290443?launchid=10000360-page_H5,"https://tva4.sinaimg.cn/crop.0.0.1241.1241.180/6862924bjw8f2152o9owyj20yi0yhdib.jpg?KID=imgbed,tva&Expires=1770550204&ssig=%2BXhisxU5yn"
5262176583418687,1770112926,2026-02-03 10:02:06+08:00,Qq5tIEJV2,新生代实力歌手🎤@黄子弘凡_Lars 开场即巅峰🔝首登体育场便闪耀鸟巢🏟️除了快乐禁止入内巡演19站33场拿下新生代单轮巡演场次之最🏅每一次相见都精心筹备，每一套造型都独具匠心💗光影舞美与唱演实力双在线，持续圈粉无数，巡演热度不断攀升触达各圈层💥,1,159,1770539404859,安徽,5262176583418687,https://wx4.sinaimg.cn/large/007WACyHly1i9x5qtu9fwj31e01whx6p.jpg,7278685343,哦哦嗷嗷奥奥,f,https://m.weibo.cn/u/7278685343?launchid=10000360-page_H5,"https://tvax3.sinaimg.cn/crop.0.0.1080.1080.180/007WACyHly1i0oyit0vq3j30u00u0ta3.jpg?KID=imgbed,tva&Expires=1770550204&ssig=0kYuQgVgwL"
5262183609140889,1770114602,2026-02-03 10:30:02+08:00,Qq5tIEJV2,期待刘宇@刘宇Yu_,1,104,1770539404866,河南,5262183609140889,https://wx3.sinaimg.cn/large/be4775d8ly1i9x6jvva2qj22bc3gyqv6.jpg,3192354264,欢迎来到小晚星球,f,https://m.weibo.cn/u/3192354264?launchid=10000360-page_H5,"https://tvax1.sinaimg.cn/crop.0.0.512.512.180/be4775d8ly8i5modpeadcj20e80e8dgf.jpg?KID=imgbed,tva&Expires=1770550204&ssig=wIxNDTlv5r"
5262176440813096,1770112892,2026-02-03 10:01:32+08:00,Qq5tIEJV2,💛期待青年歌手@黄子弘凡_Lars💜荣获巅峰榜十大艺人❤️自作曲《Sillage》荣获巅峰榜十大单曲🟡音域宽广🟣掌管Live的神🔴,0,111,1770539404873,海南,5262176440813096,,7898918006,荔谣元诗,f,https://m.weibo.cn/u/7898918006?launchid=10000360-page_H5,"https://tvax2.sinaimg.cn/crop.0.0.1080.1080.180/008Cz3pkly8ia1t4qxeepj30u00u0420.jpg?KID=imgbed,tva&Expires=1770550204&ssig=CIx%2B38He1N"
5262176015353778,1770112791,2026-02-03 09:59:51+08:00,Qq5tIEJV2,🌻活力视听绘万象，同屏共赏绽风华，期待@摩登兄弟刘宇宁 亮相中国网络视听盛典，以声为炬点亮舞台，共赴年度视听盛宴！,1,86,1770539404879,福建,5262176015353778,https://wx2.sinaimg.cn/large/5d738a59gy1i9x5oha0jnj20u012q782.jpg,1567853145,寧de十二姐,f,https://m.weibo.cn/u/1567853145?launchid=10000360-page_H5,"https://tvax1.sinaimg.cn/crop.0.0.1080.1080.180/5d738a59ly8i92mqglwu1j20u00u0q4n.jpg?KID=imgbed,tva&Expires=1770550204&ssig=3fJeTg1%2BbH"
5262176115758236,1770112815,2026-02-03 10:00:15+08:00,Qq5tIEJV2,期待魏大勋,1,68,1770539457088,四川,5262176115758236,https://wx4.sinaimg.cn/large/c4236793gy1i9x5owjxxij20qo13ztce.jpg,3290654611,FWeirdo_大王,f,https://m.weibo.cn/u/3290654611?launchid=10000360-page_H5,"https://tvax1.sinaimg.cn/crop.0.0.1080.1080.180/c4236793ly8i9qxj4u6skj20u00u0wh9.jpg?KID=imgbed,tva&Expires=1770550256&ssig=HeqBJz8CEh"
5262176424034751,1770112888,2026-02-03 10:01:28+08:00,Qq5tIEJV2,初心不改。从跨界新人，到乐坛中坚，一路高歌猛进为舞台而来，和刘宇宁相约「中国网络视听盛典」。@摩登兄弟刘宇宁,1,81,1770539457094,辽宁,5262176424034751,https://wx3.sinaimg.cn/large/008r5JTily1i9x5q6ankuj30u01gqjx0.jpg,7729391776,红逗yn,f,https://m.weibo.cn/u/7729391776?launchid=10000360-page_H5,"https://tvax1.sinaimg.cn/crop.0.0.1080.1080.180/008r5JTily8i9ykromb92j30u00u0q4j.jpg?KID=imgbed,tva&Expires=1770550256&ssig=bbVKraGBT8"
5262176095044328,1770112809,2026-02-03 10:00:09+08:00,Qq5tIEJV2,舞台之上，他唱出的每一个音符，敲击在万千个与鼓点节奏共同跳动的心脏；荧幕之中，一举一动，铸角色的血肉，勾勒故事灵魂，展现非凡魅力。演员歌手 @摩登兄弟刘宇宁 🍓未来无限可能🌻,1,75,1770539457100,湖南,5262176095044328,https://wx4.sinaimg.cn/large/008l8cCAgy1i9x5ot2scdj31jk2iqe81.jpg,7641320856,宁ning靜的靜,f,https://m.weibo.cn/u/7641320856?launchid=10000360-page_H5,"https://tvax2.sinaimg.cn/crop.0.0.1024.1024.180/008l8cCAly8hryca947zij30sg0sgmzd.jpg?KID=imgbed,tva&Expires=1770550256&ssig=y0BllfeDC1"
5262903646619345,1770286272,2026-02-05 10:11:12+08:00,Qq5tIEJV2,期待肖战,0,122,1770539457106,吉林,5262903646619345,https://wx4.sinaimg.cn/large/007cTwiwly1i9zh8wkyqqj31941vogw7.jpg,6603478052,竹光战报ru1q1,f,https://m.weibo.cn/u/6603478052?launchid=10000360-page_H5,"https://tvax3.sinaimg.cn/crop.0.0.1080.1080.180/007cTwiwly8hyeiew4yvkj30u00u1af1.jpg?KID=imgbed,tva&Expires=1770550256&ssig=JPvG14qCYG"
5262176039734795,1770112797,2026-02-03 09:59:57+08:00,Qq5tIEJV2,期待魏大勋～,1,59,1770539457113,黑龙江,5262176039734795,,6289041094,白日梦想家_9,f,https://m.weibo.cn/u/6289041094?launchid=10000360-page_H5,"https://tvax3.sinaimg.cn/crop.0.0.1080.1080.180/006RCaSGly8hkv17k85efj30u00u0tbg.jpg?KID=imgbed,tva&Expires=1770550256&ssig=%2FrP6xWliHC"
5262176295061589,1770112858,2026-02-03 10:00:58+08:00,Qq5tIEJV2,🌸🌸演员魏大勋🍷未来不设限🌸🌸 ✨✨✨✨🍷🍷✨🍷🍷✨✨✨✨  ✨✨✨🍷🍷🍷🍷🍷🍷🍷✨✨✨  ✨✨✨🍷🍷🍷🍷🍷🍷🍷✨✨✨  ✨✨✨✨🍷🍷🍷🍷🍷✨✨✨✨  ✨✨✨✨✨🍷🍷🍷✨✨✨✨✨ ✨✨✨✨✨✨🍷✨✨✨✨✨✨,0,57,1770539457119,四川,5262176295061589,,3290654611,FWeirdo_大王,f,https://m.weibo.cn/u/3290654611?launchid=10000360-page_H5,"https://tvax1.sinaimg.cn/crop.0.0.1080.1080.180/c4236793ly8i9qxj4u6skj20u00u0wh9.jpg?KID=imgbed,tva&Expires=1770550256&ssig=HeqBJz8CEh"
5262176475418365,1770112901,2026-02-03 10:01:41+08:00,Qq5tIEJV2,当声声旋律遇上赤诚坚守，便定格了岁月的温度；当@黄子弘凡_Lars 的歌声撞上奋进微光，便汇聚了平凡的力量🎵不同舞台尽显大将风范，专业功底铸就实力标杆，正能量内核契合时代脉搏💛根正苗红底色鲜明，青年担当掷地有声💜且看前程似海，共期未来繁花，一路高歌永不停歇❤️,0,86,1770539457125,海南,5262176475418365,,7898918006,荔谣元诗,f,https://m.weibo.cn/u/7898918006?launchid=10000360-page_H5,"https://tvax2.sinaimg.cn/crop.0.0.1080.1080.180/008Cz3pkly8ia1t4qxeepj30u00u0420.jpg?KID=imgbed,tva&Expires=1770550256&ssig=vYoC6PWidG"
5262176211441405,1770112838,2026-02-03 10:00:38+08:00,Qq5tIEJV2,🧡✨✨✨🧡✨🧡🧡🧡✨ 🧡✨ ✨🧡 🧡✨✨✨🧡✨🧡魏🍷🧡✨🧡✨🧡         🧡✨🧡✨🧡✨🧡大🍷🧡 ✨    🧡✨   🧡✨🧡✨🧡✨🧡勋🍷🧡✨🧡✨🧡     ✨🧡✨🧡✨✨🧡🧡🧡✨ 🧡✨ ✨🧡,1,53,1770539457132,黑龙江,5262176211441405,,6289041094,白日梦想家_9,f,https://m.weibo.cn/u/6289041094?launchid=10000360-page_H5,"https://tvax3.sinaimg.cn/crop.0.0.1080.1080.180/006RCaSGly8hkv17k85efj30u00u0tbg.jpg?KID=imgbed,tva&Expires=1770550256&ssig=%2FrP6xWliHC"
5262176199904378,1770112835,2026-02-03 10:00:35+08:00,Qq5tIEJV2,期待魏大勋,1,49,1770539457137,四川,5262176199904378,https://wx1.sinaimg.cn/large/c4236793gy1i9x5p8yvdzj20qo14041i.jpg,3290654611,FWeirdo_大王,f,https://m.weibo.cn/u/3290654611?launchid=10000360-page_H5,"https://tvax1.sinaimg.cn/crop.0.0.1080.1080.180/c4236793ly8i9qxj4u6skj20u00u0wh9.jpg?KID=imgbed,tva&Expires=1770550256&ssig=HeqBJz8CEh"
5262176057033444,1770112800,2026-02-03 10:00:00+08:00,Qq5tIEJV2,期待刘宇宁呀不见不散@摩登兄弟刘宇宁,0,61,1770539457144,吉林,5262176057033444,https://wx2.sinaimg.cn/large/0077TRlhly1i9x5on6nhfj30u01bkdpa.jpg,6529677267,俩宝儿麻麻_,f,https://m.weibo.cn/u/6529677267?launchid=10000360-page_H5,"https://tvax2.sinaimg.cn/crop.0.0.1080.1080.180/0077TRlhly8hn7vdxd4umj30u00u0gmh.jpg?KID=imgbed,tva&Expires=1770550256&ssig=GzUhvvcp0N"
5262176522082191,1770112912,2026-02-03 10:01:52+08:00,Qq5tIEJV2,刘宇宁的舞台從不让人失望。期待与@摩登兄弟刘宇宁 共赴这场星光之約，任漫天星河璀燦，只為宁一人而来，我们不见不散。,0,60,1770539457150,中国台湾,5262176522082191,https://wx2.sinaimg.cn/large/008C0To2gy1i9x5qkwju5j30qo13643j.jpg,7890776334,星辰与共的獅子座,f,https://m.weibo.cn/u/7890776334?launchid=10000360-page_H5,"https://tvax3.sinaimg.cn/crop.0.0.737.737.180/008C0To2ly8i94rsim2xtj30kh0kh0uu.jpg?KID=imgbed,tva&Expires=1770550256&ssig=czf4GdwKtl"
5262188528798917,1770115775,2026-02-03 10:49:35+08:00,Qq5tIEJV2,🌹周深@卡布叻_周深 ！顶流歌手用数据說話！限購後數字專輯售额超斷層第一 ，世巡四大洲五國八城十場🔥刷新華語歌手北美演唱會單場人數記錄！五年四登春晚，五登大灣區獨唱·任務曲·红歌原唱·外交舞台全覆盖蓋🇺🇳聯/合/國/APEC多重國際認證！首位內地歌手於香港啓德舉行首個0點跨年演唱會。,1,57,1770539457161,中国香港,5262188528798917,https://wx1.sinaimg.cn/large/008a97n9gy1i9x74821svj30u0140wlz.jpg,7478999311,可爱巴拉隆,f,https://m.weibo.cn/u/7478999311?launchid=10000360-page_H5,"https://tvax1.sinaimg.cn/crop.0.0.550.550.180/008a97n9ly8hszhei7q8vj30fa0faq3f.jpg?KID=imgbed,tva&Expires=1770550256&ssig=IfiyiIeSPw"
5262188346347514,1770115731,2026-02-03 10:48:51+08:00,Qq5tIEJV2,🌹期待周深 @卡布叻_周深 央视认证顶流歌手时代之声五年四登春晚🔥联合国认证中国歌坛巨星🔥最年轻四大洲世巡内地歌手🔥文化出海标杆🔥五获五个一工程奖🔥原唱歌曲四入教材🔥实绩与流量齐飞🔥首位內地歌手於香港啓德舉行首個0點跨年演唱會。,1,59,1770539457168,中国香港,5262188346347514,https://wx4.sinaimg.cn/large/008a97n9gy1i9x73h4dwfj30u0140dm3.jpg,7478999311,可爱巴拉隆,f,https://m.weibo.cn/u/7478999311?launchid=10000360-page_H5,"https://tvax1.sinaimg.cn/crop.0.0.550.550.180/008a97n9ly8hszhei7q8vj30fa0faq3f.jpg?KID=imgbed,tva&Expires=1770550256&ssig=IfiyiIeSPw"
5262176652886857,1770112942,2026-02-03 10:02:22+08:00,Qq5tIEJV2,期待歌手@黄子弘凡_Lars,0,74,1770539457176,四川,5262176652886857,,7819714910,-肆月玖玖-,f,https://m.weibo.cn/u/7819714910?launchid=10000360-page_H5,"https://tvax4.sinaimg.cn/crop.0.0.1080.1080.180/008xcJ42ly8ia25lh09o0j30u00u077z.jpg?KID=imgbed,tva&Expires=1770550256&ssig=UixSRPvw3K"
5262176094519531,1770112809,2026-02-03 10:00:09+08:00,Qq5tIEJV2,弦歌不辍，风雅长存；墨染山河，宁音绕梁。和@摩登兄弟刘宇宁 共赴2026网络视听盛典之约🎵,0,48,1770539457184,浙江,5262176094519531,https://wx3.sinaimg.cn/large/8c18d35fgy1i9x5orwv6fj21jj2fee81.jpg,2350437215,Nina-King,f,https://m.weibo.cn/u/2350437215?launchid=10000360-page_H5,"https://tvax4.sinaimg.cn/crop.0.0.1080.1080.180/8c18d35fly8i3phmwzo68j20u00u0wgu.jpg?KID=imgbed,tva&Expires=1770550256&ssig=3HUhB5b7zp"
5262188203475779,1770115697,2026-02-03 10:48:17+08:00,Qq5tIEJV2,🌹期待周深 @卡布叻_周深 ！跨五国八城四大洲，内地歌手史上北美巡演场次第一、票房第一，专辑反深代词销售额7800万⬆️，限购後销售额最高内地专辑，全球专辑年销量最高男歌手！！,1,58,1770539457193,中国香港,5262188203475779,https://wx1.sinaimg.cn/large/008a97n9gy1i9x72vhxs9j30u0140n2z.jpg,7478999311,可爱巴拉隆,f,https://m.weibo.cn/u/7478999311?launchid=10000360-page_H5,"https://tvax1.sinaimg.cn/crop.0.0.550.550.180/008a97n9ly8hszhei7q8vj30fa0faq3f.jpg?KID=imgbed,tva&Expires=1770550256&ssig=IfiyiIeSPw"
5262176422203931,1770112888,2026-02-03 10:01:28+08:00,Qq5tIEJV2,根正苗红央视认证歌手🎤新生代宠粉天花板🥰@黄子弘凡_Lars 从体育馆巡演到国家体育场仅用时一年半🏅实力vocal全开麦零修音实力有目共睹🎵除了快乐禁止入内巡演19站33场场场光速秒罄，散场专属直播暖心陪伴💗所有细节宠粉无死角，把每场告别都变成双向奔赴的温柔约定🍃,0,59,1770539457201,海南,5262176422203931,,7898918006,荔谣元诗,f,https://m.weibo.cn/u/7898918006?launchid=10000360-page_H5,"https://tvax2.sinaimg.cn/crop.0.0.1080.1080.180/008Cz3pkly8ia1t4qxeepj30u00u0420.jpg?KID=imgbed,tva&Expires=1770550256&ssig=vYoC6PWidG"
5262176383410227,1770112879,2026-02-03 10:01:19+08:00,Qq5tIEJV2,期待黄子弘凡,1,51,1770539457210,浙江,5262176383410227,https://wx4.sinaimg.cn/large/005FCvEqgy1i9x5pzzn5cj35xa7wdx6z.jpg,5195672070,少喝汽水-,f,https://m.weibo.cn/u/5195672070?launchid=10000360-page_H5,"https://tvax2.sinaimg.cn/crop.0.0.708.708.180/005FCvEqly8i8ta71zpy9j30jo0jojs2.jpg?KID=imgbed,tva&Expires=1770550256&ssig=SmMEztDTN3"
5262177314276546,1770113100,2026-02-03 10:05:00+08:00,Qq5tIEJV2,期待周深！【央视认证顶流歌手🔹大气蓬勃时代之声】💙【联合国认证青年歌唱家、歌坛巨星】🔷【单平台单曲收藏量破亿】🔷【内地专辑限购后销量第一】🔹【内地最年轻四大洲世巡歌手】💙【首位内地歌手登香港启德主场】@卡布叻_周深,1,56,1770539457218,贵州,5262177314276546,https://wx3.sinaimg.cn/large/005ZGLAAgy1i9x5tuqn9vj30u013y7h1.jpg,5492213368,林深见鹿叻_,f,https://m.weibo.cn/u/5492213368?launchid=10000360-page_H5,"https://tvax1.sinaimg.cn/crop.0.0.1080.1080.180/005ZGLAAly8how7chqxtrj30u00u043n.jpg?KID=imgbed,tva&Expires=1770550256&ssig=ATZ2PpwvZH"
5262177242195501,1770113084,2026-02-03 10:04:44+08:00,Qq5tIEJV2,💙💙💙央视认证顶流歌手🔹大气蓬勃的时代之声🎶唱响时代之歌🎤百变声线，人间百灵鸟🎶Live的神，国民顶级大vocal🔥实力流量top，出圈舞台数不胜数🔥五年内四登春晚，四首原唱歌曲收录九年义务教材🔥首位内地歌手登香港启德主场🔥期待周深的精彩表现@卡布叻_周深,1,54,1770539457224,贵州,5262177242195501,https://wx3.sinaimg.cn/large/005ZGLAAgy1i9x5tkj7roj30u013ynb7.jpg,5492213368,林深见鹿叻_,f,https://m.weibo.cn/u/5492213368?launchid=10000360-page_H5,"https://tvax1.sinaimg.cn/crop.0.0.1080.1080.180/005ZGLAAly8how7chqxtrj30u00u043n.jpg?KID=imgbed,tva&Expires=1770550256&ssig=ATZ2PpwvZH"
5262176375019159,1770112877,2026-02-03 10:01:17+08:00,Qq5tIEJV2,根正苗红央视认证歌手🎤新生代宠粉天花板🥰@黄子弘凡_Lars 从体育馆巡演到国家体育场仅用时一年半🏅实力vocal全开麦零修音实力有目共睹🎵除了快乐禁止入内巡演19站33场场场光速秒罄，散场专属直播暖心陪伴💗所有细节宠粉无死角，把每场告别都变成双向奔赴的温柔约定🍃,1,50,1770539512474,吉林,5262176375019159,https://wx4.sinaimg.cn/large/007drW7Mly1i9x5pz3gcaj30qo0zkn67.jpg,6611680482,吃可爱长大的darling,f,https://m.weibo.cn/u/6611680482?launchid=10000360-page_H5,"https://tvax2.sinaimg.cn/crop.0.0.1080.1080.180/007drW7Mly1i3kozk5suwj30u00u03zw.jpg?KID=imgbed,tva&Expires=1770550312&ssig=XrEuxtPTBx"
5262183695125171,1770114622,2026-02-03 10:30:22+08:00,Qq5tIEJV2,传统新声，焕发时代魅力，国风筑梦，落笔音乐鸿篇，与全能艺人刘宇共同相约「2026中国网络视听盛典」🔹虚拟梦幻与现实精彩链接，共同铸就诗意舞台艺术。@刘宇Yu_,1,59,1770539512480,江苏,5262183695125171,https://wx1.sinaimg.cn/large/007RmdXYgy1i9x6k8dfcpj30u0190wjz.jpg,7201372538,小宇兔-,f,https://m.weibo.cn/u/7201372538?launchid=10000360-page_H5,"https://tvax2.sinaimg.cn/crop.0.1.1078.1078.180/007RmdXYly8i7wydp1cthj30ty0u0ju9.jpg?KID=imgbed,tva&Expires=1770550312&ssig=U9gWSYYVEr"
5262176415914042,1770112887,2026-02-03 10:01:27+08:00,Qq5tIEJV2,新生代实力歌手🎤@黄子弘凡_Lars 开场即巅峰🔝首登体育场便闪耀鸟巢🏟️除了快乐禁止入内巡演19站33场拿下新生代单轮巡演场次之最🏅每一次相见都精心筹备，每一套造型都独具匠心💗光影舞美与唱演实力双在线，持续圈粉无数，巡演热度不断攀升触达各圈层💥,1,46,1770539512486,浙江,5262176415914042,https://wx4.sinaimg.cn/large/68407599gy1i9x5q33jlgj21e01whu0x.jpg,1749054873,yiyayi-yiyi,f,https://m.weibo.cn/u/1749054873?launchid=10000360-page_H5,"https://tvax4.sinaimg.cn/crop.0.0.1080.1080.180/68407599ly8ia1uvv55lqj20u00u0wge.jpg?KID=imgbed,tva&Expires=1770550312&ssig=Ut5KB7l9mP"
5262176642149943,1770112941,2026-02-03 10:02:21+08:00,Qq5tIEJV2,期待@黄子弘凡_Lars ,1,33,1770539512493,广东,5262176642149943,,2697043957,小脸摸摸小狗头,f,https://m.weibo.cn/u/2697043957?launchid=10000360-page_H5,"https://tvax1.sinaimg.cn/crop.0.0.1080.1080.180/a0c19ff5ly8i9yf1ef70mj20u00u0dje.jpg?KID=imgbed,tva&Expires=1770550312&ssig=JphqdYsXsa"
5262176186014051,1770112832,2026-02-03 10:00:32+08:00,Qq5tIEJV2,🍷🍷演员魏大勋🦋魅力破表🦋🍷🍷  ✨✨✨✨🦋✨✨✨🦋✨✨✨✨    ✨✨✨🦋🦋🦋✨🦋🦋🦋✨✨✨          ✨✨✨🦋🦋🦋🦋🦋🦋🦋✨✨✨  ✨✨✨✨🦋🦋🦋🦋🦋✨✨✨✨   ✨✨✨✨✨🦋🦋🦋✨✨✨✨✨ ✨✨✨✨✨✨🦋✨✨✨✨✨✨,1,32,1770539512499,黑龙江,5262176186014051,,6289041094,白日梦想家_9,f,https://m.weibo.cn/u/6289041094?launchid=10000360-page_H5,"https://tvax3.sinaimg.cn/crop.0.0.1080.1080.180/006RCaSGly8hkv17k85efj30u00u0tbg.jpg?KID=imgbed,tva&Expires=1770550312&ssig=vyt8E4%2FW9B"
5263772207549164,1770493353,2026-02-07 19:42:33+08:00,Qq5tIEJV2,刘宇宁刘宇宁刘宇宁刘宇宁刘宇宁刘宇宁刘宇宁刘宇宁刘宇宁刘宇宁刘宇宁刘宇宁刘宇宁刘宇宁刘宇宁刘宇宁刘宇宁刘宇宁刘宇宁刘宇宁刘宇宁刘宇宁刘宇宁刘宇宁刘宇宁刘宇宁刘宇宁刘宇宁刘宇宁刘宇宁刘宇宁刘宇宁刘宇宁刘宇宁刘宇宁刘宇宁刘宇宁刘宇宁刘宇宁刘宇宁刘宇宁刘宇宁,0,85,1770539512505,广西,5263772207549164,,7914348986,Ning的星星,f,https://m.weibo.cn/u/7914348986?launchid=10000360-page_H5,"https://tvax4.sinaimg.cn/crop.0.0.1080.1080.180/008DBNI6ly8i61o12dbzfj30u00u0acr.jpg?KID=imgbed,tva&Expires=1770550312&ssig=QkQ4%2FXEsmK"
5262903536256557,1770286246,2026-02-05 10:10:46+08:00,Qq5tIEJV2,期待肖战,0,55,1770539512511,天津,5262903536256557,,6268755599,渴望已久的晴天,f,https://m.weibo.cn/u/6268755599?launchid=10000360-page_H5,"https://tvax3.sinaimg.cn/crop.0.0.1080.1080.180/006Qf3Hhly8gzupuuwzljj30u00u0t9d.jpg?KID=imgbed,tva&Expires=1770550312&ssig=ve%2FTsIibY8"
5262180704322007,1770113908,2026-02-03 10:18:28+08:00,Qq5tIEJV2,期待刘宇宁双栖前行，步步生光，用歌声点亮OST的温柔底色，用角色拓展荧幕的情绪版图，在舞台上释放炽热能量，期待@摩登兄弟刘宇宁 用实力与热爱书写闪耀时刻。,0,34,1770539512518,中国台湾,5262180704322007,https://wx1.sinaimg.cn/large/008C0To2gy1i9x67v5btej30q2118agj.jpg,7890776334,星辰与共的獅子座,f,https://m.weibo.cn/u/7890776334?launchid=10000360-page_H5,"https://tvax3.sinaimg.cn/crop.0.0.737.737.180/008C0To2ly8i94rsim2xtj30kh0kh0uu.jpg?KID=imgbed,tva&Expires=1770550312&ssig=cgpg5sHs9D"
5262176350110319,1770112871,2026-02-03 10:01:11+08:00,Qq5tIEJV2,他的声音能击中心跳，他的角色能拉满代入，他诠释了“双栖强者”四个字的真正内涵。OST领域的成绩持续添彩，从荧幕角色到音乐舞台，刘宇宁用稳定输出证明了自己的位置。@摩登兄弟刘宇宁,0,29,1770539512524,山东,5262176350110319,,1161906920,夕梨sunny,f,https://m.weibo.cn/u/1161906920?launchid=10000360-page_H5,"https://tvax4.sinaimg.cn/crop.0.0.1080.1080.180/45414ae8ly8hz5tiso1mvj20u00u075n.jpg?KID=imgbed,tva&Expires=1770550312&ssig=Wa%2BGj3VI6K"
5262187108243009,1770115436,2026-02-03 10:43:56+08:00,Qq5tIEJV2,期待单依纯,1,52,1770539512531,广东,5262187108243009,https://wx2.sinaimg.cn/large/006hwq2Kgy1i9x6ycvxt4j31jk222b29.jpg,5755721314,还你葡萄柠檬茶,f,https://m.weibo.cn/u/5755721314?launchid=10000360-page_H5,"https://tvax1.sinaimg.cn/crop.0.0.1080.1080.180/006hwq2Kly8i8z43nldiaj30u00u0abs.jpg?KID=imgbed,tva&Expires=1770550312&ssig=x95hBwDWYJ"
5262176329407308,1770112866,2026-02-03 10:01:06+08:00,Qq5tIEJV2,从音乐唱将，到多栖发展，百万收藏OST，个人专辑“刘宇宁的”彰显音乐才华，影视剧演技再度突破，用作品证明自己为精彩而来。@摩登兄弟刘宇宁,0,26,1770539512537,山东,5262176329407308,,1161906920,夕梨sunny,f,https://m.weibo.cn/u/1161906920?launchid=10000360-page_H5,"https://tvax4.sinaimg.cn/crop.0.0.1080.1080.180/45414ae8ly8hz5tiso1mvj20u00u075n.jpg?KID=imgbed,tva&Expires=1770550312&ssig=Wa%2BGj3VI6K"
5262176458644851,1770112897,2026-02-03 10:01:37+08:00,Qq5tIEJV2,期待歌手@黄子弘凡_Lars,0,27,1770539512544,重庆,5262176458644851,https://wx4.sinaimg.cn/large/007b1X4Kgy1i9x5qb95c7j31e01whqv5.jpg,6575934938,梨诗绘元_,f,https://m.weibo.cn/u/6575934938?launchid=10000360-page_H5,"https://tvax4.sinaimg.cn/crop.0.0.1080.1080.180/007b1X4Kly8i9yf053thpj30u00u00wa.jpg?KID=imgbed,tva&Expires=1770550312&ssig=lQsD3EeIlz"
5262176773216298,1770112972,2026-02-03 10:02:52+08:00,Qq5tIEJV2,新生代实力歌手🎤@黄子弘凡_Lars 开场即巅峰🔝首登体育场便闪耀鸟巢🏟️除了快乐禁止入内巡演19站33场拿下新生代单轮巡演场次之最🏅每一次相见都精心筹备，每一套造型都独具匠心💗光影舞美与唱演实力双在线，持续圈粉无数，巡演热度不断攀升触达各圈层💥,1,25,1770539512550,安徽,5262176773216298,https://wx3.sinaimg.cn/large/0061UrwNly1i9x5rmjs95j30k00rewif.jpg,5525025517,元梦日记簿-,f,https://m.weibo.cn/u/5525025517?launchid=10000360-page_H5,"https://tvax3.sinaimg.cn/crop.0.0.1080.1080.180/0061UrwNly8i9yf21ptzhj30u00u00wa.jpg?KID=imgbed,tva&Expires=1770550312&ssig=cH2GmfhWVT"
5262186620390061,1770115320,2026-02-03 10:42:00+08:00,Qq5tIEJV2,期待新生代实力女歌手单依纯,2,51,1770539512556,江苏,5262186620390061,https://wx2.sinaimg.cn/large/007BSqjpgy1i9x6wci3nkj31jk222u0x.jpg,6972625115,salvation小白,f,https://m.weibo.cn/u/6972625115?launchid=10000360-page_H5,"https://tvax3.sinaimg.cn/crop.0.0.1080.1080.180/007BSqjply8i6u4wn0r4cj30u00u0jti.jpg?KID=imgbed,tva&Expires=1770550312&ssig=8%2BC17%2BXWTf"
5262186478046548,1770115286,2026-02-03 10:41:26+08:00,Qq5tIEJV2,期待单依纯,1,52,1770539512563,辽宁,5262186478046548,https://wx1.sinaimg.cn/large/007zrDo2ly1i9x6vr5rrdj30m20uvag1.jpg,6936687846,依个打工人,f,https://m.weibo.cn/u/6936687846?launchid=10000360-page_H5,"https://tvax1.sinaimg.cn/crop.0.0.1080.1080.180/007zrDo2ly8i9qa1455wpj30u00u0adz.jpg?KID=imgbed,tva&Expires=1770550312&ssig=Manr24tEEX"
5262903647406101,1770286272,2026-02-05 10:11:12+08:00,Qq5tIEJV2,⚪⚪⚪️🔴🔴⚪⚪⚪🔴🔴⚪⚪⚪ ⚪⚪🔴🔴🔴🔴⚪🔴🔴🔴🔴⚪⚪ ⚪⚪🔴✨肖战🔴🔴肖战✨🔴⚪⚪ ⚪️⚪⚪🔴🚩为战而来🚩🔴⚪⚪⚪ ⚪️⚪⚪⚪🔴🔴🔴🔴🔴⚪⚪⚪⚪ ⚪⚪⚪️⚪⚪🔴🔴🔴⚪⚪⚪⚪⚪ ⚪⚪⚪⚪⚪⚪🔴⚪️⚪️⚪️⚪️⚪️⚪️,0,52,1770539512569,北京,5262903647406101,,7385208347,咔咔咔jing,f,https://m.weibo.cn/u/7385208347?launchid=10000360-page_H5,"https://tvax3.sinaimg.cn/crop.0.0.687.687.180/0083NA3Fly8hc9zhm05e0j30j30j3wg7.jpg?KID=imgbed,tva&Expires=1770550312&ssig=vC9Dv%2FAQGL"
5262903592617336,1770286259,2026-02-05 10:10:59+08:00,Qq5tIEJV2,期待肖战,0,48,1770539512576,河北,5262903592617336,https://wx4.sinaimg.cn/large/007RAmsply1i9zh8ohrvxj31jk15ox3y.jpg,7204741769,小小雏菊来了,f,https://m.weibo.cn/u/7204741769?launchid=10000360-page_H5,"https://tvax1.sinaimg.cn/crop.0.0.588.588.180/007RAmsply8hjlcg2zwr4j30gc0gc75z.jpg?KID=imgbed,tva&Expires=1770550312&ssig=XfCdwvd0zW"
5262187748656767,1770115589,2026-02-03 10:46:29+08:00,Qq5tIEJV2,期待单依纯《还你茉莉》,1,49,1770539512583,广东,5262187748656767,https://wx1.sinaimg.cn/large/008tFDWKgy1i9x70zdk5mj36qu8zse85.jpg,7767501406,紫檀柠萌Z,f,https://m.weibo.cn/u/7767501406?launchid=10000360-page_H5,"https://tvax3.sinaimg.cn/crop.0.0.1080.1080.180/008tFDWKly8hehor0itgnj30u00u0jtn.jpg?KID=imgbed,tva&Expires=1770550312&ssig=Wvz5Jxuih4"
5262903630628219,1770286268,2026-02-05 10:11:08+08:00,Qq5tIEJV2,⚪【演员肖战⭐⭐星途璀璨】⚪ ⚪⚪♥️⚪⚪⚪⚪♥️⚪♥️⚪⚪ ⚪⚪♥️♥️♥️⚪⚪♥️⚪⚪⚪⚪ ⚪⚪♥️⚪⚪♥️♥️♥️♥️♥️⚪⚪ ⚪⚪♥️⚪⚪⚪⚪♥️⚪♥️⚪⚪ ⚪♥️♥️♥️♥️⚪⚪⚪♥️⚪⚪⚪ ⚪♥️⚪⚪♥️⚪⚪♥️⚪♥️⚪⚪ ⚪♥️♥️♥️♥️⚪♥️⚪⚪⚪♥️⚪,0,51,1770539512590,河南,5262903630628219,,3968053427,XZ-阿晨星空,m,https://m.weibo.cn/u/3968053427?launchid=10000360-page_H5,"https://tvax4.sinaimg.cn/crop.0.0.1080.1080.180/ec83b0b3ly8i62f7yia9bj20u00u0t9z.jpg?KID=imgbed,tva&Expires=1770550312&ssig=6Xed4POgsD"
5262185676669131,1770115094,2026-02-03 10:38:14+08:00,Qq5tIEJV2,期待新生代实力女歌手单依纯,1,50,1770539512597,辽宁,5262185676669131,https://wx3.sinaimg.cn/large/008BZ5Dwly1i9x6secspqj32y43y8e81.jpg,7890346766,小数楠楠-想eat蛋乙醇版,f,https://m.weibo.cn/u/7890346766?launchid=10000360-page_H5,"https://tvax4.sinaimg.cn/crop.0.0.1080.1080.180/008BZ5Dwly8i9ighxlvsjj30u00u0ac6.jpg?KID=imgbed,tva&Expires=1770550312&ssig=sDBJr4rGyv"
5263777498926607,1770494615,2026-02-07 20:03:35+08:00,QqL8A3rug,与全篇主讲人@肖战 共赴年度视听盛会,15,3673,1770539573702,福建,5263777498926607,https://wx3.sinaimg.cn/large/6d656353gy1ia29lwd3o5j20j60srtas.jpg,1835361107,桃野蔷薇,f,https://m.weibo.cn/u/1835361107?launchid=10000360-page_H5,"https://tvax4.sinaimg.cn/crop.0.0.1080.1080.180/6d656353ly8i8gh86urkyj20u00u0q63.jpg?KID=imgbed,tva&Expires=1770550373&ssig=KPpuXNlEz6"
5263777366023137,1770494583,2026-02-07 20:03:03+08:00,QqL8A3rug,肖战太帅了期待,3,2394,1770539573708,云南,5263777366023137,https://wx2.sinaimg.cn/large/008a9XBbgy1ia29lcg40vj30u018kdio.jpg,7479200069,呆桃就很赞_,f,https://m.weibo.cn/u/7479200069?launchid=10000360-page_H5,"https://tvax3.sinaimg.cn/crop.0.0.1080.1080.180/008a9XBbly8i6vva9hkhpj30u00u00ti.jpg?KID=imgbed,tva&Expires=1770550373&ssig=hWa0fmVtT%2B"
5263777796983582,1770494686,2026-02-07 20:04:46+08:00,QqL8A3rug,去年肖战在电视剧电影领域表现亮眼，展现了极强的角色塑造能力与市场号召力”影视双爆的榜样影人！,0,1187,1770539573714,广东,5263777796983582,https://wx1.sinaimg.cn/large/0073fVhqgy1ia29n2sykyj344f66jqvc.jpg,6461053940,羡羡馨羡羡_1019,f,https://m.weibo.cn/u/6461053940?launchid=10000360-page_H5,"https://tvax4.sinaimg.cn/crop.0.0.1080.1080.180/0073fVhqly8i62mlf2x6fj30u00u0myn.jpg?KID=imgbed,tva&Expires=1770550373&ssig=YH5ZSC8paG"
5263777635244592,1770494647,2026-02-07 20:04:07+08:00,QqL8A3rug,与@肖战 相聚2026网络视听盛典，在多元视听场景中见证每一个值得铭记的精彩时刻,0,850,1770539573721,河北,5263777635244592,https://wx4.sinaimg.cn/large/008ptibtly1ia29mfqz96j34tm4tm1lg.jpg,7705452471,祖贤不吃榴莲,f,https://m.weibo.cn/u/7705452471?launchid=10000360-page_H5,"https://tvax4.sinaimg.cn/crop.0.0.1055.1055.180/008ptibtly8hj4djud92qj30tb0tbabe.jpg?KID=imgbed,tva&Expires=1770550373&ssig=aCX8DHePF7"
5263777442300343,1770494600,2026-02-07 20:03:20+08:00,QqL8A3rug,肖战好帅,3,1704,1770539573728,黑龙江,5263777442300343,https://wx1.sinaimg.cn/large/48d564dfly1ia29ljhzwaj20j60srwgg.jpg,1221944543,·万里长城绝不倒·,f,https://m.weibo.cn/u/1221944543?launchid=10000360-page_H5,"https://tvax4.sinaimg.cn/crop.0.0.1080.1080.180/48d564dfly8i9xd02yk7oj20u00u0416.jpg?KID=imgbed,tva&Expires=1770550373&ssig=cf%2BBuSwzB6"
5263809910147925,1770502341,2026-02-07 22:12:21+08:00,QqL8A3rug,#中国网络视听盛典# #肖战网络视听盛典全篇主讲人# #肖战中国网络视听年度盛典#热爱不减，梦想滚烫，和 @肖战 一起用坚持奔赴热爱，与美好岁岁相守。,0,3,1770539573734,广东,5263809910147925,https://wx1.sinaimg.cn/large/006qvmzVgy1ia2dbvdv47j344f66jqvc.jpg,5888456691,每于寒尽觉春生-,f,https://m.weibo.cn/u/5888456691?launchid=10000360-page_H5,"https://tvax3.sinaimg.cn/crop.0.0.841.841.180/006qvmzVly8i6wrljtxzpj30nd0ndacd.jpg?KID=imgbed,tva&Expires=1770550373&ssig=f8BWMSPZXv"
5263777744293282,1770494673,2026-02-07 20:04:33+08:00,QqL8A3rug,辰辰朗星伴身旁，熠熠昭焯耀四方，相约2026网络视听盛典，与@肖战 携手，共探视听新境，深味创造的力量，尽赏行业的魅力。#肖战#｜#中国网络视听盛典#｜#2026网络视听盛典阵容官宣#,0,382,1770539573740,四川,5263777744293282,https://wx3.sinaimg.cn/large/006U2OZ0gy1ia29mwj545j344f66j1l2.jpg,6324944446,你有点怪嘟嘟哒,f,https://m.weibo.cn/u/6324944446?launchid=10000360-page_H5,"https://tvax4.sinaimg.cn/crop.0.0.1080.1080.180/006U2OZ0ly8i9d1yeow80j30u00u0gn0.jpg?KID=imgbed,tva&Expires=1770550373&ssig=hpRXLLqJkD"
5263777868290290,1770494703,2026-02-07 20:05:03+08:00,QqL8A3rug,与“全篇主讲人”@肖战 一起共赴这场视听盛宴！,0,311,1770539573747,广东,5263777868290290,https://wx1.sinaimg.cn/large/b03d6929gy1ia29ne8dioj21jk2bbe81.jpg,2956814633,小鱼不是鱼呀DAYTOY,f,https://m.weibo.cn/u/2956814633?launchid=10000360-page_H5,"https://tvax3.sinaimg.cn/crop.0.0.512.512.180/b03d6929ly8gbymwzrj52j20e80e874g.jpg?KID=imgbed,tva&Expires=1770550373&ssig=Co%2BT8QXX9Z"
5263777813495881,1770494689,2026-02-07 20:04:49+08:00,QqL8A3rug,肖战@肖战 邀您齐聚2026网络视听盛典，共赴行业盛事、同襄荣耀时刻，于光影更迭间定格美好，共探网络视听的蓬勃生机与多元可能。#肖战#｜#肖战网络视听盛典全篇主讲人# #肖战中国网络视听年度盛典# ｜#2026网络视听盛典阵容官宣#,0,236,1770539573753,河北,5263777813495881,https://wx4.sinaimg.cn/large/005MsKQgly1ia29n6r31bj31jk2bc7wh.jpg,5296781536,呆桃的小笨蛋1991,f,https://m.weibo.cn/u/5296781536?launchid=10000360-page_H5,"https://tvax1.sinaimg.cn/crop.0.0.1080.1080.180/005MsKQgly8i6dej26t35j30u00u0wg0.jpg?KID=imgbed,tva&Expires=1770550373&ssig=UZPnR4KBss"
5263800044622176,1770499990,2026-02-07 21:33:10+08:00,QqL8A3rug,广电网络视听盛典压轴，全篇主讲人肖战，太优秀了，超级大气。,0,135,1770539573760,湖南,5263800044622176,https://wx2.sinaimg.cn/large/006butYCgy1ia2c73rw31j30k00zktev.jpg,5666601762,mua_十月五日的月光,f,https://m.weibo.cn/u/5666601762?launchid=10000360-page_H5,"https://tvax1.sinaimg.cn/crop.0.0.1080.1080.180/006butYCly8i9pmk6xbohj30u00u0dhl.jpg?KID=imgbed,tva&Expires=1770550373&ssig=SpgW7G1SIQ"
5263784131694496,1770496196,2026-02-07 20:29:56+08:00,QqL8A3rug,肖战展现了极强的角色塑造能力和市场号召能力,0,97,1770539573766,浙江,5263784131694496,https://wx1.sinaimg.cn/large/0084jVeegy1ia2adbbs00j31jk2bbhdt.jpg,7392916222,tutu喜欢兔兔,f,https://m.weibo.cn/u/7392916222?launchid=10000360-page_H5,"https://tvax2.sinaimg.cn/crop.0.0.960.960.180/0084jVeely8hkehfpfoi7j30qo0qojug.jpg?KID=imgbed,tva&Expires=1770550373&ssig=t8joWuVkbA"
5263780277913458,1770495277,2026-02-07 20:14:37+08:00,QqL8A3rug,“肖战展现了极强的角色塑造能力与市场号召力”！,0,84,1770539573773,辽宁,5263780277913458,https://wx3.sinaimg.cn/large/005Ycn17ly1ia29x90yerj30qo0qon5x.jpg,5470192737,Catherine面包圈儿,f,https://m.weibo.cn/u/5470192737?launchid=10000360-page_H5,"https://tvax3.sinaimg.cn/crop.0.0.1080.1080.180/005Ycn17ly8huetbtghd8j30u00u0q4l.jpg?KID=imgbed,tva&Expires=1770550373&ssig=nStzV3fkhO"
5263781379967018,1770495540,2026-02-07 20:19:00+08:00,QqL8A3rug,肖战太帅了，喜欢他的每一部电视剧和电影,0,53,1770539573780,湖南,5263781379967018,https://wx2.sinaimg.cn/large/006hyL3Ygy1ia2a1hry1bj31jk2bbhdt.jpg,5756278770,l向着太阳迎着光l,f,https://m.weibo.cn/u/5756278770?launchid=10000360-page_H5,"https://tvax4.sinaimg.cn/crop.0.0.1080.1080.180/006hyL3Yly8i8zr827lqjj30u00u00vk.jpg?KID=imgbed,tva&Expires=1770550373&ssig=wHdcRwmkz8"
5263805967763144,1770501402,2026-02-07 21:56:42+08:00,QqL8A3rug,肖战#肖战说我觉得更重要的是今天##肖战看到大屏的这个表情##肖战藏海专属娃衣有点萌##肖战再现藏海名场面##肖战网络视听出图##肖战网络视听盛典全篇主讲人#xz#肖战# 肖战@肖战 邀您相约2026网络视听盛典，齐聚行业盛事共襄荣耀，共话网络视听领域的生机与无限潜能。#中国网络视听盛典#,0,28,1770539573787,四川,5263805967763144,https://wx2.sinaimg.cn/large/8ec056afgy1ia2cvkm68fj20k00jtdju.jpg,2394969775,满眼绚丽,f,https://m.weibo.cn/u/2394969775?launchid=10000360-page_H5,"https://tvax4.sinaimg.cn/crop.0.0.1080.1080.180/8ec056afly8huv6h1vw04j20u00u0jts.jpg?KID=imgbed,tva&Expires=1770550373&ssig=O9nxk%2B%2FNGe"
5263816209212084,1770503844,2026-02-07 22:37:24+08:00,QqL8A3rug,帅气哥哥来了！一双明亮的大眼睛！#肖战网络视听出图# #中国网络视听盛典红毯# #肖战市场号召力#   //@桃野蔷薇:与全篇主讲人@肖战 共赴年度视听盛会 评论配图,0,21,1770539573793,上海,5263816209212084,https://wx4.sinaimg.cn/large/008EbWMtgy1ia2e1siwdoj30v81jin8m.jpg,7922963661,热爱跳舞的bella,f,https://m.weibo.cn/u/7922963661?launchid=10000360-page_H5,"https://tvax4.sinaimg.cn/crop.0.0.1080.1080.180/008EbWMtly8i6346g07q0j30u00u0dio.jpg?KID=imgbed,tva&Expires=1770550373&ssig=9Jdn1teHxv"
5263965257207802,1770539380,2026-02-08 08:29:40+08:00,QqL8A3rug,#肖战的声音温柔而有力# 与@肖战 相聚2026网络视听盛典，在多元视听场景中见证每一个值得铭记的精彩时刻！#肖战网络视听盛典全篇主讲人#,0,5,1770539573799,贵州,5263965257207802,https://wx3.sinaimg.cn/large/008EE3o9gy1ia2v672ij1j30k018gdmr.jpg,7929662245,爱兔兔酷侠,m,https://m.weibo.cn/u/7929662245?launchid=10000360-page_H5,"https://tvax1.sinaimg.cn/crop.0.0.1080.1080.180/008EE3o9ly8i6sgtzqfykj30u00u0dh2.jpg?KID=imgbed,tva&Expires=1770550373&ssig=OjUmavYGCg"
5263777419495339,1770494596,2026-02-07 20:03:16+08:00,QqL8A3rug,肖战太帅了！！！,0,631,1770539573806,四川,5263777419495339,https://wx4.sinaimg.cn/large/008tuyGAgy1ia29lk9nocj30u018z7a7.jpg,7764859576,一棵挑染的幸运树,f,https://m.weibo.cn/u/7764859576?launchid=10000360-page_H5,"https://tvax3.sinaimg.cn/crop.0.0.1080.1080.180/008tuyGAly8ia1taubodij30u00u0tc8.jpg?KID=imgbed,tva&Expires=1770550373&ssig=tlUG7IGT9a"
5263777693959256,1770494660,2026-02-07 20:04:20+08:00,QqL8A3rug,肖战好帅,1,600,1770539573813,辽宁,5263777693959256,https://wx3.sinaimg.cn/large/008rPHT3ly1ia29mormklj30vx16kalx.jpg,7740347161,莜阡-,f,https://m.weibo.cn/u/7740347161?launchid=10000360-page_H5,"https://tvax3.sinaimg.cn/crop.0.0.1080.1080.180/008rPHT3ly8i61z861yx8j30u00u0tbo.jpg?KID=imgbed,tva&Expires=1770550373&ssig=RIc5sAzwsV"
5263786445374543,1770496748,2026-02-07 20:39:08+08:00,QqL8A3rug,哥哥压轴出场太帅了,0,5,1770539573819,四川,5263786445374543,https://wx4.sinaimg.cn/large/00a2BFnggy1ia2am9i21wj31jq0u0791.jpg,9199858174,念桃慕肖,f,https://m.weibo.cn/u/9199858174?launchid=10000360-page_H5,"https://tvax1.sinaimg.cn/crop.0.0.1080.1080.180/00a2BFnggy1ia2ceayit7j30u00u0gn8.jpg?KID=imgbed,tva&Expires=1770550373&ssig=1k34Bt0T3f"
5264057636751475,1770561405,2026-02-08 14:36:45+08:00,QqL8A3rug,是矜贵儒雅的肖战战啊～@肖战,0,0,1770539573826,广西,5264057636751475,https://wx1.sinaimg.cn/large/005Uqt07gy1ia35s3y7abj31uo0u0tfp.jpg,5414446987,91年家的97年小朋友,f,https://m.weibo.cn/u/5414446987?launchid=10000360-page_H5,"https://tvax3.sinaimg.cn/crop.0.0.1080.1080.180/005Uqt07ly8i8tyk3ow03j30u00u041i.jpg?KID=imgbed,tva&Expires=1770550373&ssig=NbC87A6rIa"
5263795339398131,1770498868,2026-02-07 21:14:28+08:00,QqL8A3rug,世俗定义的次优解 恰似人生的最优解,0,4,1770539665368,山东,5263795339398131,https://wx4.sinaimg.cn/large/008JNLtVly1ia2bnnh9laj30ua0hqmyd.jpg,8005858371,岁岁念战安丶,f,https://m.weibo.cn/u/8005858371?launchid=10000360-page_H5,"https://tvax3.sinaimg.cn/crop.0.0.1080.1080.180/008JNLtVly8i7ys003bzoj30u00u0adc.jpg?KID=imgbed,tva&Expires=1770550465&ssig=LNnAMazaX7"
5263794609064297,1770498694,2026-02-07 21:11:34+08:00,QqL8A3rug,周正帅气完全满分“肖战展现了极强的角色塑造能力与市场号召力”！#肖战北京台春晚##肖战官宣2026北京台春晚# #肖战三登网络视听盛典的含金量#  #肖战中国网络视听年度盛典##肖战网络视听盛典全篇主讲人##肖战冬奥短片滑冰首秀##肖战网络视听出图# 查看图片,0,4,1770539665375,江西,5263794609064297,https://wx2.sinaimg.cn/large/009Yf3pFgy1ia2bkkseatj31jk2bbhdt.jpg,9135363691,兔子宝宝13xz,f,https://m.weibo.cn/u/9135363691?launchid=10000360-page_H5,"https://tvax2.sinaimg.cn/crop.0.0.1080.1080.180/009Yf3pFly8i8zqkrndybj30u00u0q6o.jpg?KID=imgbed,tva&Expires=1770550465&ssig=Tw55%2FwrWN%2F"
5263781165793435,1770495488,2026-02-07 20:18:08+08:00,QqL8A3rug,肖战男帝大人帅的太权威了,0,4,1770539665382,湖北,5263781165793435,https://wx2.sinaimg.cn/large/008IHMBKgy1ia2a0umcs1j30zk1hb76r.jpg,7989656396,粉色冰淇淋zz,f,https://m.weibo.cn/u/7989656396?launchid=10000360-page_H5,"https://tvax3.sinaimg.cn/crop.0.0.1065.1065.180/008IHMBKly8i689xq9cykj30tl0tlwgq.jpg?KID=imgbed,tva&Expires=1770550465&ssig=LcmDAt8GvQ"
5264021018380142,1770552674,2026-02-08 12:11:14+08:00,QqL8A3rug,正能量艺人，沒人不喜愛#肖战网络视听出图# #中国网络视听盛典红毯# #肖战三登网络视听盛典的含金量#,0,0,1770539665388,中国台湾,5264021018380142,https://wx2.sinaimg.cn/large/0065WsGmgy1ia31kpsubvj30u0190qaj.jpg,5584611954,Momi遇见火紅小战,f,https://m.weibo.cn/u/5584611954?launchid=10000360-page_H5,"https://tvax1.sinaimg.cn/crop.0.0.600.600.180/0065WsGmly8hsgihbtja7j30go0go77f.jpg?KID=imgbed,tva&Expires=1770550465&ssig=MYTW9EE%2FuS"
5263994684442603,1770546396,2026-02-08 10:26:36+08:00,QqL8A3rug,肖战@肖战 邀您齐聚2026网络视听盛典，共赴行业盛事、同襄荣耀时刻，于光影更迭间定格美好，共探网络视听的蓬勃生机与多元可能。#肖战#｜#肖战网络视听盛典全篇主讲人# #肖战中国网络视听年度盛典# ｜#2026网络视听盛典阵容官宣# 查看图片,0,1,1770539665394,新疆,5263994684442603,https://wx1.sinaimg.cn/large/ce194136ly1ia2yjmjcrrj21sx0u0ad7.jpg,3457761590,iriscxx,f,https://m.weibo.cn/u/3457761590?launchid=10000360-page_H5,"https://tvax4.sinaimg.cn/crop.0.0.1080.1080.180/ce194136ly8hyy0a3snuuj20u00u0di6.jpg?KID=imgbed,tva&Expires=1770550465&ssig=xFO5cDyTFU"
5263783555498986,1770496058,2026-02-07 20:27:38+08:00,QqL8A3rug,太好看了🤩,0,3,1770539665401,广东,5263783555498986,https://wx2.sinaimg.cn/large/009YEPYIgy1ia2aawly2bj31jk2bcjz1.jpg,9141508576,威猛杯子蛋糕吃松子,f,https://m.weibo.cn/u/9141508576?launchid=10000360-page_H5,"https://tvax4.sinaimg.cn/crop.0.0.500.500.180/009YEPYIly8i9ge5x90xpj30dw0dwq3c.jpg?KID=imgbed,tva&Expires=1770550465&ssig=DLfMZni1PM"
5263777689765885,1770494660,2026-02-07 20:04:20+08:00,QqL8A3rug,期待肖战主讲人,0,6,1770539665408,山东,5263777689765885,https://wx1.sinaimg.cn/large/008FhzJ2ly1ia29mo9qtxj30qo0qo0vo.jpg,7939081340,双不是又又521,f,https://m.weibo.cn/u/7939081340?launchid=10000360-page_H5,"https://tvax1.sinaimg.cn/crop.0.0.1080.1080.180/008FhzJ2ly8i9tr2xrxzpj30u00u0wfn.jpg?KID=imgbed,tva&Expires=1770550465&ssig=bNApPjFh6G"
5263983931556560,1770543832,2026-02-08 09:43:52+08:00,QqL8A3rug,肖战就是这么矜贵！高级感满满  查看图片,0,2,1770539665415,浙江,5263983931556560,https://wx3.sinaimg.cn/large/00840a8Cgy1ia2xb1bdntj30k00tqab0.jpg,7388206974,爱吃薯片的肖羡羡,f,https://m.weibo.cn/u/7388206974?launchid=10000360-page_H5,"https://tvax4.sinaimg.cn/crop.0.0.1080.1080.180/00840a8Cly8ia30atber5j30u00u0jti.jpg?KID=imgbed,tva&Expires=1770550465&ssig=Hy7OHcyGzf"
5263824933358669,1770505924,2026-02-07 23:12:04+08:00,QqL8A3rug,肖战实力派演员 演技赋予角色 查看图片,0,1,1770539665421,山东,5263824933358669,https://wx4.sinaimg.cn/large/006dOBAWly1ia2f1o60jlj30xw0s2gr6.jpg,5700950278,1005肖兔子爱吃的胡萝卜,f,https://m.weibo.cn/u/5700950278?launchid=10000360-page_H5,"https://tvax3.sinaimg.cn/crop.0.478.1080.1080.180/006dOBAWly8humgblini5j30u01kkjwe.jpg?KID=imgbed,tva&Expires=1770550465&ssig=bN9pI5MMS6"
5263804220838955,1770500986,2026-02-07 21:49:46+08:00,QqL8A3rug,太帅啦！！！#肖战网络视听出图# #中国网络视听盛典红毯#,0,1,1770539665427,湖北,5263804220838955,https://wx3.sinaimg.cn/large/005PqVcigy1ia2codueihj30u018zn1c.jpg,5340673694,疯狂悍匪666,m,https://m.weibo.cn/u/5340673694?launchid=10000360-page_H5,"https://tvax1.sinaimg.cn/default/images/default_avatar_male_180.gif?KID=imgbed,tva&Expires=1770550465&ssig=G1zgvLBZ7v"
5263777721223434,1770494668,2026-02-07 20:04:28+08:00,QqL8A3rug,那确实，期待我们讲述人肖战,1,103,1770539665434,陕西,5263777721223434,https://wx2.sinaimg.cn/large/007x3CBqly1ia29mt5vyqj30u0184tcu.jpg,6901412288,枝枝复杫杫,f,https://m.weibo.cn/u/6901412288?launchid=10000360-page_H5,"https://tvax4.sinaimg.cn/crop.0.0.1080.1080.180/007x3CBqly8i8oq6hoq1tj30u00u0dk3.jpg?KID=imgbed,tva&Expires=1770550465&ssig=PIGc5%2BRZTU"
5263780193765090,1770495256,2026-02-07 20:14:16+08:00,QqL8A3rug,期待肖战,0,55,1770539665440,广东,5263780193765090,https://wx3.sinaimg.cn/large/6d3251aegy1ia29x0i22bj244f66j1l2.jpg,1832014254,小月先先贝x,f,https://m.weibo.cn/u/1832014254?launchid=10000360-page_H5,"https://tvax4.sinaimg.cn/crop.0.0.1080.1080.180/6d3251aely8hdr1aqg3cij20u00u0afh.jpg?KID=imgbed,tva&Expires=1770550465&ssig=ThbS9fDTHi"
5263777794886647,1770494685,2026-02-07 20:04:45+08:00,QqL8A3rug,太棒了@肖战,0,52,1770539665447,山西,5263777794886647,https://wx4.sinaimg.cn/large/006dl5JLly1ia29n3r37qj329a3dxnpf.jpg,5693916305,Everyday请阿战吃小面包,f,https://m.weibo.cn/u/5693916305?launchid=10000360-page_H5,"https://tvax4.sinaimg.cn/crop.0.0.1080.1080.180/006dl5JLly8i7izixpjclj30u00u1adq.jpg?KID=imgbed,tva&Expires=1770550465&ssig=csasuZQziD"
5263786220718200,1770496694,2026-02-07 20:38:14+08:00,QqL8A3rug,肖战超级帅，风度翩翩,0,36,1770539665453,中国香港,5263786220718200,https://wx3.sinaimg.cn/large/6f477418gy1ia2alvvtr9j21jk2bbhdt.jpg,1866953752,羽之印记99,f,https://m.weibo.cn/u/1866953752?launchid=10000360-page_H5,"https://tvax2.sinaimg.cn/crop.0.0.511.511.180/6f477418ly8hucephdjj3j20e70e7aa3.jpg?KID=imgbed,tva&Expires=1770550465&ssig=BszfffKmsq"
5263778889602338,1770494946,2026-02-07 20:09:06+08:00,QqL8A3rug,肖战太帅了,0,18,1770539665461,山东,5263778889602338,https://wx3.sinaimg.cn/large/6d0683f5ly1ia29rm6kx0j20u018zgpz.jpg,1829143541,雨彐Ivy1005,f,https://m.weibo.cn/u/1829143541?launchid=10000360-page_H5,"https://tvax3.sinaimg.cn/crop.0.0.1080.1080.180/6d0683f5ly8i9ztitf6flj20u00u0jtq.jpg?KID=imgbed,tva&Expires=1770550465&ssig=gcxxkZfYCW"
5263783584858773,1770496065,2026-02-07 20:27:45+08:00,QqL8A3rug,太帅了肖战一会见！,0,16,1770539665466,安徽,5263783584858773,https://wx3.sinaimg.cn/large/604cdf33ly1ia2ab1hsxzj244f66jqvc.jpg,1615650611,庚寅宝宝,f,https://m.weibo.cn/u/1615650611?launchid=10000360-page_H5,"https://tvax2.sinaimg.cn/crop.0.0.180.180.180/604cdf33ly8h6ziwugisbj2050050wed.jpg?KID=imgbed,tva&Expires=1770550465&ssig=8S%2B25sLqjX"
5263784241529437,1770496221,2026-02-07 20:30:21+08:00,QqL8A3rug,压轴亮相的讲述人好帅,0,15,1770539665475,重庆,5263784241529437,https://wx2.sinaimg.cn/large/0077vm5Mgy1ia2adowipaj30qo140wjn.jpg,6523837270,兔兔的山城麻麻,f,https://m.weibo.cn/u/6523837270?launchid=10000360-page_H5,"https://tvax4.sinaimg.cn/crop.0.0.994.994.180/0077vm5Mly8i171hw7ibnj30rm0rmmya.jpg?KID=imgbed,tva&Expires=1770550465&ssig=wPm%2BOEEeXg"
5263780244358296,1770495268,2026-02-07 20:14:28+08:00,QqL8A3rug,哇塞哇塞🤩战战好帅好帅@肖战,0,6,1770539665481,湖北,5263780244358296,https://wx4.sinaimg.cn/large/006OZlkxgy1ia29x7oj28j31jk2bbhdt.jpg,6250233797,最爱饭饭XL,f,https://m.weibo.cn/u/6250233797?launchid=10000360-page_H5,"https://tvax2.sinaimg.cn/crop.0.0.1080.1080.180/006OZlkxly8i6hojhmtyrj30u00u0di3.jpg?KID=imgbed,tva&Expires=1770550465&ssig=lkiTI1EFdU"
5263788733632019,1770497293,2026-02-07 20:48:13+08:00,QqL8A3rug,全篇主讲人肖战@肖战 查看图片,0,7,1770539665487,湖南,5263788733632019,https://wx3.sinaimg.cn/large/008BI5Pcgy1ia2avty5agj344f66jb2a.jpg,7886295914,想到再改一下吧,f,https://m.weibo.cn/u/7886295914?launchid=10000360-page_H5,"https://tvax3.sinaimg.cn/crop.0.0.512.512.180/008BI5Pcly8hmw98rnggbj30e80e8q45.jpg?KID=imgbed,tva&Expires=1770550465&ssig=5WcA9tF5pk"
5263779124219096,1770495002,2026-02-07 20:10:02+08:00,QqL8A3rug,帅炸了，期待全程主讲人肖战。,0,4,1770539665494,黑龙江,5263779124219096,https://wx3.sinaimg.cn/large/81b36835ly1ia29slvvq7j21jk2bbh3b.jpg,2176018485,Peter妈0708,f,https://m.weibo.cn/u/2176018485?launchid=10000360-page_H5,"https://tvax3.sinaimg.cn/crop.0.270.1080.1080.180/81b36835ly8i9t07bsomyj20u0190jsy.jpg?KID=imgbed,tva&Expires=1770550465&ssig=SWEm0wNlxP"
5263779051865406,1770494984,2026-02-07 20:09:44+08:00,QqL8A3rug,期待肖战,0,4,1770539747032,甘肃,5263779051865406,https://wx1.sinaimg.cn/large/0078nUxQly1ia29sayc8fj338t4v84qt.jpg,6536839418,-觅桃纪,f,https://m.weibo.cn/u/6536839418?launchid=10000360-page_H5,"https://tvax4.sinaimg.cn/crop.0.0.1080.1080.180/0078nUxQly8i8l0lrzotaj30u00u0q60.jpg?KID=imgbed,tva&Expires=1770550546&ssig=T%2FRCT3RZ49"
5263858713232997,1770513978,2026-02-08 01:26:18+08:00,QqL8A3rug,#肖战网络视听出图#太好看了肖战#肖战红毯贵气感#,0,4,1770539747038,贵州,5263858713232997,https://wx3.sinaimg.cn/large/008CnqEFgy1ia2ixn2d0zj33uw2kl7wk.jpg,7896147433,哈哈哈105805,m,https://m.weibo.cn/u/7896147433?launchid=10000360-page_H5,"https://tvax4.sinaimg.cn/crop.0.0.1080.1080.180/008CnqEFly8hlp0ek89wnj30u00u077y.jpg?KID=imgbed,tva&Expires=1770550546&ssig=VcuKcZkLvw"
5263825474427697,1770506053,2026-02-07 23:14:13+08:00,QqL8A3rug,肖战好帅,0,2,1770539747045,广西,5263825474427697,https://wx1.sinaimg.cn/large/008ubzefgy1ia2f48qnbxj344f66jkjs.jpg,7775109767,清风暖阳下的笑容,f,https://m.weibo.cn/u/7775109767?launchid=10000360-page_H5,"https://tvax4.sinaimg.cn/crop.0.0.500.500.180/008ubzefly8i9b2tuoougj30dw0dwgmt.jpg?KID=imgbed,tva&Expires=1770550546&ssig=tuoDY53gNy"
5263788962219823,1770497348,2026-02-07 20:49:08+08:00,QqL8A3rug,用作品说话@肖战,0,4,1770539747052,广东,5263788962219823,https://wx3.sinaimg.cn/large/007z0fQxgy1ia2ax25ltej30j60srjth.jpg,6930162501,爱有颜色爱有颜色,m,https://m.weibo.cn/u/6930162501?launchid=10000360-page_H5,"https://tvax2.sinaimg.cn/crop.0.0.960.960.180/007z0fQxly8hcp4qmmfhtj30qo0qon08.jpg?KID=imgbed,tva&Expires=1770550546&ssig=6edWS14LkF"
5263786890233212,1770496854,2026-02-07 20:40:54+08:00,QqL8A3rug,与肖战共赴盛典,0,8,1770539747058,安徽,5263786890233212,https://wx1.sinaimg.cn/large/007n1q26ly1ia2aoeqp16j30u018z0wy.jpg,6753123954,有个湫,f,https://m.weibo.cn/u/6753123954?launchid=10000360-page_H5,"https://tvax2.sinaimg.cn/crop.0.0.1058.1058.180/007n1q26ly8i3qlx1fiztj30te0te41c.jpg?KID=imgbed,tva&Expires=1770550546&ssig=Z2f%2B1jyf0S"
5263781086363684,1770495469,2026-02-07 20:17:49+08:00,QqL8A3rug,主讲人肖战,0,2,1770539747066,四川,5263781086363684,https://wx4.sinaimg.cn/large/e9e12f27gy1ia2a0pgq7dj249x6erhe2.jpg,3923848999,有钱的甜桃酿酒,f,https://m.weibo.cn/u/3923848999?launchid=10000360-page_H5,"https://tvax2.sinaimg.cn/crop.0.0.1080.1080.180/e9e12f27ly8i63tikfiwxj20u00u0gnn.jpg?KID=imgbed,tva&Expires=1770550546&ssig=UhHfRNiThR"
5263780251443757,1770495271,2026-02-07 20:14:31+08:00,QqL8A3rug,肖战就是全能型艺人！,0,6,1770539747072,吉林,5263780251443757,https://wx3.sinaimg.cn/large/007K3WQ0ly1ia29x9po0vj31jk2qrkjl.jpg,7093582440,全咩不留,f,https://m.weibo.cn/u/7093582440?launchid=10000360-page_H5,"https://tvax4.sinaimg.cn/crop.0.0.996.996.180/007K3WQ0ly8go90mkosvaj30ro0rodgl.jpg?KID=imgbed,tva&Expires=1770550546&ssig=08aLxDq39f"
5263778511063945,1770494855,2026-02-07 20:07:35+08:00,QqL8A3rug,影视双爆演员肖战#肖战网络视听出图# #肖战网络视听盛典#,0,4,1770539747079,重庆,5263778511063945,https://wx2.sinaimg.cn/large/e59a7f19gy1ia29q2cbxgj20qo0qo12w.jpg,3852107545,桌面为空,f,https://m.weibo.cn/u/3852107545?launchid=10000360-page_H5,"https://tvax1.sinaimg.cn/crop.0.0.993.993.180/e59a7f19ly8h0lf99nk8ej20rl0rlq5g.jpg?KID=imgbed,tva&Expires=1770550546&ssig=PNSkmRIU4s"
5263814560057622,1770503451,2026-02-07 22:30:51+08:00,QqL8A3rug,肖战 太棒了,0,1,1770539747085,福建,5263814560057622,https://wx2.sinaimg.cn/large/4cf7bd30gy1ia2dux7ip9j20qo140jux.jpg,1291304240,包包-Rachel,f,https://m.weibo.cn/u/1291304240?launchid=10000360-page_H5,"https://tvax2.sinaimg.cn/crop.0.0.1080.1080.180/4cf7bd30ly8ia1e4za6pmj20u00u0jzg.jpg?KID=imgbed,tva&Expires=1770550546&ssig=cQY2ArhUXP"
5263778402013980,1770494830,2026-02-07 20:07:10+08:00,QqL8A3rug,就是这个肖战爽,0,2,1770539747092,江苏,5263778402013980,https://wx1.sinaimg.cn/large/007wNlFIgy1ia29pm91cjj33gr573e88.jpg,6897533958,片片儿小尾巴,f,https://m.weibo.cn/u/6897533958?launchid=10000360-page_H5,"https://tvax4.sinaimg.cn/crop.0.0.1080.1080.180/007wNlFIly8i6f9jd4gb7j30u00u0jth.jpg?KID=imgbed,tva&Expires=1770550546&ssig=iGpN2e5yc%2B"
5263778120733218,1770494763,2026-02-07 20:06:03+08:00,QqL8A3rug,肖战好帅好喜欢,1,2,1770539747099,贵州,5263778120733218,https://wx2.sinaimg.cn/large/008k553agy1ia29ogo1u9j30u018yjvi.jpg,7625800432,泡面很赞,f,https://m.weibo.cn/u/7625800432?launchid=10000360-page_H5,"https://tvax1.sinaimg.cn/crop.0.0.1080.1080.180/008k553aly8i9v0wwhus9j30u00u075s.jpg?KID=imgbed,tva&Expires=1770550546&ssig=fcp0hBNo%2BY"
5263777989657509,1770494732,2026-02-07 20:05:32+08:00,QqL8A3rug,期待主讲人肖战,0,3,1770539747105,湖南,5263777989657509,https://wx2.sinaimg.cn/large/007BMzaWgy1ia29nuslptj344f66jhdy.jpg,6971229218,我在星河贩卖日落-,f,https://m.weibo.cn/u/6971229218?launchid=10000360-page_H5,"https://tvax4.sinaimg.cn/crop.0.0.1080.1080.180/007BMzaWly8i9yqbq97wgj30u00u0myn.jpg?KID=imgbed,tva&Expires=1770550546&ssig=0MxQS6WWO9"
5263779415722695,1770495072,2026-02-07 20:11:12+08:00,QqL8A3rug,肖战帅到我心里了，观众有福了,0,0,1770539747113,内蒙古,5263779415722695,https://wx2.sinaimg.cn/large/008jIIj5ly1ia29tsg170j31jk2bbe81.jpg,7620469791,呆呆萌萌猫猫,f,https://m.weibo.cn/u/7620469791?launchid=10000360-page_H5,"https://tvax1.sinaimg.cn/crop.0.0.1080.1080.180/008jIIj5ly8hj0betnet7j30u00u041f.jpg?KID=imgbed,tva&Expires=1770550546&ssig=blFejbftl2"
5264043606804588,1770558060,2026-02-08 13:41:00+08:00,QqL8A3rug,@肖战 共赴年度视听盛会  评论配图,0,0,1770539747120,湖北,5264043606804588,https://wx3.sinaimg.cn/large/6d656353gy1ia29lwd3o5j20j60srtas.jpg,5060676493,久久爱嘟嘟,f,https://m.weibo.cn/u/5060676493?launchid=10000360-page_H5,"https://tvax1.sinaimg.cn/crop.0.0.722.722.180/005wu58ply8i9nh035ma4j30k20k2mxt.jpg?KID=imgbed,tva&Expires=1770550546&ssig=MHNcYwXT6D"
5263792938419249,1770498295,2026-02-07 21:04:55+08:00,QqL8A3rug,00:18,0,0,1770539747127,重庆,5263792938419249,https://wx4.sinaimg.cn/large/008h00Nbgy1ia2bdq2r44j30u018zgqn.jpg,7580263417,唐小小198105,f,https://m.weibo.cn/u/7580263417?launchid=10000360-page_H5,"https://tvax4.sinaimg.cn/crop.0.0.1080.1080.180/008h00Nbly8i8xm3hzen2j30u00u0wjl.jpg?KID=imgbed,tva&Expires=1770550546&ssig=je%2BS%2Fp%2BUDC"
5263778741490401,1770494911,2026-02-07 20:08:31+08:00,QqL8A3rug,期待与全篇主讲人@肖战 共赴年度视听盛会，一会儿见,0,0,1770539747132,海南,5263778741490401,https://wx4.sinaimg.cn/large/009bXI31gy1ia29r1344ij30j60sr0u6.jpg,8421965859,浅浅一star,f,https://m.weibo.cn/u/8421965859?launchid=10000360-page_H5,"https://tvax1.sinaimg.cn/crop.0.0.1080.1080.180/009bXI31ly8ia06urvqigj30u00u0mzz.jpg?KID=imgbed,tva&Expires=1770550546&ssig=Aiz9OievGI"
5263777391969701,1770494588,2026-02-07 20:03:08+08:00,QqL8A3rug,今晚与@肖战 一起以匠心守初心，聆听时代声音，见证文艺绽放。,2,762,1770539747140,浙江,5263777391969701,https://wx2.sinaimg.cn/large/008vHiTmgy1ia29lfua98j30k00jtjta.jpg,7797449800,小羊排排坐天秤,f,https://m.weibo.cn/u/7797449800?launchid=10000360-page_H5,"https://tvax4.sinaimg.cn/crop.0.0.1080.1080.180/008vHiTmly8h7ecrogpzej30u00u0ad3.jpg?KID=imgbed,tva&Expires=1770550546&ssig=tF1ZT%2FqAst"
5263967140185886,1770539829,2026-02-08 08:37:09+08:00,QqL8A3rug,肖战“肖战展现了极强的角色塑造能力与市场号召力”！#肖战已连续3年亮相网络视听盛典# #肖战网络视听盛典全篇主讲人#,0,0,1770539819165,贵州,5263967140185886,,6604973790,紫烟鸥DDM,f,https://m.weibo.cn/u/6604973790?launchid=10000360-page_H5,"https://tvax4.sinaimg.cn/crop.0.0.664.664.180/007cZNpkly8gjz3rn274zj30ig0igq3f.jpg?KID=imgbed,tva&Expires=1770550619&ssig=QeXdDF4CRZ"
5263820139268759,1770504780,2026-02-07 22:53:00+08:00,QqL8A3rug,肖战以声为炬，照见山河万象；以行践志，与@肖战  一起共赴时代新章#肖战##中国网络视听盛典红毯# #肖战网络视听出图#,0,0,1770539819172,安徽,5263820139268759,,6198675305,暖暖的小兔z,f,https://m.weibo.cn/u/6198675305?launchid=10000360-page_H5,"https://tvax4.sinaimg.cn/crop.0.0.1080.1080.180/006Lv0BXly8i647cglqb1j30u00u0gnm.jpg?KID=imgbed,tva&Expires=1770550619&ssig=Q7Zdpsb6pj"
5263791480900437,1770497948,2026-02-07 20:59:08+08:00,QqL8A3rug,这个压轴亮相红毯简直是太精彩了战战,0,0,1770539819179,天津,5263791480900437,,1028641402,风舞尘嚣的笑脸樱桃,f,https://m.weibo.cn/u/1028641402?launchid=10000360-page_H5,"https://tvax1.sinaimg.cn/crop.0.0.512.512.180/3d4fd27aly8gdipodz37tj20e80e8q3i.jpg?KID=imgbed,tva&Expires=1770550619&ssig=%2BvGwL0q5g3"
5263790410047250,1770497693,2026-02-07 20:54:53+08:00,QqL8A3rug,哇，肖战，好帅好有气质，带着作品来了,0,0,1770539819185,山东,5263790410047250,,7448099878,竹西十三,f,https://m.weibo.cn/u/7448099878?launchid=10000360-page_H5,"https://tvax1.sinaimg.cn/crop.0.0.1080.1080.180/00883t1cly8i667n5xtlej30u00u0ac5.jpg?KID=imgbed,tva&Expires=1770550619&ssig=dLyMdrHYV%2B"
5263781938862380,1770495673,2026-02-07 20:21:13+08:00,QqL8A3rug,星华与你，岁岁熠熠。定格@肖战 耀目瞬间，期待肖战#肖战##2026网络视听盛典阵容官宣#,0,0,1770539819192,安徽,5263781938862380,,1634580757,风月尽处见春山,f,https://m.weibo.cn/u/1634580757?launchid=10000360-page_H5,"https://tvax4.sinaimg.cn/crop.0.0.1080.1080.180/616db915ly8i674b920ksj20u00u0mys.jpg?KID=imgbed,tva&Expires=1770550619&ssig=3ekW2Rq%2FDV"
5263780231253188,1770495266,2026-02-07 20:14:26+08:00,QqL8A3rug,心怀热爱，步履不停，和 @肖战 一起用执着浇灌梦想，与璀璨朝夕相伴。期待盛会！#肖战#｜#2026网络视听盛典阵容官宣#｜#中国网络视听盛典#,0,0,1770539819199,内蒙古,5263780231253188,,5729338100,塔尼塔尼_DAYTOY,f,https://m.weibo.cn/u/5729338100?launchid=10000360-page_H5,"https://tvax1.sinaimg.cn/crop.0.0.1080.1080.180/006fJIz2ly8i60r4hpwawj30u00u0gnz.jpg?KID=imgbed,tva&Expires=1770550619&ssig=YPGoU%2FXP6U"
5263779384266113,1770495064,2026-02-07 20:11:04+08:00,QqL8A3rug,#肖战网络视听盛典全篇主讲人# 方寸视听盛万般美好，人间生活藏满目晴朗，@肖战 以声达意，让视听之美照进生活。,0,0,1770539819206,北京,5263779384266113,,7406814500,更年期兔,f,https://m.weibo.cn/u/7406814500?launchid=10000360-page_H5,"https://tvax4.sinaimg.cn/crop.0.0.511.511.180/0085geO0ly8hilpoidc7wj30e70e7t92.jpg?KID=imgbed,tva&Expires=1770550619&ssig=RVDZIChhZE"
5263778527581557,1770494860,2026-02-07 20:07:40+08:00,QqL8A3rug,#肖战网络视听盛典# 玉韫珠藏，静待华光。与 @肖战 一起向光而行，共赴这场精彩纷呈的视听盛会，留存难忘记忆！#肖战#｜#肖战网络视听盛典全篇主讲人#｜#中国网络视听盛典#,0,0,1770539819214,缅甸,5263778527581557,,5261828100,hedeluo,f,https://m.weibo.cn/u/5261828100?launchid=10000360-page_H5,"https://tvax1.sinaimg.cn/crop.0.0.1080.1080.180/005K65Raly8hl0cfabf4vj30u00u0q4o.jpg?KID=imgbed,tva&Expires=1770550619&ssig=UzoLFCOprf"
5263778480391405,1770494848,2026-02-07 20:07:28+08:00,QqL8A3rug,清辉满途，步履铿锵。与 @肖战 一起循梦追光，相聚这场星光熠熠的精彩盛会，铭记温暖时刻！#肖战#｜#肖战网络视听盛典全篇主讲人#｜#中国网络视听盛典#,0,0,1770539819220,缅甸,5263778480391405,,5261828100,hedeluo,f,https://m.weibo.cn/u/5261828100?launchid=10000360-page_H5,"https://tvax1.sinaimg.cn/crop.0.0.1080.1080.180/005K65Raly8hl0cfabf4vj30u00u0q4o.jpg?KID=imgbed,tva&Expires=1770550619&ssig=UzoLFCOprf"
5263779088831744,1770494994,2026-02-07 20:09:54+08:00,QqL8A3rug,把热爱化作星光，把梦想写进征程，和 @肖战 共赴盛会，见证每一份闪耀！#肖战#｜#肖战网络视听盛典全篇主讲人#｜#中国网络视听盛典#,0,0,1770539819227,陕西,5263779088831744,,7502828712,每天想我战1005遍,f,https://m.weibo.cn/u/7502828712?launchid=10000360-page_H5,"https://tvax1.sinaimg.cn/crop.0.0.828.828.180/008bL6ukly8i65d4khdxcj30n00n0wik.jpg?KID=imgbed,tva&Expires=1770550619&ssig=LVexjWh3M2"
5263779065497172,1770494988,2026-02-07 20:09:48+08:00,QqL8A3rug,和风送暖，万象更新。与 @肖战 一起携梦同行，相聚这场意义非凡的视听盛会，见证每一份闪耀！#肖战#｜#肖战网络视听盛典全篇主讲人#｜#中国网络视听盛典#,0,0,1770539822056,陕西,5263779065497172,,7502828712,每天想我战1005遍,f,https://m.weibo.cn/u/7502828712?launchid=10000360-page_H5,"https://tvax1.sinaimg.cn/crop.0.0.828.828.180/008bL6ukly8i65d4khdxcj30n00n0wik.jpg?KID=imgbed,tva&Expires=1770550621&ssig=WEcyeOs%2Bz6"
5263781158715942,1770495486,2026-02-07 20:18:06+08:00,QqL8A3rug,尖叫声！@肖战,0,5,1770539822063,浙江,5263781158715942,https://wx3.sinaimg.cn/large/9f783339gy1ia2a0v7fnzj20u018zdim.jpg,2675454777,买手唯美式,f,https://m.weibo.cn/u/2675454777?launchid=10000360-page_H5,"https://tvax4.sinaimg.cn/crop.0.0.1080.1080.180/9f783339ly8i8swfrcpa8j20u00u0dhs.jpg?KID=imgbed,tva&Expires=1770550621&ssig=VanA%2B5eJH5"
5263777907869198,1770494712,2026-02-07 20:05:12+08:00,QqL8A3rug,肖战太帅了,0,4,1770539822069,四川,5263777907869198,https://wx3.sinaimg.cn/large/0061hi5Ngy1ia29nklrj0j329a3dxnpf.jpg,5515694455,X肖兔兔吖L,f,https://m.weibo.cn/u/5515694455?launchid=10000360-page_H5,"https://tvax4.sinaimg.cn/crop.0.0.1080.1080.180/0061hi5Nly8i62yy9by31j30u00u0wiw.jpg?KID=imgbed,tva&Expires=1770550621&ssig=P3mnYdPCzT"
5263777803016998,1770494687,2026-02-07 20:04:47+08:00,QqL8A3rug,期待与全篇主讲人@肖战 共赴年度视听盛会，一会儿见,0,120,1770539822077,广东,5263777803016998,https://wx4.sinaimg.cn/large/0084SgHDgy1ia29n5ihpmj30k00tfq6z.jpg,7401101921,你看超人来了,f,https://m.weibo.cn/u/7401101921?launchid=10000360-page_H5,"https://tvax2.sinaimg.cn/crop.0.0.1080.1080.180/0084SgHDly8i634ch533ij30u00u0q5x.jpg?KID=imgbed,tva&Expires=1770550621&ssig=nonXk8tE%2BA"
5263784019231390,1770496168,2026-02-07 20:29:28+08:00,QqL8A3rug,又见肖战@肖战 辰辰朗星伴身旁，熠熠昭焯耀四方，相约2026网络视听盛典，与@肖战 携手，共探视听新境，深味创造的力量，尽赏行业的魅力。#肖战#｜#中国网络视听盛典#,0,16,1770539822084,浙江,5263784019231390,https://wx3.sinaimg.cn/large/008ujZ04gy1ia2actwlfkj31jk2bbhdt.jpg,7777115456,Pxz的三分地,f,https://m.weibo.cn/u/7777115456?launchid=10000360-page_H5,"https://tvax2.sinaimg.cn/crop.0.0.500.500.180/008ujZ04ly8hsy6lgimnjj30dw0dwwf8.jpg?KID=imgbed,tva&Expires=1770550621&ssig=w8%2BU3JC2JW"
5263791432402599,1770497937,2026-02-07 20:58:57+08:00,QqL8A3rug,与主讲人肖战一起共赴这场视听盛宴！,0,15,1770539822091,上海,5263791432402599,https://wx3.sinaimg.cn/large/94061be4gy1ia2b7fkwpyj21jk2bbqor.jpg,2483428324,X_小惜,f,https://m.weibo.cn/u/2483428324?launchid=10000360-page_H5,"https://tvax2.sinaimg.cn/crop.0.0.960.960.180/94061be4ly8ia2gy6ox17j20qo0qowfl.jpg?KID=imgbed,tva&Expires=1770550621&ssig=m3WxkrMLUd"
5263798139355973,1770499535,2026-02-07 21:25:35+08:00,QqL8A3rug,与“全篇主讲人”@肖战 一起共赴这场视听盛宴！ ,0,7,1770539822098,广东,5263798139355973,https://wx3.sinaimg.cn/large/008ab7awgy1ia2bz240m7j31jk2bc7wh.jpg,7479475184,田OS小爱,f,https://m.weibo.cn/u/7479475184?launchid=10000360-page_H5,"https://tvax3.sinaimg.cn/crop.0.0.1080.1080.180/008ab7awly8i5t1deoxhfj30u00u00we.jpg?KID=imgbed,tva&Expires=1770550621&ssig=3Aly%2BV5glq"
5263795937087652,1770499011,2026-02-07 21:16:51+08:00,QqL8A3rug,与全篇主讲人@肖战 相聚2026网络视听盛典，共赴年度视听盛会#肖战网络视听出图##肖战网络视听盛典全篇主讲人# #中国网络视听盛典#,0,9,1770539822106,山西,5263795937087652,https://wx1.sinaimg.cn/large/6e5e00a9ly1ia2bq2mn70j20k00vitc5.jpg,1851654313,雨溪zh,f,https://m.weibo.cn/u/1851654313?launchid=10000360-page_H5,"https://tvax4.sinaimg.cn/crop.0.0.408.408.180/6e5e00a9ly8hz2jovenzgj20bc0bcq3k.jpg?KID=imgbed,tva&Expires=1770550621&ssig=O3%2BVbD7IJv"
5263795301124475,1770498859,2026-02-07 21:14:19+08:00,QqL8A3rug,与@肖战 携手，共探视听新境，深味创造的力量，尽赏行业的魅力。#肖战# ｜#中国网络视听盛典# ｜#2026网络视听盛典阵容官宣#,0,7,1770539822113,山东,5263795301124475,https://wx2.sinaimg.cn/large/008lYdfqly1ia2bnhexn4j344f66j7wm.jpg,7653716320,我家的橘子皮2021,m,https://m.weibo.cn/u/7653716320?launchid=10000360-page_H5,"https://tvax1.sinaimg.cn/crop.0.0.664.664.180/008lYdfqly8gsqkfw1dpej30ig0igwg1.jpg?KID=imgbed,tva&Expires=1770550621&ssig=ATWyy706qW"
5263963675955269,1770539003,2026-02-08 08:23:23+08:00,QqL8A3rug,广电网络视听盛典压轴，全篇主讲人肖战，太优秀了，超级大气 查看图片,0,3,1770539822119,湖北,5263963675955269,https://wx3.sinaimg.cn/large/008gOhKdgy1ia2uzcwmx8j30u018ldjp.jpg,7577468645,想要的靠自己努力的去争取DAYTOY,f,https://m.weibo.cn/u/7577468645?launchid=10000360-page_H5,"https://tvax4.sinaimg.cn/crop.0.0.1003.1003.180/008gOhKdly8hff0tumtvrj30rw0rv405.jpg?KID=imgbed,tva&Expires=1770550621&ssig=MPCoWjkBM4"
5263812007826803,1770502842,2026-02-07 22:20:42+08:00,QqL8A3rug,与@肖战 相聚2026网络视听盛典，在多元视听场景中见证每一个值得铭记的精彩时刻,0,2,1770539822128,安徽,5263812007826803,https://wx2.sinaimg.cn/large/cf54548cly1ia2dkkgcrjj24tm4tm7wo.jpg,3478410380,gfyxf,f,https://m.weibo.cn/u/3478410380?launchid=10000360-page_H5,"https://tvax1.sinaimg.cn/crop.0.0.1080.1080.180/cf54548cly8h569aoqg8wj20u00u00vc.jpg?KID=imgbed,tva&Expires=1770550621&ssig=m4%2BXw3dRqT"
5263800066377908,1770499995,2026-02-07 21:33:15+08:00,QqL8A3rug,与@肖战 相聚2026网络视听盛典，在多元视听场景中见证每一个值得铭记的精彩时刻,0,1,1770539822135,广东,5263800066377908,https://wx3.sinaimg.cn/large/007Z3wfzgy1ia2c76vxt5j30k00jtmz3.jpg,7315125277,水仙爱战1005,f,https://m.weibo.cn/u/7315125277?launchid=10000360-page_H5,"https://tvax3.sinaimg.cn/crop.0.0.1080.1080.180/007Z3wfzly8i4a9aoe0vvj30u00u0q43.jpg?KID=imgbed,tva&Expires=1770550621&ssig=nj0SoJd68x"
5263824435282390,1770505804,2026-02-07 23:10:04+08:00,QqL8A3rug,与“全篇主讲人”@肖战 一起共赴这场视听盛宴！ #肖战# 肖战,0,2,1770539822141,上海,5263824435282390,https://wx3.sinaimg.cn/large/008Eku1Ygy1ia2ezxgb5vj30j60srt9n.jpg,7924998098,知性小鹿烘焙,f,https://m.weibo.cn/u/7924998098?launchid=10000360-page_H5,"https://tvax1.sinaimg.cn/crop.0.0.1080.1080.180/008Eku1Yly8i818h5i6krj30u00u0q5c.jpg?KID=imgbed,tva&Expires=1770550621&ssig=uLd5pM6HDm"
5263799185572810,1770499784,2026-02-07 21:29:44+08:00,QqL8A3rug,#肖战网络视听出图##肖战已连续3年亮相网络视听盛典#  #肖战# 期待肖战!共享#中国网络视听盛典# ，共创美好生活!,0,7,1770539822149,浙江,5263799185572810,https://wx1.sinaimg.cn/large/008vvL38gy1ia2c3jk4d6j30u018zwi1.jpg,7794698102,至冬第-1深情,f,https://m.weibo.cn/u/7794698102?launchid=10000360-page_H5,"https://tvax1.sinaimg.cn/crop.0.0.679.679.180/008vvL38ly8h6vjw5qskdj30iv0ivabx.jpg?KID=imgbed,tva&Expires=1770550621&ssig=NTgzxgFrk%2F"
5263781358738817,1770495535,2026-02-07 20:18:55+08:00,QqL8A3rug,和全篇主讲人@肖战 一起赴约年度视听盛典,0,2,1770539822156,宁夏,5263781358738817,https://wx3.sinaimg.cn/large/008ynk9Cly1ia2a1u8as9j34dq6kjhe2.jpg,7837017100,绝版的昨天xy,m,https://m.weibo.cn/u/7837017100?launchid=10000360-page_H5,"https://tvax2.sinaimg.cn/crop.0.0.1080.1080.180/008ynk9Cly8i9chd3dpzcj30u00u0tcf.jpg?KID=imgbed,tva&Expires=1770550621&ssig=hldHuijdAg"
5263779258699077,1770495034,2026-02-07 20:10:34+08:00,QqL8A3rug,以声为媒，聚力前行，@肖战 担任网络视听盛典主讲人，舞台演讲淋漓尽致，尽显国家级盛典主讲人的专业与大气。,0,0,1770539822163,山东,5263779258699077,https://wx1.sinaimg.cn/large/008qMFyhly1ia29t5bxg7j30u0190n0z.jpg,7724846865,fanglaoban很累,f,https://m.weibo.cn/u/7724846865?launchid=10000360-page_H5,"https://tvax4.sinaimg.cn/crop.0.0.1080.1080.180/008qMFyhly8i7mia4eeb2j30u00u03zp.jpg?KID=imgbed,tva&Expires=1770550621&ssig=NirTfB3u4W"
5263800907599955,1770500196,2026-02-07 21:36:36+08:00,QqL8A3rug,帅,0,1,1770539822170,广东,5263800907599955,https://wx1.sinaimg.cn/large/6ab877c9gy1ia2camwmc1j21jk2bah37.jpg,1790474185,别偷老娘,f,https://m.weibo.cn/u/1790474185?launchid=10000360-page_H5,"https://tvax1.sinaimg.cn/crop.0.0.751.751.180/6ab877c9ly8gtwamgw2mkj20kv0kvaau.jpg?KID=imgbed,tva&Expires=1770550621&ssig=HDL45ErwuF"
5263815748092423,1770503733,2026-02-07 22:35:33+08:00,QqL8A3rug,肖战,0,0,1770539822177,四川,5263815748092423,https://wx1.sinaimg.cn/large/006aPAaJgy1ia2e00znwkj30u018zq80.jpg,5656854129,姐的-专属小世界___,f,https://m.weibo.cn/u/5656854129?launchid=10000360-page_H5,"https://tvax3.sinaimg.cn/crop.0.0.1080.1080.180/006aPAaJly8i8cugy3gbdj30u00u079j.jpg?KID=imgbed,tva&Expires=1770550621&ssig=TfvYDKYfIW"
5263812781671529,1770503027,2026-02-07 22:23:47+08:00,QqL8A3rug,图片评论,0,0,1770539822185,河北,5263812781671529,https://wx2.sinaimg.cn/large/66d7e07dly1ia2dnrr45vj20xc19ogtb.jpg,1725423741,逆光冷画屏,f,https://m.weibo.cn/u/1725423741?launchid=10000360-page_H5,"https://tvax2.sinaimg.cn/crop.0.0.1080.1080.180/66d7e07dly8i8xcd0lx6aj20u00u0gnv.jpg?KID=imgbed,tva&Expires=1770550621&ssig=g8StmI4EuE"
5263798027948501,1770499509,2026-02-07 21:25:09+08:00,QqL8A3rug,肖战帅,0,0,1770539822192,河南,5263798027948501,https://wx2.sinaimg.cn/large/006UcxlCly1ia2byri863j31jk2bc7wh.jpg,6327259936,玲娜贝儿yty,f,https://m.weibo.cn/u/6327259936?launchid=10000360-page_H5,"https://tvax2.sinaimg.cn/crop.0.0.1080.1080.180/006UcxlCly8i9kk3edv9qj30u00u0769.jpg?KID=imgbed,tva&Expires=1770550621&ssig=GPOI9yBUpU"
5263787496047618,1770496998,2026-02-07 20:43:18+08:00,QqL8A3rug,肖战太帅了,0,0,1770539912609,湖北,5263787496047618,https://wx1.sinaimg.cn/large/0072c8s8gy1ia2ar7faz0j31jk2bbnpd.jpg,6445374928,linana-M,m,https://m.weibo.cn/u/6445374928?launchid=10000360-page_H5,"https://tvax1.sinaimg.cn/crop.0.0.1080.1080.180/0072c8s8ly8i1vhiqnotfj30u00u0acg.jpg?KID=imgbed,tva&Expires=1770550712&ssig=QKMZxjLeUR"
5263783951335730,1770496152,2026-02-07 20:29:12+08:00,QqL8A3rug,肖战好帅啊,0,0,1770539912616,新疆,5263783951335730,https://wx3.sinaimg.cn/large/0082jhDwly1ia2ack1tvkj31jk2bbhdt.jpg,7363211358,fiona_niko,f,https://m.weibo.cn/u/7363211358?launchid=10000360-page_H5,"https://tvax3.sinaimg.cn/crop.0.0.1080.1080.180/0082jhDwly8i65v7bfzyjj30u00u0tcc.jpg?KID=imgbed,tva&Expires=1770550712&ssig=T%2FSxjlbIXT"
5263783538721374,1770496054,2026-02-07 20:27:34+08:00,QqL8A3rug,肖战太帅了,0,0,1770539912624,安徽,5263783538721374,https://wx1.sinaimg.cn/large/0080LFO4ly1ia2aauupvyj31jk2bcu0x.jpg,7340424780,六月-DAYTOY,f,https://m.weibo.cn/u/7340424780?launchid=10000360-page_H5,"https://tvax3.sinaimg.cn/crop.0.0.1080.1080.180/0080LFO4ly8i60onszl3hj30u00u0dju.jpg?KID=imgbed,tva&Expires=1770550712&ssig=byA5sCwyfM"
5263783205538662,1770495975,2026-02-07 20:26:15+08:00,QqL8A3rug,好帅,0,0,1770539912631,浙江,5263783205538662,https://wx4.sinaimg.cn/large/007SFRIagy1ia2a9gzz40j344f66jkjs.jpg,7220829886,希瑞spring,f,https://m.weibo.cn/u/7220829886?launchid=10000360-page_H5,"https://tvax3.sinaimg.cn/crop.0.0.638.638.180/007SFRIaly8i6crue424zj30hq0hq3z9.jpg?KID=imgbed,tva&Expires=1770550712&ssig=wN36NCeniA"
5263782553060851,1770495820,2026-02-07 20:23:40+08:00,QqL8A3rug,太帅了,0,0,1770539912638,内蒙古,5263782553060851,https://wx4.sinaimg.cn/large/0074lWhyly1ia2a6ry8zgj30k00qnab1.jpg,6477264096,Lola的小爱心,f,https://m.weibo.cn/u/6477264096?launchid=10000360-page_H5,"https://tvax3.sinaimg.cn/crop.0.0.1080.1080.180/0074lWhyly8hurdv3oyqrj30u00u0ab9.jpg?KID=imgbed,tva&Expires=1770550712&ssig=P1Hzth8G%2Fe"
5263781819318371,1770495644,2026-02-07 20:20:44+08:00,QqL8A3rug,太帅了,0,0,1770539912646,内蒙古,5263781819318371,https://wx1.sinaimg.cn/large/0074lWhyly1ia2a3qd0goj31jk2bc7wh.jpg,6477264096,Lola的小爱心,f,https://m.weibo.cn/u/6477264096?launchid=10000360-page_H5,"https://tvax3.sinaimg.cn/crop.0.0.1080.1080.180/0074lWhyly8hurdv3oyqrj30u00u0ab9.jpg?KID=imgbed,tva&Expires=1770550712&ssig=P1Hzth8G%2Fe"
5263781437638186,1770495554,2026-02-07 20:19:14+08:00,QqL8A3rug,期待肖战 查看图片,0,0,1770539912654,广东,5263781437638186,https://wx2.sinaimg.cn/large/a376eb97gy1ia2a25scmdj20qo0qotcy.jpg,2742479767,夏日里的小雪糕,f,https://m.weibo.cn/u/2742479767?launchid=10000360-page_H5,"https://tvax2.sinaimg.cn/crop.0.0.960.960.180/a376eb97ly8hijnq0wjrtj20qo0qognn.jpg?KID=imgbed,tva&Expires=1770550712&ssig=TD0UHhdxDn"
5263780326148199,1770495289,2026-02-07 20:14:49+08:00,QqL8A3rug,好帅啊,0,0,1770539912661,黑龙江,5263780326148199,https://wx2.sinaimg.cn/large/007JTOxBly1ia29xktez7j33gr573e88.jpg,7091167267,19911005战神,f,https://m.weibo.cn/u/7091167267?launchid=10000360-page_H5,"https://tvax3.sinaimg.cn/crop.0.0.1080.1080.180/007JTOxBly8huh1mrfgw2j30u00u0425.jpg?KID=imgbed,tva&Expires=1770550712&ssig=JFULxn160w"
5263780067155571,1770495227,2026-02-07 20:13:47+08:00,QqL8A3rug,燥候燥候巨星#肖战网络视听盛典全篇主讲人# #肖战中国网络视听年度盛典#,0,0,1770539912669,河南,5263780067155571,https://wx4.sinaimg.cn/large/8ce132cbly1ia29wihozoj20qo13z0v3.jpg,2363568843,0谁比谁好0,f,https://m.weibo.cn/u/2363568843?launchid=10000360-page_H5,"https://tvax2.sinaimg.cn/crop.0.0.512.512.180/8ce132cbly8hd0f96s8o7j20e80e8gm0.jpg?KID=imgbed,tva&Expires=1770550712&ssig=gIPYlIiLj4"
5263780045917120,1770495222,2026-02-07 20:13:42+08:00,QqL8A3rug,肖战好帅,0,0,1770539912678,湖北,5263780045917120,https://wx4.sinaimg.cn/large/5f6b2729gy1ia29we5qxcj21jk2qrb29.jpg,1600857897,逆光而行dan-,f,https://m.weibo.cn/u/1600857897?launchid=10000360-page_H5,"https://tvax2.sinaimg.cn/crop.0.0.1080.1080.180/5f6b2729ly8i6460xyms3j20u00u00ve.jpg?KID=imgbed,tva&Expires=1770550712&ssig=V8jFuzwCAr"
5263779906458637,1770495189,2026-02-07 20:13:09+08:00,QqL8A3rug,肖战,0,0,1770539912685,陕西,5263779906458637,https://wx2.sinaimg.cn/large/0088pZwqly1ia29vusaeej31jk2bbawa.jpg,7453468038,用户7453468038,f,https://m.weibo.cn/u/7453468038?launchid=10000360-page_H5,"https://tvax2.sinaimg.cn/crop.0.0.986.986.180/0088pZwqly8gltr58jstkj30re0rejsy.jpg?KID=imgbed,tva&Expires=1770550712&ssig=WK4j24ecrB"
5263793206859232,1770498360,2026-02-07 21:06:00+08:00,QqL8A3rug,#肖战网络视听出图# #中国网络视听盛典红毯# #肖战网络视听盛典全篇主讲人# 肖战肖战出场既惊艳又自带美颜，赏心悦目、视觉盛宴啊!@肖战,0,1,1770539912694,甘肃,5263793206859232,https://wx2.sinaimg.cn/large/005uVIsgly1ia2beuav8dj30v80n6gnp.jpg,5037709824,憨憨巨兔兔,f,https://m.weibo.cn/u/5037709824?launchid=10000360-page_H5,"https://tvax4.sinaimg.cn/crop.0.0.1080.1080.180/005uVIsgly8hduj8g970yj30u00u075l.jpg?KID=imgbed,tva&Expires=1770550712&ssig=CzAaoYSB%2FO"
5263790304395412,1770497667,2026-02-07 20:54:27+08:00,QqL8A3rug,👏,0,1,1770539912702,上海,5263790304395412,https://wx1.sinaimg.cn/large/0089VDNPgy1ia2b2s7v6uj31jk2bbh7t.jpg,7475787381,风轻云淡LOVEXZ,f,https://m.weibo.cn/u/7475787381?launchid=10000360-page_H5,"https://tvax3.sinaimg.cn/crop.0.0.1080.1080.180/0089VDNPly8i8ujm20e7pj30u00u0gmi.jpg?KID=imgbed,tva&Expires=1770550712&ssig=geCArtdiF7"
5263621781194209,1770457489,2026-02-07 09:44:49+08:00,QqH4RlVug,肖战一直情商很高，谈吐好言之有物，台词功底好,1,100,1770540010491,中国,5263621781194209,,6837268465,安利美眉,f,https://m.weibo.cn/u/6837268465?launchid=10000360-page_H5,"https://tvax2.sinaimg.cn/crop.0.0.1080.1080.180/007sItRDly8hjhtuh2jkvj30u00u00yn.jpg?KID=imgbed,tva&Expires=1770550810&ssig=kNlqrNiKGZ"
5263622226839041,1770457595,2026-02-07 09:46:35+08:00,QqH4RlVug,就是今晚了，燥候主讲人肖战！,0,60,1770540010500,山东,5263622226839041,,7871586333,绿洋柿子与萝,f,https://m.weibo.cn/u/7871586333?launchid=10000360-page_H5,"https://tvax4.sinaimg.cn/crop.0.97.1080.1080.180/008AInbTly8i6ccav3688j30u00zfgn0.jpg?KID=imgbed,tva&Expires=1770550810&ssig=%2FRlxWgL5%2FL"
5263637501714009,1770461237,2026-02-07 10:47:17+08:00,QqH4RlVug,期待肖战,0,12,1770540010507,中国,5263637501714009,,6837268465,安利美眉,f,https://m.weibo.cn/u/6837268465?launchid=10000360-page_H5,"https://tvax2.sinaimg.cn/crop.0.0.1080.1080.180/007sItRDly8hjhtuh2jkvj30u00u00yn.jpg?KID=imgbed,tva&Expires=1770550810&ssig=kNlqrNiKGZ"
5263628166238051,1770459011,2026-02-07 10:10:11+08:00,QqH4RlVug,期待肖战,0,16,1770540010514,北京,5263628166238051,,6015821216,战展同在,f,https://m.weibo.cn/u/6015821216?launchid=10000360-page_H5,"https://tvax1.sinaimg.cn/crop.0.0.1080.1080.180/006z7LUsly8i66lyh5gxij30u00u0416.jpg?KID=imgbed,tva&Expires=1770550810&ssig=q1hq0GgGKF"
5263687405540431,1770473135,2026-02-07 14:05:35+08:00,QqH4RlVug,肖战台词功底好专业蛮期待他来跨界当主持人,0,11,1770540010522,重庆,5263687405540431,,1700085782,saliyda,f,https://m.weibo.cn/u/1700085782?launchid=10000360-page_H5,"https://tvax2.sinaimg.cn/crop.0.0.1080.1080.180/65554016ly8i7wsyjy4vgj20u00u0n10.jpg?KID=imgbed,tva&Expires=1770550810&ssig=x5xb4%2BFwv8"
5263627584275510,1770458872,2026-02-07 10:07:52+08:00,QqH4RlVug,今天又能看战宝咯,0,8,1770540010531,湖北,5263627584275510,,6490044074,麻嘴小花椒,f,https://m.weibo.cn/u/6490044074?launchid=10000360-page_H5,"https://tvax3.sinaimg.cn/crop.0.0.612.612.180/0075dyWely8i6vqfb16zbj30h00h0mxp.jpg?KID=imgbed,tva&Expires=1770550810&ssig=Oc%2BlCuhIr4"
5263622982860808,1770457774,2026-02-07 09:49:34+08:00,QqH4RlVug,期待今晚节目,0,9,1770540010539,重庆,5263622982860808,,6348661932,M少白白,f,https://m.weibo.cn/u/6348661932?launchid=10000360-page_H5,"https://tvax4.sinaimg.cn/crop.0.0.960.960.180/006VEkZ6ly8i5zp8xamlxj30qo0qo76l.jpg?KID=imgbed,tva&Expires=1770550810&ssig=1s2G4Ab4Ih"
5263687675022429,1770473199,2026-02-07 14:06:39+08:00,QqH4RlVug,今晚不见不散,0,1,1770540010546,新疆,5263687675022429,,6446181085,喀拉斯的秋,f,https://m.weibo.cn/u/6446181085?launchid=10000360-page_H5,"https://tvax4.sinaimg.cn/crop.0.0.500.500.180/0072fwaFly8i63pjd2k7bj30dw0dwt9q.jpg?KID=imgbed,tva&Expires=1770550810&ssig=odLstc%2BAhV"
5263626667820454,1770458654,2026-02-07 10:04:14+08:00,QqH4RlVug,就在今晚,0,3,1770540010554,广东,5263626667820454,,6460060505,蘅芷溪,f,https://m.weibo.cn/u/6460060505?launchid=10000360-page_H5,"https://tvax2.sinaimg.cn/crop.0.0.1080.1080.180/0073bKQhly8i63qjak4ejj30u00u00tm.jpg?KID=imgbed,tva&Expires=1770550810&ssig=7hMyT%2FKE1D"
5263819741597178,1770504686,2026-02-07 22:51:26+08:00,QqH4RlVug,肖战好优秀实力与星光并存。,0,0,1770540010562,湖南,5263819741597178,,5666601762,mua_十月五日的月光,f,https://m.weibo.cn/u/5666601762?launchid=10000360-page_H5,"https://tvax1.sinaimg.cn/crop.0.0.1080.1080.180/006butYCly8i9pmk6xbohj30u00u0dhl.jpg?KID=imgbed,tva&Expires=1770550810&ssig=bk2gjre%2BcJ"
5263799341025443,1770499822,2026-02-07 21:30:22+08:00,QqH4RlVug,肖戰,0,0,1770540010569,中国香港,5263799341025443,,7635219635,肖顏大开,f,https://m.weibo.cn/u/7635219635?launchid=10000360-page_H5,"https://tvax4.sinaimg.cn/crop.0.0.1002.1002.180/008kIBpNly8grv32gg6ccj30ru0rvtbl.jpg?KID=imgbed,tva&Expires=1770550810&ssig=FFmXqto9vi"
5263642109149530,1770462334,2026-02-07 11:05:34+08:00,QqH4RlVug,期待,0,0,1770540010577,上海,5263642109149530,,6381312579,诗与远方都要有,f,https://m.weibo.cn/u/6381312579?launchid=10000360-page_H5,"https://tvax2.sinaimg.cn/crop.0.0.842.842.180/006XRkUrly8hubzb5tkk3j30ne0negmn.jpg?KID=imgbed,tva&Expires=1770550810&ssig=xtd6J9xDMD"
5263626652356907,1770458650,2026-02-07 10:04:10+08:00,QqH4RlVug,超级期待,0,0,1770540010584,山东,5263626652356907,,7839261873,12月的您,m,https://m.weibo.cn/u/7839261873?launchid=10000360-page_H5,"https://tvax2.sinaimg.cn/crop.0.1.1078.1078.180/008ywK7Dly8i631lxdvvoj30ty0u0t9x.jpg?KID=imgbed,tva&Expires=1770550810&ssig=U21Ppzzi5u"
5263642155289422,1770462346,2026-02-07 11:05:46+08:00,QqH4RlVug,期待肖战中国网络视听盛典！主题讲述《美好视听 美好生活》！！,0,3,1770540010591,北京,5263642155289422,https://wx3.sinaimg.cn/large/006ekYVQly1ia1u2833qnj30qo1bf12g.jpg,5708666482,听首歌喝个汽水,f,https://m.weibo.cn/u/5708666482?launchid=10000360-page_H5,"https://tvax3.sinaimg.cn/crop.0.0.1080.1080.180/006ekYVQly8hzqoi8la61j30u00u1q79.jpg?KID=imgbed,tva&Expires=1770550810&ssig=shyWSoWbzD"
5263732932609812,1770483989,2026-02-07 17:06:29+08:00,QqH4RlVug,期待主讲人肖战,0,1,1770540010599,海南,5263732932609812,,7452796260,G的故事9,f,https://m.weibo.cn/u/7452796260?launchid=10000360-page_H5,"https://tvax3.sinaimg.cn/crop.0.0.720.720.180/0088naLily8i60ln77rmfj30k00k0wgd.jpg?KID=imgbed,tva&Expires=1770550810&ssig=NGDt0rD7Z8"
5263726121061131,1770482365,2026-02-07 16:39:25+08:00,QqH4RlVug,太期待肖战啦,0,1,1770540010607,四川,5263726121061131,,7392346121,玫瑰人生1005,f,https://m.weibo.cn/u/7392346121?launchid=10000360-page_H5,"https://tvax1.sinaimg.cn/crop.0.0.1080.1080.180/0084hwV3ly8hsvek62yrhj30u00u0adq.jpg?KID=imgbed,tva&Expires=1770550810&ssig=NYcm9iMHte"
5263739567477276,1770485571,2026-02-07 17:32:51+08:00,QqH4RlVug,期待肖战,0,0,1770540010615,陕西,5263739567477276,,7472273455,许你一颗向日葵,f,https://m.weibo.cn/u/7472273455?launchid=10000360-page_H5,"https://tvax4.sinaimg.cn/crop.0.0.1080.1080.180/0089GTFBly8hg6vf03gooj30u00u0qgo.jpg?KID=imgbed,tva&Expires=1770550810&ssig=E0rXY8sEij"
5263692497159157,1770474349,2026-02-07 14:25:49+08:00,QqH4RlVug,期待盛典讲述代表肖战,0,0,1770540010623,陕西,5263692497159157,,7542440122,想名字想的发疯的兔子,f,https://m.weibo.cn/u/7542440122?launchid=10000360-page_H5,"https://tvax2.sinaimg.cn/crop.0.0.1080.1080.180/008erje2ly8i9ed744aamj30u00u0tah.jpg?KID=imgbed,tva&Expires=1770550810&ssig=nDYVh%2F3ZCf"
5263683353576221,1770472169,2026-02-07 13:49:29+08:00,QqH4RlVug,燥候主讲人肖战！@肖战,0,0,1770540010631,浙江,5263683353576221,,3224074194,上官欧阳雨,f,https://m.weibo.cn/u/3224074194?launchid=10000360-page_H5,"https://tvax4.sinaimg.cn/crop.0.0.1080.1080.180/c02b77d2ly8hc51htpizdj20u00u0gmf.jpg?KID=imgbed,tva&Expires=1770550810&ssig=LRYUM1cCKV"
5263670453474097,1770469093,2026-02-07 12:58:13+08:00,QqH4RlVug,今晚见,0,0,1770540010639,安徽,5263670453474097,,7901995402,拍照必须剪刀手啊,f,https://m.weibo.cn/u/7901995402?launchid=10000360-page_H5,"https://tvax4.sinaimg.cn/crop.0.0.1080.1080.180/008CLXYKly8i9vezjx02jj30u00u0aez.jpg?KID=imgbed,tva&Expires=1770550810&ssig=XqzIy5VsG0"
5263643735490968,1770462722,2026-02-07 11:12:02+08:00,QqH4RlVug,前年好像还是分四个篇章讲的,0,0,1770540015812,北京,5263621781194209,,9137484992,魅力之世首帅,f,https://m.weibo.cn/u/9137484992?launchid=10000360-page_H5,"https://tvax3.sinaimg.cn/crop.0.0.500.500.180/009YnXgcly8i9dngcxn08j30dw0dwmyd.jpg?KID=imgbed,tva&Expires=1770550810&ssig=16zyGYwWFS"
5263653248960793,1770464991,2026-02-07 11:49:51+08:00,QqH4RlVug,今晚不见不散,0,0,1770540022689,湖北,5263653248960793,,7954343948,香树慢慢,f,https://m.weibo.cn/u/7954343948?launchid=10000360-page_H5,"https://tvax2.sinaimg.cn/crop.0.0.1079.1079.180/008GjCe8ly8i62gkudocjj30tz0u0775.jpg?KID=imgbed,tva&Expires=1770550822&ssig=9kHK2ZUB%2BG"
5263651785150890,1770464642,2026-02-07 11:44:02+08:00,QqH4RlVug,我看是最后才讲述,0,0,1770540022697,河南,5263651785150890,,7568825192,向阳而生-6688,m,https://m.weibo.cn/u/7568825192?launchid=10000360-page_H5,"https://tvax3.sinaimg.cn/crop.0.0.996.996.180/008ge1bGly8go29ihc6glj30ro0rpwfu.jpg?KID=imgbed,tva&Expires=1770550822&ssig=rj%2BXGWouCr"
5263631449325900,1770459793,2026-02-07 10:23:13+08:00,QqH4RlVug,期待肖战#网络视听盛典最期待的节目# #肖战中国网络视听年度盛典#,0,0,1770540022704,广东,5263631449325900,,1974549403,梦蝶舞影1005,f,https://m.weibo.cn/u/1974549403?launchid=10000360-page_H5,"https://tvax3.sinaimg.cn/crop.0.0.1080.1080.180/75b13b9bly8i64w4i6rktj20u00u0wo6.jpg?KID=imgbed,tva&Expires=1770550822&ssig=XTCSK8vu0t"
5263628833655451,1770459170,2026-02-07 10:12:50+08:00,QqH4RlVug,期待肖战，压轴,0,0,1770540022711,山东,5263628833655451,,7353313043,星光里看见你,f,https://m.weibo.cn/u/7353313043?launchid=10000360-page_H5,"https://tvax4.sinaimg.cn/crop.0.0.1080.1080.180/0081DKDhly8i62fgwutzoj30u00u0goh.jpg?KID=imgbed,tva&Expires=1770550822&ssig=dU%2Bvng7YCW"
5263621422579724,1770457402,2026-02-07 09:43:22+08:00,QqH4RlVug,肖战,0,1,1770540022719,湖北,5263621422579724,,5754171322,最终Jun,f,https://m.weibo.cn/u/5754171322?launchid=10000360-page_H5,"https://tvax1.sinaimg.cn/crop.0.0.996.996.180/006hpUOSly8gjew703eu6j30ro0romye.jpg?KID=imgbed,tva&Expires=1770550822&ssig=SNKiZaQ92A"
5263750636506030,1770488210,2026-02-07 18:16:50+08:00,QqH4RlVug,期待肖战,0,0,1770540022727,越南,5263750636506030,,5321958270,巴黎一吻,m,https://m.weibo.cn/u/5321958270?launchid=10000360-page_H5,"https://tvax4.sinaimg.cn/crop.0.0.1003.1003.180/005OaosCly8hzpoxlb0caj30rv0rvmzs.jpg?KID=imgbed,tva&Expires=1770550822&ssig=ptcMfIkZpP"
5263683286468065,1770472153,2026-02-07 13:49:13+08:00,QqH4RlVug,期待肖战,0,0,1770540022734,浙江,5263683286468065,,6863537413,爬爬爱战,f,https://m.weibo.cn/u/6863537413?launchid=10000360-page_H5,"https://tvax4.sinaimg.cn/crop.0.0.1080.1080.180/007uuHClly8i6s4sr0j83j30u00u0tbh.jpg?KID=imgbed,tva&Expires=1770550822&ssig=FUyH2FkZi8"
5263651323773171,1770464531,2026-02-07 11:42:11+08:00,QqH4RlVug,今晚又可以看肖战了,0,0,1770540022741,广东,5263651323773171,,6400949476,蓝语嫣嫣2323,f,https://m.weibo.cn/u/6400949476?launchid=10000360-page_H5,"https://tvax2.sinaimg.cn/crop.0.0.1080.1080.180/006ZbJmAly8i62f5k7qj1j30u00u0gs7.jpg?KID=imgbed,tva&Expires=1770550822&ssig=8WcmZrLvly"
5263648358138920,1770463825,2026-02-07 11:30:25+08:00,QqH4RlVug,期待,0,0,1770540022749,江苏,5263648358138920,,1189922433,莫容芸芸,f,https://m.weibo.cn/u/1189922433?launchid=10000360-page_H5,"https://tvax3.sinaimg.cn/crop.0.0.934.934.180/46ecc681ly8ia2b5j892wj20py0pytb4.jpg?KID=imgbed,tva&Expires=1770550822&ssig=TCkCJI2yPj"
5263626350888529,1770458578,2026-02-07 10:02:58+08:00,QqH4RlVug,主持人,0,0,1770540022756,湖北,5263626350888529,,2015889397,白尘墨染77,f,https://m.weibo.cn/u/2015889397?launchid=10000360-page_H5,"https://tvax3.sinaimg.cn/crop.0.0.996.996.180/782807f5ly8gjfnfwd7p6j20ro0roab0.jpg?KID=imgbed,tva&Expires=1770550822&ssig=w0ZAcFdJMZ"
5263639426631736,1770461696,2026-02-07 10:54:56+08:00,QqH4RlVug,期待肖战,0,1,1770540022764,辽宁,5263639426631736,,7887544235,王丽娟199212,f,https://m.weibo.cn/u/7887544235?launchid=10000360-page_H5,"https://tvax3.sinaimg.cn/crop.0.0.132.132.180/008BNkzply4hk9qsg6o2dj303o03ojr9.jpg?KID=imgbed,tva&Expires=1770550822&ssig=tu%2FV14KYPl"
5264031416060752,1770555153,2026-02-08 12:52:33+08:00,QqH4RlVug,声音太好听,0,0,1770540022771,广东,5264031416060752,,2130957895,鼎铭我儿,f,https://m.weibo.cn/u/2130957895?launchid=10000360-page_H5,"https://tva4.sinaimg.cn/crop.0.0.180.180.180/7f03d647jw1e8qgp5bmzyj2050050aa8.jpg?KID=imgbed,tva&Expires=1770550822&ssig=ajLD63QReD"
5263968681854422,1770540196,2026-02-08 08:43:16+08:00,QqH4RlVug,转发微博,0,0,1770540022778,吉林,5263968681854422,,7740989665,长安好2022,f,https://m.weibo.cn/u/7740989665?launchid=10000360-page_H5,"https://tvax4.sinaimg.cn/crop.0.0.1080.1080.180/008rSp21ly8gz5a5qx2i9j30u00u0qdl.jpg?KID=imgbed,tva&Expires=1770550822&ssig=t5EOIqBWqv"
5263853933039351,1770512838,2026-02-08 01:07:18+08:00,QqH4RlVug,美好视听和@肖战 一起构建美好生活,0,0,1770540022786,福建,5263853933039351,,7303854947,卿守护家人,f,https://m.weibo.cn/u/7303854947?launchid=10000360-page_H5,"https://tvax1.sinaimg.cn/crop.0.0.1080.1080.180/007Yiek3ly8hm4gds4dc6j30u00u0gsu.jpg?KID=imgbed,tva&Expires=1770550822&ssig=W49VVPVFTS"
5263790664846538,1770497754,2026-02-07 20:55:54+08:00,QqH4RlVug,#肖战网络视听盛典全篇主讲人# #肖战红毯贵气感#,0,0,1770540022794,江苏,5263790664846538,,1764515884,King峄蕴mayuyu,f,https://m.weibo.cn/u/1764515884?launchid=10000360-page_H5,"https://tvax3.sinaimg.cn/crop.0.0.780.780.180/692c602cly8htjnznjavfj20lo0lo0ur.jpg?KID=imgbed,tva&Expires=1770550822&ssig=9MmjbYhf6u"
5263783662458575,1770496084,2026-02-07 20:28:04+08:00,QqH4RlVug,肖战肖战肖战肖战肖战肖战肖战肖战肖战肖战肖战肖战肖战肖战肖战肖战肖战肖战,0,0,1770540022802,贵州,5263783662458575,,7828773199,混日子的雪舞,f,https://m.weibo.cn/u/7828773199?launchid=10000360-page_H5,"https://tvax1.sinaimg.cn/crop.0.0.1080.1080.180/008xOJxtly8i90si4agzqj30u00u00vq.jpg?KID=imgbed,tva&Expires=1770550822&ssig=d47aSsxER0"
5263771352433826,1770493148,2026-02-07 19:39:08+08:00,QqH4RlVug,肖战 存了,0,0,1770540022809,河南,5263771352433826,,7369934741,陆凡DAYTOY,f,https://m.weibo.cn/u/7369934741?launchid=10000360-page_H5,"https://tvax2.sinaimg.cn/crop.0.0.636.636.180/0082LuHbly8hxk2p786pwj30ho0hogmp.jpg?KID=imgbed,tva&Expires=1770550822&ssig=Q9EGidZuDB"
5263765494826166,1770491753,2026-02-07 19:15:53+08:00,QqH4RlVug,状态好好，我的天,0,0,1770540022817,江西,5263765494826166,,7734353885,暖气12的热爱加,f,https://m.weibo.cn/u/7734353885?launchid=10000360-page_H5,"https://tvax2.sinaimg.cn/crop.0.0.540.540.180/008rqyLjly8gycedjdmb1j30f00f03z3.jpg?KID=imgbed,tva&Expires=1770550822&ssig=9ToVqQvE8s"
5263765203590179,1770491683,2026-02-07 19:14:43+08:00,QqH4RlVug,肖战,0,0,1770540022824,上海,5263765203590179,,7435133396,时羡时影,f,https://m.weibo.cn/u/7435133396?launchid=10000360-page_H5,"https://tvax4.sinaimg.cn/crop.0.0.1080.1080.180/0087b3Qoly8i9nhmko5r5j30u00u0dhq.jpg?KID=imgbed,tva&Expires=1770550822&ssig=Fwknbvntl1"
5263751706054076,1770488465,2026-02-07 18:21:05+08:00,QqH4RlVug,期待肖战,0,0,1770540022831,山西,5263751706054076,,7869813645,肖镜子smile,f,https://m.weibo.cn/u/7869813645?launchid=10000360-page_H5,"https://tvax2.sinaimg.cn/crop.0.0.1080.1080.180/008AAW29ly8i6dg8o9u25j30u00u040n.jpg?KID=imgbed,tva&Expires=1770550822&ssig=gfP%2F13rfbt"
5263733328709108,1770484084,2026-02-07 17:08:04+08:00,QqH4RlVug,#肖战网络视听盛典全篇主讲人#,0,0,1770540025455,新西兰,5263733328709108,,5223181215,金色阳光的小尾巴,m,https://m.weibo.cn/u/5223181215?launchid=10000360-page_H5,"https://tvax4.sinaimg.cn/crop.0.0.718.718.180/005HtW2jly8hucrzqk53pj30jy0jygn3.jpg?KID=imgbed,tva&Expires=1770550825&ssig=qka%2FmpHeEc"
5263692272765091,1770474295,2026-02-07 14:24:55+08:00,QqH4RlVug,这段是去年的吧，今年的还没出来吧,0,0,1770540025463,四川,5263692272765091,,7787672147,用户7787672147,f,https://m.weibo.cn/u/7787672147?launchid=10000360-page_H5,"https://tvax1.sinaimg.cn/crop.0.0.1080.1080.180/008v2hhhly8h637fe164xj30u00u076d.jpg?KID=imgbed,tva&Expires=1770550825&ssig=4oM2pipSJa"
5263685716279838,1770472731,2026-02-07 13:58:51+08:00,QqH4RlVug,#肖战网络视听盛典全篇主讲人# 燥候,0,0,1770540025470,河南,5263685716279838,,3166741637,磨牙的小兔,f,https://m.weibo.cn/u/3166741637?launchid=10000360-page_H5,"https://tvax2.sinaimg.cn/crop.0.0.960.960.180/bcc0a485ly8i60jgtshtnj20qo0qoq7p.jpg?KID=imgbed,tva&Expires=1770550825&ssig=XAQwFLjxfD"
5263659695607046,1770466528,2026-02-07 12:15:28+08:00,QqH4RlVug,转发微博,0,0,1770540025479,吉林,5263659695607046,,7740989665,长安好2022,f,https://m.weibo.cn/u/7740989665?launchid=10000360-page_H5,"https://tvax4.sinaimg.cn/crop.0.0.1080.1080.180/008rSp21ly8gz5a5qx2i9j30u00u0qdl.jpg?KID=imgbed,tva&Expires=1770550825&ssig=%2FMeZDcsaU3"
5263659687217827,1770466526,2026-02-07 12:15:26+08:00,QqH4RlVug,#肖战网络视听盛典全篇主讲人# ,0,0,1770540025486,中国台湾,5263659687217827,,7323469810,願與山水共清歡,f,https://m.weibo.cn/u/7323469810?launchid=10000360-page_H5,"https://tvax2.sinaimg.cn/crop.0.0.1080.1080.180/007ZCx2Oly8gmtesdp387j30u00u0jta.jpg?KID=imgbed,tva&Expires=1770550825&ssig=ugFF%2FHobYT"
5263655345848637,1770465490,2026-02-07 11:58:10+08:00,QqH4RlVug,讲述得多好啊，自然从容温暖流畅，使人如沐春风！,0,0,1770540025495,广西,5263655345848637,,3654897543,凌菁雪妍昕睿,f,https://m.weibo.cn/u/3654897543?launchid=10000360-page_H5,"https://tvax1.sinaimg.cn/crop.0.0.512.512.180/d9d94f87ly8hvmo6o5lg9j20e80e8t9c.jpg?KID=imgbed,tva&Expires=1770550825&ssig=P8m53sGNj5"
5263654032247784,1770465178,2026-02-07 11:52:58+08:00,QqH4RlVug,#肖战网络视听盛典全篇主讲人#,0,0,1770540025503,新西兰,5263654032247784,,7643479396,就是爱·小可爱·,f,https://m.weibo.cn/u/7643479396?launchid=10000360-page_H5,"https://tvax1.sinaimg.cn/crop.0.0.959.959.180/008lhg9Kly8hucydco6ebj30qn0qnmyk.jpg?KID=imgbed,tva&Expires=1770550825&ssig=dcit9JuZGx"
5263652850501131,1770464895,2026-02-07 11:48:15+08:00,QqH4RlVug,一年比一年好,0,0,1770540025511,河南,5263652850501131,,3130487292,可甜可盐的肖先生,f,https://m.weibo.cn/u/3130487292?launchid=10000360-page_H5,"https://tvax4.sinaimg.cn/crop.0.0.1080.1080.180/ba9771fcly8himi5odh7jj20u00u0myp.jpg?KID=imgbed,tva&Expires=1770550825&ssig=%2BeknjILCPo"
5263649813826083,1770464172,2026-02-07 11:36:12+08:00,QqH4RlVug,肖战,0,0,1770540025519,吉林,5263649813826083,,5568569722,还是很天真F,f,https://m.weibo.cn/u/5568569722?launchid=10000360-page_H5,"https://tvax2.sinaimg.cn/crop.0.0.1080.1080.180/0064R9mGly8i9f8kndk53j30u00u0tb0.jpg?KID=imgbed,tva&Expires=1770550825&ssig=e%2Fw3%2F2dVKR"
5263649755105362,1770464158,2026-02-07 11:35:58+08:00,QqH4RlVug,好帅,0,0,1770540025527,吉林,5263649755105362,,5568569722,还是很天真F,f,https://m.weibo.cn/u/5568569722?launchid=10000360-page_H5,"https://tvax2.sinaimg.cn/crop.0.0.1080.1080.180/0064R9mGly8i9f8kndk53j30u00u0tb0.jpg?KID=imgbed,tva&Expires=1770550825&ssig=e%2Fw3%2F2dVKR"
5263644195816654,1770462833,2026-02-07 11:13:53+08:00,QqH4RlVug,期待肖战,0,0,1770540025535,浙江,5263644195816654,,6007746865,用户6007746865,f,https://m.weibo.cn/u/6007746865?launchid=10000360-page_H5,"https://tvax1.sinaimg.cn/crop.0.0.1080.1080.180/006yzToZly8i5ze02pjotj30u00u041b.jpg?KID=imgbed,tva&Expires=1770550825&ssig=mel%2FYhe3l7"
5263644099086521,1770462810,2026-02-07 11:13:30+08:00,QqH4RlVug,娓娓道来，百听不厌，百看不厌#肖战讲述和合之家台词功底#,0,1,1770540025543,江苏,5263644099086521,,7733829479,Toseeaheaveninawildflower,f,https://m.weibo.cn/u/7733829479?launchid=10000360-page_H5,"https://tvax3.sinaimg.cn/crop.0.0.512.512.180/008roml9ly8ho001fp7irj30e80e83yy.jpg?KID=imgbed,tva&Expires=1770550825&ssig=7l%2Bnk9LoPN"
5263643081966220,1770462566,2026-02-07 11:09:26+08:00,QqH4RlVug,这个讲述人好适配，看到听到肖战就感到和暖,0,0,1770540025551,江苏,5263643081966220,,7733829479,Toseeaheaveninawildflower,f,https://m.weibo.cn/u/7733829479?launchid=10000360-page_H5,"https://tvax3.sinaimg.cn/crop.0.0.512.512.180/008roml9ly8ho001fp7irj30e80e83yy.jpg?KID=imgbed,tva&Expires=1770550825&ssig=7l%2Bnk9LoPN"
5263642883000670,1770462520,2026-02-07 11:08:40+08:00,QqH4RlVug,讲得真好,0,0,1770540025560,广东,5263642883000670,,6453229071,yul3663,f,https://m.weibo.cn/u/6453229071?launchid=10000360-page_H5,"https://tvax2.sinaimg.cn/crop.0.0.1080.1080.180/0072J5FRly8i60fpg2hahj30u00u042q.jpg?KID=imgbed,tva&Expires=1770550825&ssig=Ur9Firf8V2"
5263641853298118,1770462274,2026-02-07 11:04:34+08:00,QqH4RlVug,在哪里看,0,0,1770540025567,河南,5263641853298118,,5193518018,硕硕小熙,f,https://m.weibo.cn/u/5193518018?launchid=10000360-page_H5,"https://tvax4.sinaimg.cn/crop.0.0.996.996.180/005FtthEly8gjf6b0sj3fj30ro0ro77d.jpg?KID=imgbed,tva&Expires=1770550825&ssig=xg3aZVl%2Fy3"
5263641827344506,1770462267,2026-02-07 11:04:27+08:00,QqH4RlVug,#肖战网络视听盛典全篇主讲人# 肖战,0,0,1770540025575,广东,5263641827344506,,3930420966,三水止淼,f,https://m.weibo.cn/u/3930420966?launchid=10000360-page_H5,"https://tvax4.sinaimg.cn/crop.0.0.996.996.180/ea4576e6ly8gft0sa1p6pj20ro0rpju3.jpg?KID=imgbed,tva&Expires=1770550825&ssig=oHNslxTIdc"
5263639948561137,1770461820,2026-02-07 10:57:00+08:00,QqH4RlVug,肖战又是压轴出场？那我直接到点再看得了,0,0,1770540025584,云南,5263639948561137,,7359667691,恰逢其时_YY,f,https://m.weibo.cn/u/7359667691?launchid=10000360-page_H5,"https://tvax2.sinaimg.cn/crop.0.0.994.994.180/00824pLBly8hueagy09vbj30rn0rmgmw.jpg?KID=imgbed,tva&Expires=1770550825&ssig=4XXTRjJ%2F8c"
5263638873244214,1770461564,2026-02-07 10:52:44+08:00,QqH4RlVug,期待肖战,0,0,1770540025592,上海,5263638873244214,,1106560892,用户u196zfmpb2,m,https://m.weibo.cn/u/1106560892?launchid=10000360-page_H5,"https://tvax3.sinaimg.cn/crop.0.0.1080.1080.180/41f4c77cly8i8h766rc0bj20u00u0769.jpg?KID=imgbed,tva&Expires=1770550825&ssig=ISMtVa5MGm"
5263637015962110,1770461121,2026-02-07 10:45:21+08:00,QqH4RlVug,一口气说这么多台词，真的太厉害了,0,0,1770540025599,广西,5263637015962110,,6443686440,虾米飞飞飞,m,https://m.weibo.cn/u/6443686440?launchid=10000360-page_H5,"https://tvax1.sinaimg.cn/crop.0.0.1080.1080.180/007253csly8h282hno2isj30u00u0wfx.jpg?KID=imgbed,tva&Expires=1770550825&ssig=bEjvpbdOdh"
5263633130985657,1770460195,2026-02-07 10:29:55+08:00,QqH4RlVug,期待肖战,0,0,1770540025607,黑龙江,5263633130985657,,6886439301,朱朱涂涂,f,https://m.weibo.cn/u/6886439301?launchid=10000360-page_H5,"https://tvax1.sinaimg.cn/crop.0.0.924.924.180/007w2NrDly8hoq0wg62lmj30po0powfs.jpg?KID=imgbed,tva&Expires=1770550825&ssig=LpVAClRV7f"
5263632506296560,1770460046,2026-02-07 10:27:26+08:00,QqH4RlVug,肖战,0,0,1770540034408,湖北,5263632506296560,,2162925625,画画花花哗哗草草,m,https://m.weibo.cn/u/2162925625?launchid=10000360-page_H5,"https://tva2.sinaimg.cn/crop.0.0.996.996.180/80eba039jw8fc8v7qca3fj20ro0roq6y.jpg?KID=imgbed,tva&Expires=1770550834&ssig=%2FPZo1Mlz2g"
5263629894550535,1770459423,2026-02-07 10:17:03+08:00,QqH4RlVug,超级超级期待,0,0,1770540034415,天津,5263629894550535,,6084260147,哈喽Lily-2000,f,https://m.weibo.cn/u/6084260147?launchid=10000360-page_H5,"https://tvax3.sinaimg.cn/crop.0.0.1080.1080.180/006DKW0bly8i4wunme1kzj30u00u0dmv.jpg?KID=imgbed,tva&Expires=1770550834&ssig=cFbqYKjzJa"
5263624956546220,1770458246,2026-02-07 09:57:26+08:00,QqH4RlVug,期待肖战,0,0,1770540034423,广东,5263624956546220,,3148253765,大桐小梦,f,https://m.weibo.cn/u/3148253765?launchid=10000360-page_H5,"https://tvax2.sinaimg.cn/crop.0.0.720.720.180/bba68a45ly8i9ktpf0mg0j20k00k0my0.jpg?KID=imgbed,tva&Expires=1770550834&ssig=g13XZK9n2x"
5263624119521420,1770458046,2026-02-07 09:54:06+08:00,QqH4RlVug,这节目单也没说是全篇啊，词条是不是有问题？,1,0,1770540034431,河南,5263624119521420,,6612519859,我心我主天下无双,f,https://m.weibo.cn/u/6612519859?launchid=10000360-page_H5,"https://tvax2.sinaimg.cn/crop.0.0.1002.1002.180/007dvsu7ly8gjffhrd1zvj30ru0ruwga.jpg?KID=imgbed,tva&Expires=1770550834&ssig=E4hxhfpcYH"
5263623656310437,1770457936,2026-02-07 09:52:16+08:00,QqH4RlVug,晚上见肖战,0,0,1770540034439,四川,5263623656310437,,7455361315,幸福像花儿一样1314tj,f,https://m.weibo.cn/u/7455361315?launchid=10000360-page_H5,"https://tvax4.sinaimg.cn/crop.0.0.783.783.180/0088xW39ly8hwb2yhm91oj30ls0lrgn0.jpg?KID=imgbed,tva&Expires=1770550834&ssig=%2Fc7aOMuFsi"
5263622439960982,1770457646,2026-02-07 09:47:26+08:00,QqH4RlVug,期待主讲人肖战,0,0,1770540034447,河北,5263622439960982,,7903008880,ai如愿zz,f,https://m.weibo.cn/u/7903008880?launchid=10000360-page_H5,"https://tvax4.sinaimg.cn/crop.0.0.1080.1080.180/008CQdDaly8i7vap0gscoj30u00u0q6e.jpg?KID=imgbed,tva&Expires=1770550834&ssig=BoPRKqDuCJ"
5263704748983568,1770477270,2026-02-07 15:14:30+08:00,QqH4RlVug,期待主讲人肖战今晚的亮相,0,0,1770540034455,广西,5263704748983568,,8257019734,小胖妞的完美世界,f,https://m.weibo.cn/u/8257019734?launchid=10000360-page_H5,"https://tvax3.sinaimg.cn/crop.0.0.500.500.180/0090NC1Ely8i9e0p8uwvsj30dw0dwmyf.jpg?KID=imgbed,tva&Expires=1770550834&ssig=azgXxQDp86"
5263668574162766,1770468645,2026-02-07 12:50:45+08:00,QqH4RlVug,#肖战网络视听盛典全篇主讲人#,0,0,1770540034462,天津,5263668574162766,,8326017764,CR战7美妹,f,https://m.weibo.cn/u/8326017764?launchid=10000360-page_H5,"https://tvax4.sinaimg.cn/crop.0.0.500.500.180/0095t7z6ly8i9dl5fad9ij30dw0dw0ty.jpg?KID=imgbed,tva&Expires=1770550834&ssig=gkPVsErtcZ"
5263667279168150,1770468335,2026-02-07 12:45:35+08:00,QqH4RlVug,今晚网络视听盛典看肖战,0,0,1770540034470,北京,5263667279168150,,8317613947,梅花香自会来,f,https://m.weibo.cn/u/8317613947?launchid=10000360-page_H5,"https://tvax1.sinaimg.cn/crop.0.0.1080.1080.180/0094TRlFly8i9mbsoaj4rj30u00u0wg7.jpg?KID=imgbed,tva&Expires=1770550834&ssig=MxrMeKnQNo"
5263661484737263,1770466955,2026-02-07 12:22:35+08:00,QqH4RlVug,期待肖战,0,0,1770540034478,江苏,5263661484737263,,9096820896,一口香脆小面包,f,https://m.weibo.cn/u/9096820896?launchid=10000360-page_H5,"https://tvax4.sinaimg.cn/crop.0.0.960.960.180/009VDkFGly8i9zk08i5ouj30qo0qotan.jpg?KID=imgbed,tva&Expires=1770550834&ssig=bAhLcJx7k%2B"
5263633474914377,1770460277,2026-02-07 10:31:17+08:00,QqH4RlVug,不是直播吗？,0,0,1770540034486,四川,5263633474914377,,7972938998,百香果美味奶茶,f,https://m.weibo.cn/u/7972938998?launchid=10000360-page_H5,"https://tvax3.sinaimg.cn/crop.0.0.1080.1080.180/008HzDEily8hx9tqgtgn0j30u00u00ur.jpg?KID=imgbed,tva&Expires=1770550834&ssig=R0cek0Nrb2"
5263631089666423,1770459708,2026-02-07 10:21:48+08:00,QqH4RlVug,啊啊啊啊啊啊啊,0,0,1770540034494,福建,5263631089666423,,9045539260,木木玖月,f,https://m.weibo.cn/u/9045539260?launchid=10000360-page_H5,"https://tvax4.sinaimg.cn/crop.0.0.1080.1080.180/009Sa9Ywly8i9ydkqfls1j30u00u075r.jpg?KID=imgbed,tva&Expires=1770550834&ssig=8ErxPoKm%2FH"
5263630708510268,1770459617,2026-02-07 10:20:17+08:00,QqH4RlVug,期待,0,0,1770540034502,福建,5263630708510268,,9045539260,木木玖月,f,https://m.weibo.cn/u/9045539260?launchid=10000360-page_H5,"https://tvax4.sinaimg.cn/crop.0.0.1080.1080.180/009Sa9Ywly8i9ydkqfls1j30u00u075r.jpg?KID=imgbed,tva&Expires=1770550834&ssig=8ErxPoKm%2FH"
5263632663316364,1770460083,2026-02-07 10:28:03+08:00,QqH4RlVug,今晚期待肖战,0,1,1770540034510,云南,5263632663316364,,6119312165,1008似是而非,f,https://m.weibo.cn/u/6119312165?launchid=10000360-page_H5,"https://tvax4.sinaimg.cn/crop.0.0.500.500.180/006G80Djly8i4yf18garsj30dw0dwta0.jpg?KID=imgbed,tva&Expires=1770550834&ssig=A5ImswrTbz"
5263822489126295,1770505341,2026-02-07 23:02:21+08:00,QqH4RlVug,肖战,0,0,1770540034518,四川,5263822489126295,,7634536171,肖皖莎,f,https://m.weibo.cn/u/7634536171?launchid=10000360-page_H5,"https://tvax3.sinaimg.cn/crop.0.0.664.664.180/008kFJCbly8grvfxbu34sj30ig0iggmm.jpg?KID=imgbed,tva&Expires=1770550834&ssig=53TUlY3ULF"
5263804036548539,1770500942,2026-02-07 21:49:02+08:00,QqH4RlVug,超爱这个演讲，温暖而有力量！,0,0,1770540034526,北京,5263804036548539,,1024566473,用户eayfxqyr5t,f,https://m.weibo.cn/u/1024566473?launchid=10000360-page_H5,"https://tvax3.sinaimg.cn/crop.0.0.500.500.180/3d11a4c9ly8i49t27pzlzj20dw0dw0u1.jpg?KID=imgbed,tva&Expires=1770550834&ssig=8yDAXFDuyT"
5263760648570603,1770490597,2026-02-07 18:56:37+08:00,QqH4RlVug,#肖战网络视听盛典全篇主讲人# 肖战来咯,0,1,1770540034534,吉林,5263760648570603,,2449605853,JULY七月颜,f,https://m.weibo.cn/u/2449605853?launchid=10000360-page_H5,"https://tvax4.sinaimg.cn/crop.0.0.1080.1080.180/920204ddly8i5bs4a88d4j20u00u0n4e.jpg?KID=imgbed,tva&Expires=1770550834&ssig=GrierZ%2B6Of"
5263736292246243,1770484790,2026-02-07 17:19:50+08:00,QqH4RlVug,肖战这台词我好服气,0,0,1770540034544,广东,5263736292246243,,7531599460,用户7531599460,m,https://m.weibo.cn/u/7531599460?launchid=10000360-page_H5,"https://tvax2.sinaimg.cn/crop.0.0.1080.1080.180/008dHP4Ely8i819j32dmaj30u00u0wlj.jpg?KID=imgbed,tva&Expires=1770550834&ssig=Sp%2Fvh63miz"
5263723351510644,1770481705,2026-02-07 16:28:25+08:00,QqH4RlVug,2026，一起加油,0,1,1770540034551,湖北,5263723351510644,,7314065456,二咪好可爱啊,f,https://m.weibo.cn/u/7314065456?launchid=10000360-page_H5,"https://tvax1.sinaimg.cn/default/images/default_avatar_female_180.gif?KID=imgbed,tva&Expires=1770550834&ssig=E%2FTgtvtpBZ"
5263694931428464,1770474928,2026-02-07 14:35:28+08:00,QqH4RlVug,就是今晚啦，期待网络视听盛典全篇主讲人肖战,0,0,1770540034560,江西,5263694931428464,,7897205254,你奈我何又能怎,f,https://m.weibo.cn/u/7897205254?launchid=10000360-page_H5,"https://tvax1.sinaimg.cn/crop.0.0.1080.1080.180/008CrRQily8i9tz0hvxgkj30u00u0q7r.jpg?KID=imgbed,tva&Expires=1770550834&ssig=RKvjRIPJB6"
5263628447521652,1770459078,2026-02-07 10:11:18+08:00,QqH4RlVug,视频是去年的，今年的在今天晚上7点,0,0,1770540036574,江西,5263624119521420,,8009694599,在甲板上喝汽水的石榴,f,https://m.weibo.cn/u/8009694599?launchid=10000360-page_H5,"https://tvax2.sinaimg.cn/crop.0.0.512.512.180/008K3Rszly8i3bi5x4etqj30e80e8mxe.jpg?KID=imgbed,tva&Expires=1770550834&ssig=qP4DOFwtt5"
5263674079974173,1770469958,2026-02-07 13:12:38+08:00,QqH4RlVug,燥候肖战,0,0,1770540037087,浙江,5263674079974173,,6288172273,我家也有小桃心,f,https://m.weibo.cn/u/6288172273?launchid=10000360-page_H5,"https://tvax3.sinaimg.cn/crop.0.0.960.960.180/006RywRrly8hry3o8fdgcj30qo0qo0u5.jpg?KID=imgbed,tva&Expires=1770550837&ssig=pTUgjokfD%2F"
5263627485711133,1770458849,2026-02-07 10:07:29+08:00,QqH4RlVug,期待,0,0,1770540037096,广东,5263627485711133,,5042556828,米妮DT,f,https://m.weibo.cn/u/5042556828?launchid=10000360-page_H5,"https://tvax3.sinaimg.cn/crop.0.0.1080.1080.180/005vg3nKly8i8w5tnswtdj30u00u0adz.jpg?KID=imgbed,tva&Expires=1770550837&ssig=wCIf5I0yY8"
5263965365997460,1770539406,2026-02-08 08:30:06+08:00,QqH4RlVug,@肖战 化身讲述代表，用真挚表达传递温暖力量！满满正能量,0,0,1770540037104,山东,5263965365997460,https://wx2.sinaimg.cn/large/61a0c4d5gy1ia2gcpvz4rj20ls0t0wgj.jpg,7764018588,唯美1yx,f,https://m.weibo.cn/u/7764018588?launchid=10000360-page_H5,"https://tvax1.sinaimg.cn/crop.0.0.1080.1080.180/008tr1Ugly8i9oabeo05aj30u00u0win.jpg?KID=imgbed,tva&Expires=1770550837&ssig=osNLvy1anO"
5263764199052668,1770491444,2026-02-07 19:10:44+08:00,QqH4RlVug,期待肖战今晚不见不散,0,1,1770540037112,广东,5263764199052668,,9049819209,肖兔睡个好觉,f,https://m.weibo.cn/u/9049819209?launchid=10000360-page_H5,"https://tvax4.sinaimg.cn/crop.0.0.1080.1080.180/009Ss7nXly8ia04x3c6lrj30u00u0n05.jpg?KID=imgbed,tva&Expires=1770550837&ssig=7HjNIot1Tn"
5263780095200576,1770495234,2026-02-07 20:13:54+08:00,QqH42nzg2,期待肖战,0,24,1770540063525,重庆,5263780095200576,,1197706145,桃之花花草草,f,https://m.weibo.cn/u/1197706145?launchid=10000360-page_H5,"https://tvax1.sinaimg.cn/crop.0.0.1080.1080.180/47638ba1ly8i5et8nbz7yj20u00u0tb9.jpg?KID=imgbed,tva&Expires=1770550863&ssig=cCayKNLF6d"
5263634692309795,1770460566,2026-02-07 10:36:06+08:00,QqH42nzg2,哇有花少大哥大姐小妹呢,0,6,1770540063533,美国,5263634692309795,,2562233631,还是要及时行乐啊,m,https://m.weibo.cn/u/2562233631?launchid=10000360-page_H5,"https://tvax1.sinaimg.cn/crop.0.0.602.602.180/98b8951fly8hyp8lhb2ucj20gq0gq75n.jpg?KID=imgbed,tva&Expires=1770550863&ssig=DVN5geqf9O"
5263763303304672,1770491230,2026-02-07 19:07:10+08:00,QqH42nzg2,肖战,0,18,1770540063541,广西,5263763303304672,,3464398520,水清JiaNe,f,https://m.weibo.cn/u/3464398520?launchid=10000360-page_H5,"https://tvax2.sinaimg.cn/crop.0.0.1031.1031.180/ce7e86b8ly8h58slxzvknj20sn0sn0un.jpg?KID=imgbed,tva&Expires=1770550863&ssig=3Y%2B8%2FOr%2FnK"
5263774325673184,1770493858,2026-02-07 19:50:58+08:00,QqH42nzg2,期待@肖战,0,15,1770540063549,甘肃,5263774325673184,,7435914038,紫夜瞳的世界,f,https://m.weibo.cn/u/7435914038?launchid=10000360-page_H5,"https://tvax1.sinaimg.cn/crop.0.0.996.996.180/0087ekVoly8gjgvmk6x1jj30ro0rota3.jpg?KID=imgbed,tva&Expires=1770550863&ssig=MxuBc8Mkmi"
5263709507422236,1770478404,2026-02-07 15:33:24+08:00,QqH42nzg2,期待歌手周深,0,3,1770540063557,四川,5263709507422236,,7744250041,母鸡有好运气,f,https://m.weibo.cn/u/7744250041?launchid=10000360-page_H5,"https://tvax4.sinaimg.cn/crop.0.0.1080.1080.180/008s65cJly8i8u1o82lagj30u00u0juc.jpg?KID=imgbed,tva&Expires=1770550863&ssig=osNESIB2Be"
5263800154198718,1770500016,2026-02-07 21:33:36+08:00,QqH42nzg2,看龚俊就等龚俊,0,1,1770540063565,广西,5263800154198718,https://wx3.sinaimg.cn/large/a91ea574gy1ia2c7k67t4j22c0340e82.jpg,2837357940,柒柒柒要發財,f,https://m.weibo.cn/u/2837357940?launchid=10000360-page_H5,"https://tvax3.sinaimg.cn/crop.0.0.1080.1080.180/a91ea574ly8hurdux32a9j20u00u0mz0.jpg?KID=imgbed,tva&Expires=1770550863&ssig=3M%2B5u%2FGOb7"
5263659655761357,1770466519,2026-02-07 12:15:19+08:00,QqH42nzg2,期待龚俊的舞台,0,4,1770540063573,安徽,5263659655761357,,7626466566,谢六爻,f,https://m.weibo.cn/u/7626466566?launchid=10000360-page_H5,"https://tvax2.sinaimg.cn/crop.0.0.1080.1080.180/008k7Slgly8i883u5b36tj30u00u0wg5.jpg?KID=imgbed,tva&Expires=1770550863&ssig=mTUQp7uQh8"
5263770949517342,1770493052,2026-02-07 19:37:32+08:00,QqH42nzg2,期待肖战,0,7,1770540063582,福建,5263770949517342,,7279781380,时间逆转s,f,https://m.weibo.cn/u/7279781380?launchid=10000360-page_H5,"https://tvax4.sinaimg.cn/crop.0.0.1054.1054.180/007WFdGIly8i11afhjoa4j30ta0ta78b.jpg?KID=imgbed,tva&Expires=1770550863&ssig=2FQTgqOJDr"
5263644754970151,1770462966,2026-02-07 11:16:06+08:00,QqH42nzg2,期待演员吴磊为我们献唱,0,0,1770540063591,黑龙江,5263644754970151,,6709416905,移欢乐豆子06,m,https://m.weibo.cn/u/6709416905?launchid=10000360-page_H5,"https://tvax2.sinaimg.cn/crop.0.0.1080.1080.180/007k41PHly8hyto1sczlaj30u00u0n2z.jpg?KID=imgbed,tva&Expires=1770550863&ssig=QbsVa8JGC3"
5263776661373167,1770494414,2026-02-07 20:00:14+08:00,QqH42nzg2,肖战吴磊周深,0,0,1770540063599,广东,5263776661373167,,6220617272,请叫我女王女士,f,https://m.weibo.cn/u/6220617272?launchid=10000360-page_H5,"https://tvax4.sinaimg.cn/crop.0.0.1080.1080.180/006MZ4IEgy1ia19jo50unj30u00u075t.jpg?KID=imgbed,tva&Expires=1770550863&ssig=anQ31b8%2FFt"
5263775016158329,1770494023,2026-02-07 19:53:43+08:00,QqH42nzg2,我勒个去，第39个节目。。。。。,1,2,1770540063608,浙江,5263775016158329,,1705799811,半口小姐,f,https://m.weibo.cn/u/1705799811?launchid=10000360-page_H5,"https://tvax1.sinaimg.cn/crop.0.0.1068.1068.180/65ac7083ly8gnts1pru94j20to0to0w9.jpg?KID=imgbed,tva&Expires=1770550863&ssig=XQOMdLfvw%2B"
5263805601026090,1770501315,2026-02-07 21:55:15+08:00,QqH42nzg2,时代少年团,0,1,1770540063616,上海,5263805601026090,,2953150565,小小希jy,f,https://m.weibo.cn/u/2953150565?launchid=10000360-page_H5,"https://tvax2.sinaimg.cn/crop.0.0.996.996.180/b0058065ly8ga0zo6gempj20ro0ro76c.jpg?KID=imgbed,tva&Expires=1770550863&ssig=ntq%2FMHevLI"
5263793157835591,1770498348,2026-02-07 21:05:48+08:00,QqH42nzg2,期待陈都灵！,0,1,1770540063624,广东,5263793157835591,,7859312945,碎了只兔-万事都灵版,f,https://m.weibo.cn/u/7859312945?launchid=10000360-page_H5,"https://tvax4.sinaimg.cn/crop.0.0.1080.1080.180/008zSSk1ly8i9yv9ue0nhj30u00u0gov.jpg?KID=imgbed,tva&Expires=1770550863&ssig=hNVN0VFrYa"
5263786736878381,1770496816,2026-02-07 20:40:16+08:00,QqH42nzg2,期待肖战,0,1,1770540063632,湖南,5263786736878381,,7365146634,陈小虾vx,f,https://m.weibo.cn/u/7365146634?launchid=10000360-page_H5,"https://tvax3.sinaimg.cn/crop.0.0.996.996.180/0082rp5Ely8i47scazca4j30ro0ro75u.jpg?KID=imgbed,tva&Expires=1770550863&ssig=qzBG20rPWL"
5263780414231771,1770495310,2026-02-07 20:15:10+08:00,QqH42nzg2,期待肖战,0,1,1770540063641,上海,5263780414231771,,5592511138,做个人吧ni,f,https://m.weibo.cn/u/5592511138?launchid=10000360-page_H5,"https://tvax1.sinaimg.cn/crop.0.0.1080.1080.180/0066tBCyly8i49oqkmfvoj30u00u00ua.jpg?KID=imgbed,tva&Expires=1770550863&ssig=9GUne9Ww6b"
5263779281507972,1770495040,2026-02-07 20:10:40+08:00,QqH42nzg2,期待肖战,0,1,1770540063649,福建,5263779281507972,,5780637394,小财迷赞,m,https://m.weibo.cn/u/5780637394?launchid=10000360-page_H5,"https://tvax4.sinaimg.cn/crop.0.0.1080.1080.180/006jcXR0ly8i9uizbcf1sj30u00u0aco.jpg?KID=imgbed,tva&Expires=1770550863&ssig=suQIK2dJMb"
5263775534154122,1770494145,2026-02-07 19:55:45+08:00,QqH42nzg2,期待肖战 美好视听，美好生活,0,1,1770540063658,湖北,5263775534154122,,7500377158,云雾啊呜,f,https://m.weibo.cn/u/7500377158?launchid=10000360-page_H5,"https://tvax2.sinaimg.cn/crop.0.0.1050.1050.180/008bAOJ8ly8hydniqrf42j30t60t640s.jpg?KID=imgbed,tva&Expires=1770550863&ssig=z47H2RrthH"
5263800150263964,1770500015,2026-02-07 21:33:35+08:00,QqH42nzg2,期待刘宇宁@摩登兄弟刘宇宁,0,0,1770540063666,河北,5263800150263964,,1845455282,所有的好_都不如刚刚好,f,https://m.weibo.cn/u/1845455282?launchid=10000360-page_H5,"https://tvax2.sinaimg.cn/crop.0.0.690.690.180/6dff69b2ly8i2zppgmsxyj20j60j6taj.jpg?KID=imgbed,tva&Expires=1770550863&ssig=a4RtXPg53U"
5263794813274332,1770498743,2026-02-07 21:12:23+08:00,QqH42nzg2,期待刘宇宁,0,0,1770540063675,河北,5263794813274332,,6590139760,我那迷人的主唱大人,f,https://m.weibo.cn/u/6590139760?launchid=10000360-page_H5,"https://tvax2.sinaimg.cn/crop.0.0.1080.1080.180/007bZyoMly8hf9aczsrwpj30u00u0myo.jpg?KID=imgbed,tva&Expires=1770550863&ssig=rrx4zAinOY"
5263791470150668,1770497946,2026-02-07 20:59:06+08:00,QqH42nzg2,期待肖战！,0,0,1770540063683,河北,5263791470150668,https://wx1.sinaimg.cn/large/00833sGwly1ia2b7n7z1qj30j60srn1o.jpg,7374216916,你可以选择不走进风雨,f,https://m.weibo.cn/u/7374216916?launchid=10000360-page_H5,"https://tvax4.sinaimg.cn/crop.0.0.888.888.180/00833sGwly8hfnshow89vj30oo0ooabx.jpg?KID=imgbed,tva&Expires=1770550863&ssig=%2BFoOLV4iWD"
5263783858800918,1770496131,2026-02-07 20:28:51+08:00,QqH42nzg2,熬夜➕1为了战战，必须的，每次都是压轴，刚刚毯前也是压轴，看了好久他最后一个压轴出来。节目39可以先睡一下再起来继续,0,0,1770540074815,广东,5263775016158329,,1907823877,可爱泡芙小兔兔,f,https://m.weibo.cn/u/1907823877?launchid=10000360-page_H5,"https://tvax2.sinaimg.cn/crop.0.0.1080.1080.180/71b71505ly8i1rwt1lgogj20u00u0jta.jpg?KID=imgbed,tva&Expires=1770550863&ssig=2POYjhea1A"
5263786091221729,1770496663,2026-02-07 20:37:43+08:00,QqH42nzg2,坐等龚俊出现,0,0,1770540075574,广东,5263786091221729,,2834315170,温烨初雨卿_疯贵赤冷厉,f,https://m.weibo.cn/u/2834315170?launchid=10000360-page_H5,"https://tvax3.sinaimg.cn/crop.0.0.1080.1080.180/a8f037a2ly8i95zbb0a7sj20u00u0gp3.jpg?KID=imgbed,tva&Expires=1770550875&ssig=ZrsQrKId9q"
5263772861861294,1770493509,2026-02-07 19:45:09+08:00,QqH42nzg2,等候龚俊,0,0,1770540075583,河南,5263772861861294,,6102642416,现在是618,f,https://m.weibo.cn/u/6102642416?launchid=10000360-page_H5,"https://tvax3.sinaimg.cn/crop.0.0.1080.1080.180/006F044oly8i9nbv7pvo5j30u00u0qaa.jpg?KID=imgbed,tva&Expires=1770550875&ssig=TZ6%2BRkI4u2"
5263729702994296,1770483218,2026-02-07 16:53:38+08:00,QqH42nzg2,都是录播啊，有必要看吗,0,1,1770540075591,北京,5263729702994296,,6576433964,伟岸3273,m,https://m.weibo.cn/u/6576433964?launchid=10000360-page_H5,"https://tvax1.sinaimg.cn/crop.0.0.132.132.180/007b42Tyly8fse69dg1n1j303o03oa9w.jpg?KID=imgbed,tva&Expires=1770550875&ssig=1%2F1pFeGLEQ"
5263683582428001,1770472223,2026-02-07 13:50:23+08:00,QqH42nzg2,期待@龚俊Simon ,0,0,1770540075600,河南,5263683582428001,,7577746279,者韵涵涵,f,https://m.weibo.cn/u/7577746279?launchid=10000360-page_H5,"https://tvax2.sinaimg.cn/crop.0.0.1080.1080.180/008gPrYbly8gqw568a3esj30u00u0q67.jpg?KID=imgbed,tva&Expires=1770550875&ssig=UBsc6mnKT3"
5263647678927589,1770463663,2026-02-07 11:27:43+08:00,QqH42nzg2,好的，等待39,0,1,1770540075608,广东,5263647678927589,,1801078635,幻冥羽翙,f,https://m.weibo.cn/u/1801078635?launchid=10000360-page_H5,"https://tva3.sinaimg.cn/crop.0.0.1328.1328.180/6b5a476bjw8f03krqokyoj210w10wgs7.jpg?KID=imgbed,tva&Expires=1770550875&ssig=ZmbdAwYCNF"
5263645233907858,1770463080,2026-02-07 11:18:00+08:00,QqH42nzg2,期待歌手@黄子弘凡_Lars ,0,0,1770540075617,广东,5263645233907858,,7520223153,Q-FAM-,m,https://m.weibo.cn/u/7520223153?launchid=10000360-page_H5,"https://tvax3.sinaimg.cn/crop.0.0.690.690.180/008cW5zPly8h1lzemz2bxj30j60j63yv.jpg?KID=imgbed,tva&Expires=1770550875&ssig=oRYZEiLD7U"
5263794452301354,1770498657,2026-02-07 21:10:57+08:00,QqH42nzg2,等着肖战,0,1,1770540075626,四川,5263794452301354,,8488557467,赞赞的花路,f,https://m.weibo.cn/u/8488557467?launchid=10000360-page_H5,"https://tvax1.sinaimg.cn/default/images/default_avatar_female_180.gif?KID=imgbed,tva&Expires=1770550875&ssig=nI0eVSVwFp"
5263863490543820,1770515117,2026-02-08 01:45:17+08:00,QqH42nzg2,龚俊,0,0,1770540075634,广东,5263863490543820,,8006385826,浇巧克力的纯牛奶冰淇淋,f,https://m.weibo.cn/u/8006385826?launchid=10000360-page_H5,"https://tvax4.sinaimg.cn/crop.0.0.1080.1080.180/008JPYHgly8i5ov33sd37j30u00u0t9g.jpg?KID=imgbed,tva&Expires=1770550875&ssig=iGVDNOvfOT"
5263795920570695,1770499007,2026-02-07 21:16:47+08:00,QqH42nzg2,肖战啊啊啊啊啊啊啊啊啊啊啊啊,0,0,1770540075643,安徽,5263795920570695,,8454797044,姝宝宝188,f,https://m.weibo.cn/u/8454797044?launchid=10000360-page_H5,"https://tvax2.sinaimg.cn/crop.0.0.500.500.180/009ebsWgly8i9di24yxigj30dw0dwab1.jpg?KID=imgbed,tva&Expires=1770550875&ssig=XE9SGIA9LU"
5263790509659799,1770497717,2026-02-07 20:55:17+08:00,QqH42nzg2,周深几点几分的,0,0,1770540075652,江西,5263790509659799,,9110592997,谢淼淼9988776655,f,https://m.weibo.cn/u/9110592997?launchid=10000360-page_H5,"https://tvax4.sinaimg.cn/crop.0.0.500.500.180/009Wz7qlly8i97878gs0ej30dw0dw0tf.jpg?KID=imgbed,tva&Expires=1770550875&ssig=kIrJp40HL1"
5263675780497591,1770470362,2026-02-07 13:19:22+08:00,QqH42nzg2,没有，期待的是歌手周深,0,2,1770540075662,广东,5263675780497591,https://wx3.sinaimg.cn/large/0092cbJtgy1ia1xx85fv0j30u01hd41s.jpg,8277653199,简直笑发财了我,f,https://m.weibo.cn/u/8277653199?launchid=10000360-page_H5,"https://tvax2.sinaimg.cn/crop.0.0.500.500.180/0092cbJtly8i8w9mpamwoj30dw0dwjsi.jpg?KID=imgbed,tva&Expires=1770550875&ssig=vLEd6WxYZ2"
5263782550183476,1770495819,2026-02-07 20:23:39+08:00,QqH42nzg2,期待时代少年团,0,1,1770540075672,河北,5263782550183476,,7836495067,时眠泛范枝春,f,https://m.weibo.cn/u/7836495067?launchid=10000360-page_H5,"https://tvax4.sinaimg.cn/crop.0.0.720.720.180/008yl8lJly8hj2xyhi1ntj30k00k00tz.jpg?KID=imgbed,tva&Expires=1770550875&ssig=s7xsPt9ON2"
5263782183962192,1770495732,2026-02-07 20:22:12+08:00,QqH42nzg2,期待肖战,0,1,1770540075681,山西,5263782183962192,,6382787476,用户6382787476,m,https://m.weibo.cn/u/6382787476?launchid=10000360-page_H5,"https://tvax4.sinaimg.cn/crop.0.0.500.500.180/006XXwB6ly8i7vbdnpudvj30dw0dw0to.jpg?KID=imgbed,tva&Expires=1770550875&ssig=BhN5thUkKJ"
5263771951433086,1770493292,2026-02-07 19:41:32+08:00,QqH42nzg2,时代少年团,0,2,1770540075690,黑龙江,5263771951433086,,7899817917,A是暮念吖,f,https://m.weibo.cn/u/7899817917?launchid=10000360-page_H5,"https://tvax1.sinaimg.cn/crop.0.0.1080.1080.180/008CCPw1ly8i4uwdmqhyxj30u00u0acm.jpg?KID=imgbed,tva&Expires=1770550875&ssig=G2h2rjgaDG"
5263809568575503,1770502261,2026-02-07 22:11:01+08:00,QqH42nzg2,肖战又在最后，等吧,0,0,1770540075699,重庆,5263809568575503,,7954667649,甜甜翠鸟吃松子,f,https://m.weibo.cn/u/7954667649?launchid=10000360-page_H5,"https://tvax4.sinaimg.cn/crop.0.0.500.500.180/008GkYr7ly8hum2odyye1j30dw0dw75i.jpg?KID=imgbed,tva&Expires=1770550875&ssig=uSihSXzWpd"
5263797275066711,1770499329,2026-02-07 21:22:09+08:00,QqH42nzg2,期待肖战,0,0,1770540075708,安徽,5263797275066711,,7523413565,圆梦1005,f,https://m.weibo.cn/u/7523413565?launchid=10000360-page_H5,"https://tvax3.sinaimg.cn/crop.0.0.1080.1080.180/008d9ty5ly8i98vhlqrwoj30u00u1wf7.jpg?KID=imgbed,tva&Expires=1770550875&ssig=83e3xxHHFp"
5263778211960878,1770494785,2026-02-07 20:06:25+08:00,QqH42nzg2,期待刘宇宁,0,1,1770540075718,北京,5263778211960878,,6799032118,向摩羯座学习,f,https://m.weibo.cn/u/6799032118?launchid=10000360-page_H5,"https://tvax2.sinaimg.cn/crop.0.0.1080.1080.180/007q82Qmly8i3exwnckxkj30u00u0q7b.jpg?KID=imgbed,tva&Expires=1770550875&ssig=Bn6sfUQ632"
5263775183667483,1770494062,2026-02-07 19:54:22+08:00,QqH42nzg2,肖战,0,0,1770540075727,新疆,5263775183667483,,7909624321,余生浅末83,f,https://m.weibo.cn/u/7909624321?launchid=10000360-page_H5,"https://tvax4.sinaimg.cn/crop.0.0.828.828.180/008DhYBPly8hnvihmxr4lj30n00n0gmc.jpg?KID=imgbed,tva&Expires=1770550875&ssig=UFNTaxEWrc"
5263767291042960,1770492181,2026-02-07 19:23:01+08:00,QqH42nzg2,需要在特定的软件上面看吗,0,0,1770540075736,湖南,5263767291042960,,6205468004,用户6205468004,f,https://m.weibo.cn/u/6205468004?launchid=10000360-page_H5,"https://tvax1.sinaimg.cn/crop.0.0.1080.1080.180/006LXvHCly8i6wma08ye5j30u00u0juj.jpg?KID=imgbed,tva&Expires=1770550875&ssig=ldvZ4HGRVM"
5263757122995119,1770489757,2026-02-07 18:42:37+08:00,QqH42nzg2,肖战,0,0,1770540075745,云南,5263757122995119,,6356494526,摆烂中的波斯猫,f,https://m.weibo.cn/u/6356494526?launchid=10000360-page_H5,"https://tvax2.sinaimg.cn/crop.0.0.1080.1080.180/006WbcBgly8i4s51d7lqmj30u00u0diq.jpg?KID=imgbed,tva&Expires=1770550875&ssig=wavd2gZjhF"
5263748702406975,1770487749,2026-02-07 18:09:09+08:00,QqH42nzg2,期待陈都灵,0,0,1770540081342,河南,5263748702406975,,7818214722,甜食爱好者1111,f,https://m.weibo.cn/u/7818214722?launchid=10000360-page_H5,"https://tvax2.sinaimg.cn/crop.0.1.1078.1078.180/008x6qNsly8i9myk27afqj30ty0u00vc.jpg?KID=imgbed,tva&Expires=1770550881&ssig=byDE8G8mof"
5263720927469466,1770481127,2026-02-07 16:18:47+08:00,QqH42nzg2,期待肖战,0,0,1770540081351,江西,5263720927469466,,7416072691,浅夏赞歌,m,https://m.weibo.cn/u/7416072691?launchid=10000360-page_H5,"https://tvax4.sinaimg.cn/crop.0.0.1080.1080.180/0085T5hFly8i96opry55kj30u00u0dif.jpg?KID=imgbed,tva&Expires=1770550881&ssig=rzyrlhJg7p"
5263657894150929,1770466099,2026-02-07 12:08:19+08:00,QqH42nzg2,期待深深,0,2,1770540081360,江西,5263657894150929,,7323257340,用户7323257340,f,https://m.weibo.cn/u/7323257340?launchid=10000360-page_H5,"https://tvax3.sinaimg.cn/crop.0.0.750.750.180/007ZBDLSly8g83ntdkq19j30ku0kuq3r.jpg?KID=imgbed,tva&Expires=1770550881&ssig=z5yBX51kxq"
5263648768918683,1770463923,2026-02-07 11:32:03+08:00,QqH42nzg2,期待歌手周深,0,2,1770540081369,湖南,5263648768918683,,6486485343,周而不比静水流深,m,https://m.weibo.cn/u/6486485343?launchid=10000360-page_H5,"https://tvax1.sinaimg.cn/default/images/default_avatar_male_180.gif?KID=imgbed,tva&Expires=1770550881&ssig=6gpOkhgdil"
5264046173456717,1770558672,2026-02-08 13:51:12+08:00,QqH42nzg2,1,0,0,1770540081378,广东,5264046173456717,,1748644623,K_0903,f,https://m.weibo.cn/u/1748644623?launchid=10000360-page_H5,"https://tvax2.sinaimg.cn/crop.0.0.995.995.180/683a330fly8hzvyf5qr7aj20rn0rnwgu.jpg?KID=imgbed,tva&Expires=1770550881&ssig=n4XpH5qHD8"
5263779984050942,1770495207,2026-02-07 20:13:27+08:00,QqLbq2ufj,这才是该有的活动流程,6,715,1770540114250,江西,5263779984050942,,5520327386,初上君子,f,https://m.weibo.cn/u/5520327386?launchid=10000360-page_H5,"https://tvax3.sinaimg.cn/crop.0.0.1080.1080.180/0061AJkuly8i9fr1wst9uj30u00u0wiu.jpg?KID=imgbed,tva&Expires=1770550914&ssig=5W%2F7n1WhpT"
5263779593981416,1770495114,2026-02-07 20:11:54+08:00,QqLbq2ufj,好帅,6,549,1770540114258,吉林,5263779593981416,https://wx1.sinaimg.cn/large/008pFtkply1ia29ujvcc7j31jk2bb7q5.jpg,7708355245,-挖呀挖呀挖-,f,https://m.weibo.cn/u/7708355245?launchid=10000360-page_H5,"https://tvax4.sinaimg.cn/crop.0.0.1080.1080.180/008pFtkply8i6d9m8p5w6j30u00u0q4k.jpg?KID=imgbed,tva&Expires=1770550914&ssig=C%2Bhui3sv5j"
5263779602108674,1770495116,2026-02-07 20:11:56+08:00,QqLbq2ufj,太帅了,3,349,1770540114266,浙江,5263779602108674,https://wx1.sinaimg.cn/large/007ZenCWgy1ia29ukkaglj30u019079y.jpg,7317713738,用户7317713738,f,https://m.weibo.cn/u/7317713738?launchid=10000360-page_H5,"https://tvax3.sinaimg.cn/crop.0.0.1080.1080.180/007ZenCWly8gw6d4rsseyj30u00u0q7o.jpg?KID=imgbed,tva&Expires=1770550914&ssig=UcANC9e0Hj"
5263780134521838,1770495243,2026-02-07 20:14:03+08:00,QqLbq2ufj,期待肖战,0,234,1770540114275,重庆,5263780134521838,https://wx2.sinaimg.cn/large/006yrelvgy1ia29wsdb6gj30k00k0tbc.jpg,6005682421,戒掉熬夜mm,f,https://m.weibo.cn/u/6005682421?launchid=10000360-page_H5,"https://tvax1.sinaimg.cn/crop.0.0.1080.1080.180/006yrelvly8i8why27upmj30u00u0tat.jpg?KID=imgbed,tva&Expires=1770550914&ssig=eIBWghAeRK"
5263779521633956,1770495097,2026-02-07 20:11:37+08:00,QqLbq2ufj,如此权威的脸,0,184,1770540114283,山东,5263779521633956,https://wx3.sinaimg.cn/large/006p7DBCly1ia29u6zd66j31jk2bcdvl.jpg,5868025936,南初想有钱,m,https://m.weibo.cn/u/5868025936?launchid=10000360-page_H5,"https://tvax1.sinaimg.cn/crop.0.0.1080.1080.180/006p7DBCly8gv5im72xr6j60u00u0tbq02.jpg?KID=imgbed,tva&Expires=1770550914&ssig=WOmY4x%2BUp2"
5263779925590035,1770495192,2026-02-07 20:13:12+08:00,QqLbq2ufj,好帅,0,103,1770540114291,北京,5263779925590035,,1892086063,葵小猋猋_向阳而生,f,https://m.weibo.cn/u/1892086063?launchid=10000360-page_H5,"https://tvax2.sinaimg.cn/crop.0.0.1080.1080.180/70c6f12fly8i6eph8cy9mj20u00u0q5g.jpg?KID=imgbed,tva&Expires=1770550914&ssig=tzuQnrelD0"
5263784144273784,1770496198,2026-02-07 20:29:58+08:00,QqLbq2ufj,老公,0,106,1770540114299,湖南,5263784144273784,https://wx2.sinaimg.cn/large/006butYCgy1ia2ad7xhaaj30k00k0wgi.jpg,5666601762,mua_十月五日的月光,f,https://m.weibo.cn/u/5666601762?launchid=10000360-page_H5,"https://tvax1.sinaimg.cn/crop.0.0.1080.1080.180/006butYCly8i9pmk6xbohj30u00u0dhl.jpg?KID=imgbed,tva&Expires=1770550914&ssig=sHNgzY0Ggk"
5263780906795763,1770495426,2026-02-07 20:17:06+08:00,QqLbq2ufj,贵公子,0,62,1770540114307,广东,5263780906795763,,7511297911,肖_琳琳,m,https://m.weibo.cn/u/7511297911?launchid=10000360-page_H5,"https://tvax4.sinaimg.cn/crop.0.0.512.512.180/008ckDIjly8hlosymrrhtj30e80e8aao.jpg?KID=imgbed,tva&Expires=1770550914&ssig=McLPH1NyC5"
5263781174444209,1770495490,2026-02-07 20:18:10+08:00,QqLbq2ufj,期待肖战主讲人,0,56,1770540114316,黑龙江,5263781174444209,,1883912243,游舞-Z,f,https://m.weibo.cn/u/1883912243?launchid=10000360-page_H5,"https://tvax1.sinaimg.cn/crop.0.0.800.800.180/704a3833ly8huxw93fnhuj20m80m8myi.jpg?KID=imgbed,tva&Expires=1770550914&ssig=bbfvpjalfG"
5263780676112820,1770495372,2026-02-07 20:16:12+08:00,QqLbq2ufj,#肖战网络视听盛典全篇主讲人# #肖战中国网络视听年度盛典#,0,41,1770540114324,四川,5263780676112820,,6486711084,徒醉了清风fly,f,https://m.weibo.cn/u/6486711084?launchid=10000360-page_H5,"https://tvax3.sinaimg.cn/crop.0.0.1080.1080.180/0074ZzSkly8i4qdsy3yejj30u00u0tb3.jpg?KID=imgbed,tva&Expires=1770550914&ssig=%2B0JGFT10ua"
5263780734304787,1770495385,2026-02-07 20:16:25+08:00,QqLbq2ufj,肖战国泰民安脸,0,44,1770540114340,新疆,5263780734304787,,6446181085,喀拉斯的秋,f,https://m.weibo.cn/u/6446181085?launchid=10000360-page_H5,"https://tvax4.sinaimg.cn/crop.0.0.500.500.180/0072fwaFly8i63pjd2k7bj30dw0dwt9q.jpg?KID=imgbed,tva&Expires=1770550914&ssig=JIx4i0hPf5"
5263782582681667,1770495826,2026-02-07 20:23:46+08:00,QqLbq2ufj,不愧为肖皇,0,28,1770540114349,浙江,5263782582681667,,1567859275,伐是臭小寧,f,https://m.weibo.cn/u/1567859275?launchid=10000360-page_H5,"https://tvax1.sinaimg.cn/crop.0.0.1000.1000.180/5d73a24bly8i41o3ttw9cj20rs0rsdhn.jpg?KID=imgbed,tva&Expires=1770550914&ssig=a3MAPsUn%2B3"
5263783071323587,1770495943,2026-02-07 20:25:43+08:00,QqLbq2ufj,好帅,0,26,1770540114358,河北,5263783071323587,https://wx4.sinaimg.cn/large/005FWMHRly1ia2a8weh57j324g3rw7wi.jpg,5200504191,猋猋队队长,f,https://m.weibo.cn/u/5200504191?launchid=10000360-page_H5,"https://tvax2.sinaimg.cn/crop.0.0.1080.1080.180/005FWMHRly8i84fvokfktj30u00u0ta6.jpg?KID=imgbed,tva&Expires=1770550914&ssig=rD7ORGzb0Z"
5263780549236987,1770495342,2026-02-07 20:15:42+08:00,QqLbq2ufj,这身材真的是绝杀,0,21,1770540114366,重庆,5263780549236987,https://wx4.sinaimg.cn/large/5ff0cb17gy1ia29yhajxwj24dq6kjhe2.jpg,1609616151,七月优利,f,https://m.weibo.cn/u/1609616151?launchid=10000360-page_H5,"https://tvax2.sinaimg.cn/crop.0.0.1080.1080.180/5ff0cb17ly8hy53zj3gudj20u00u0dfu.jpg?KID=imgbed,tva&Expires=1770550914&ssig=74SOW7stQb"
5263779898066037,1770495187,2026-02-07 20:13:07+08:00,QqLbq2ufj,肖战太好看了！！！,0,26,1770540114374,河南,5263779898066037,https://wx4.sinaimg.cn/large/3fe82a3aly1ia29vkyqkbj21jk2bbds5.jpg,1072179770,豆玎的妈,f,https://m.weibo.cn/u/1072179770?launchid=10000360-page_H5,"https://tvax3.sinaimg.cn/crop.0.0.1080.1080.180/3fe82a3aly8go1cew7nntj20u00u042r.jpg?KID=imgbed,tva&Expires=1770550914&ssig=R%2Fnvb5D4Eb"
5263781266983474,1770495513,2026-02-07 20:18:33+08:00,QqLbq2ufj,气质太好了,0,24,1770540114383,山东,5263781266983474,,6336266946,有你岁月静好XZ1991,f,https://m.weibo.cn/u/6336266946?launchid=10000360-page_H5,"https://tvax1.sinaimg.cn/crop.0.0.1047.1047.180/006UOktYly8hjomog3q2ij30t30t30v9.jpg?KID=imgbed,tva&Expires=1770550914&ssig=JMXYpQ3GY1"
5263792382412656,1770498163,2026-02-07 21:02:43+08:00,QqLbq2ufj,年底了，福利多多啊,0,17,1770540114391,天津,5263792382412656,,3971741971,绝版翠翠莎,f,https://m.weibo.cn/u/3971741971?launchid=10000360-page_H5,"https://tvax1.sinaimg.cn/crop.0.0.512.512.180/ecbbf913ly8i7swu7jihaj20e80e8aaf.jpg?KID=imgbed,tva&Expires=1770550914&ssig=Ql0IcbHkC7"
5263781262788166,1770495512,2026-02-07 20:18:32+08:00,QqLbq2ufj,太帅了,0,17,1770540114399,陕西,5263781262788166,https://wx4.sinaimg.cn/large/008dESFlly1ia2a1g1e4hj31jk2bb1d2.jpg,7530898283,wsx木木夕,f,https://m.weibo.cn/u/7530898283?launchid=10000360-page_H5,"https://tvax1.sinaimg.cn/crop.0.0.512.512.180/008dESFlly8glat6x13lgj30e80e8q30.jpg?KID=imgbed,tva&Expires=1770550914&ssig=6nJLhUnkoo"
5263785434550044,1770496507,2026-02-07 20:35:07+08:00,QqLbq2ufj,指甲剪的好干净,1,13,1770540114408,内蒙古,5263785434550044,,3147943135,XZ523523,f,https://m.weibo.cn/u/3147943135?launchid=10000360-page_H5,"https://tvax2.sinaimg.cn/crop.0.0.1023.1023.180/bba1ccdfly8h4dajjncc6j20sg0sfwfc.jpg?KID=imgbed,tva&Expires=1770550914&ssig=IPkpLxGtxS"
5263791031068751,1770497841,2026-02-07 20:57:21+08:00,QqLbq2ufj,帅的要命,0,11,1770540114416,广东,5263791031068751,https://wx3.sinaimg.cn/large/008dGeEAgy1ia2b5ukeo5j31jk2bb4ba.jpg,7531221132,陈家二姐唯爱Z,f,https://m.weibo.cn/u/7531221132?launchid=10000360-page_H5,"https://tvax1.sinaimg.cn/crop.0.0.1080.1080.180/008dGeEAly8i644ih5zv6j30u00u0dih.jpg?KID=imgbed,tva&Expires=1770550914&ssig=D3liZ3n5GV"
5263798646604620,1770499656,2026-02-07 21:27:36+08:00,QqLbq2ufj,体面的活动才配得上体面的人👍👍,0,0,1770540155627,河北,5263779984050942,,5930842000,深深夏浅清秋,f,https://m.weibo.cn/u/5930842000?launchid=10000360-page_H5,"https://tvax2.sinaimg.cn/crop.0.0.512.512.180/006tncVWly8hs4v93n0rhj30e80e80ts.jpg?KID=imgbed,tva&Expires=1770550914&ssig=cLBQKqam2U"
5263792367997410,1770498160,2026-02-07 21:02:40+08:00,QqLbq2ufj,这照片霸气,0,0,1770540155635,广东,5263779984050942,,8017172121,桃桃夭夭1005,f,https://m.weibo.cn/u/8017172121?launchid=10000360-page_H5,"https://tvax4.sinaimg.cn/crop.0.0.500.500.180/008KzeHLly8i64vjlsm13j30dw0dw0u1.jpg?KID=imgbed,tva&Expires=1770550914&ssig=PVVaY9OvZZ"
5263783050086045,1770495938,2026-02-07 20:25:38+08:00,QqLbq2ufj,肖皇！！ 查看图片,0,0,1770540155657,新疆,5263779593981416,,6017941637,马航空姐-,f,https://m.weibo.cn/u/6017941637?launchid=10000360-page_H5,"https://tvax4.sinaimg.cn/crop.0.0.1024.1024.180/006zgFwNly8i62119o6ejj30sg0sgdhv.jpg?KID=imgbed,tva&Expires=1770550914&ssig=14MSEfeIdH"
5263824588375070,1770505842,2026-02-07 23:10:42+08:00,QqLbq2ufj,肖战,0,0,1770540155665,山东,5263779593981416,,6528524681,Sean_的星星,f,https://m.weibo.cn/u/6528524681?launchid=10000360-page_H5,"https://tvax1.sinaimg.cn/crop.0.0.1080.1080.180/0077P1vbly8i8kta2z9suj30u00u0q6d.jpg?KID=imgbed,tva&Expires=1770550914&ssig=5upVHGwcyu"
5263799557030124,1770499873,2026-02-07 21:31:13+08:00,QqLbq2ufj,期待肖战,0,0,1770540155688,湖北,5263779602108674,,8260431920,神秘小松果读经典,m,https://m.weibo.cn/u/8260431920?launchid=10000360-page_H5,"https://tvax2.sinaimg.cn/crop.0.0.500.500.180/00911VGUly8i9h7crrn5gj30dw0dw3z0.jpg?KID=imgbed,tva&Expires=1770550914&ssig=nVdP0P4CRt"
5263781024236453,1770495454,2026-02-07 20:17:34+08:00,QqLbq2ufj,待会见,0,0,1770540155696,四川,5263779602108674,,4036027464,嘿嘿嘿打不过我吧,f,https://m.weibo.cn/u/4036027464?launchid=10000360-page_H5,"https://tvax2.sinaimg.cn/crop.0.0.1080.1080.180/f090e448ly8i9jkyuu2v8j20u00u0tb9.jpg?KID=imgbed,tva&Expires=1770550914&ssig=stNutvC9s3"
5263789737907697,1770497533,2026-02-07 20:52:13+08:00,QqLbq2ufj,哈哈，你的关注点,0,0,1770540155710,四川,5263785434550044,,7945106067,严0122,f,https://m.weibo.cn/u/7945106067?launchid=10000360-page_H5,"https://tvax4.sinaimg.cn/crop.0.0.500.500.180/008FGR23ly8i9wfug0js6j30dw0dwmyc.jpg?KID=imgbed,tva&Expires=1770550914&ssig=w8uqhudtRQ"
5263786728495052,1770496815,2026-02-07 20:40:15+08:00,QqLbq2ufj,哇塞#肖战网络视听盛典全篇主讲人##肖战中国网络视听年度盛典# #肖战网络视听出图#,0,7,1770540156405,上海,5263786728495052,,2852828154,brbrbrbr泡泡,m,https://m.weibo.cn/u/2852828154?launchid=10000360-page_H5,"https://tvax2.sinaimg.cn/crop.0.0.1080.1080.180/aa0ab3faly8i60sttsu4xj20u00u0adb.jpg?KID=imgbed,tva&Expires=1770550956&ssig=l3vfeih1O2"
5263780881108704,1770495421,2026-02-07 20:17:01+08:00,QqLbq2ufj,太帅了😎 战战,0,13,1770540156413,广东,5263780881108704,,6619631903,战斗西红柿_,f,https://m.weibo.cn/u/6619631903?launchid=10000360-page_H5,"https://tvax1.sinaimg.cn/crop.0.0.1080.1080.180/007dZiEvly8i8vqv7e53ej30u00u0wh4.jpg?KID=imgbed,tva&Expires=1770550956&ssig=BeQWV01XDz"
5263785482259186,1770496518,2026-02-07 20:35:18+08:00,QqLbq2ufj,好帅,0,10,1770540156421,湖南,5263785482259186,,7464893352,WAMssll,f,https://m.weibo.cn/u/7464893352?launchid=10000360-page_H5,"https://tvax1.sinaimg.cn/crop.0.0.1080.1080.180/0089bVLGly8i67b5ud1esj30u00u00v2.jpg?KID=imgbed,tva&Expires=1770550956&ssig=M1tkH3T2ZB"
5263780826845467,1770495408,2026-02-07 20:16:48+08:00,QqLbq2ufj,肖战好帅！,0,11,1770540156430,四川,5263780826845467,,7438004355,用户7438004355,m,https://m.weibo.cn/u/7438004355?launchid=10000360-page_H5,"https://tvax1.sinaimg.cn/crop.0.0.996.996.180/0087n6Ibly8gmvkmzd3spj30ro0rowgg.jpg?KID=imgbed,tva&Expires=1770550956&ssig=B%2BBn%2F2%2BIWF"
5263785564833767,1770496537,2026-02-07 20:35:37+08:00,QqLbq2ufj,太帅了太帅了@肖战 ,0,7,1770540156438,北京,5263785564833767,,1701036372,安然如昔,f,https://m.weibo.cn/u/1701036372?launchid=10000360-page_H5,"https://tva2.sinaimg.cn/crop.0.0.180.180.180/6563c154jw1e8qgp5bmzyj2050050aa8.jpg?KID=imgbed,tva&Expires=1770550956&ssig=IVRlkyKkWr"
5263785511362166,1770496525,2026-02-07 20:35:25+08:00,QqLbq2ufj,嘿嘿嘿,0,4,1770540156447,天津,5263785511362166,,7233237539,阿一只汉堡,f,https://m.weibo.cn/u/7233237539?launchid=10000360-page_H5,"https://tvax1.sinaimg.cn/crop.0.0.1000.1000.180/007TvVvBly8h7pdnvzllcj30rs0rsdh7.jpg?KID=imgbed,tva&Expires=1770550956&ssig=zj6JXAsshJ"
5263803550008220,1770500825,2026-02-07 21:47:05+08:00,QqLbq2ufj,肖战超级帅,0,4,1770540156456,四川,5263803550008220,https://wx4.sinaimg.cn/large/0065ACUjgy1ia2clhgqiij30u018zq76.jpg,5579408043,红愿chara,f,https://m.weibo.cn/u/5579408043?launchid=10000360-page_H5,"https://tvax2.sinaimg.cn/crop.0.0.1080.1080.180/0065ACUjly8i8d5n31zjfj30u00u0764.jpg?KID=imgbed,tva&Expires=1770550956&ssig=j47BDBoadR"
5263784693469348,1770496330,2026-02-07 20:32:10+08:00,QqLbq2ufj,#肖战网络视听盛典全篇主讲人# #肖皇权威！！！,0,3,1770540156464,福建,5263784693469348,,1779523923,橙哥的铲屎官,f,https://m.weibo.cn/u/1779523923?launchid=10000360-page_H5,"https://tvax2.sinaimg.cn/crop.0.0.1080.1080.180/6a116153ly8i9llte5ge9j20u00u0mzb.jpg?KID=imgbed,tva&Expires=1770550956&ssig=wLyH0JXA7N"
5263811833497030,1770502801,2026-02-07 22:20:01+08:00,QqLbq2ufj,好帅,0,2,1770540156473,上海,5263811833497030,,1596783592,Bella的罗马假日,f,https://m.weibo.cn/u/1596783592?launchid=10000360-page_H5,"https://tvax1.sinaimg.cn/crop.0.0.1024.1024.180/5f2cfbe8ly8hvhl2rmkw3j20sg0sgn09.jpg?KID=imgbed,tva&Expires=1770550956&ssig=29nf9pTwBb"
5263808278300122,1770501952,2026-02-07 22:05:52+08:00,QqLbq2ufj,期待肖战@肖战,0,3,1770540156481,四川,5263808278300122,https://wx3.sinaimg.cn/large/006pRWzDgy1ia2d556atkj31jk2bbqg3.jpg,5879061937,lhyxsl微微一笑,f,https://m.weibo.cn/u/5879061937?launchid=10000360-page_H5,"https://tvax4.sinaimg.cn/crop.0.0.1080.1080.180/006pRWzDly8hz2pas2gnfj30u00u0jss.jpg?KID=imgbed,tva&Expires=1770550956&ssig=IQtgBBiwts"
5263798480930317,1770499617,2026-02-07 21:26:57+08:00,QqLbq2ufj,矜贵男神#肖战网络视听出图#,0,3,1770540156490,江苏,5263798480930317,,1752223467,月夜-物語,m,https://m.weibo.cn/u/1752223467?launchid=10000360-page_H5,"https://tvax3.sinaimg.cn/crop.0.0.1080.1080.180/6870ceebly8i7thyyq5bej20u00u0jv1.jpg?KID=imgbed,tva&Expires=1770550956&ssig=YqR8IbBrV%2F"
5263810462224448,1770502474,2026-02-07 22:14:34+08:00,QqLbq2ufj,绝美,0,2,1770540156499,福建,5263810462224448,,7385972602,漫漫人生好梦,f,https://m.weibo.cn/u/7385972602?launchid=10000360-page_H5,"https://tvax4.sinaimg.cn/crop.0.0.1080.1080.180/0083QMSmly8i7ouibhxgbj30u00u0ach.jpg?KID=imgbed,tva&Expires=1770550956&ssig=5K88hq0tkh"
5263808560106639,1770502020,2026-02-07 22:07:00+08:00,QqLbq2ufj,演员肖战无限可能,0,1,1770540156507,甘肃,5263808560106639,,6147004127,人见人爱的无声的心灵,m,https://m.weibo.cn/u/6147004127?launchid=10000360-page_H5,"https://tvax4.sinaimg.cn/crop.0.0.1023.1023.180/006I0czRly8i5ffxj2rnoj30sg0sfgmj.jpg?KID=imgbed,tva&Expires=1770550956&ssig=lEpKWgAn%2FV"
5263802257904800,1770500518,2026-02-07 21:41:58+08:00,QqLbq2ufj,#肖战网络视听出图# 帅到失语，怎么会有这么好看原生美貌男#肖战中国网络视听年度盛典#,0,1,1770540156516,广东,5263802257904800,,1957840371,春色遍天涯,f,https://m.weibo.cn/u/1957840371?launchid=10000360-page_H5,"https://tvax3.sinaimg.cn/crop.0.0.809.809.180/74b245f3ly8i2ccnp33q8j20mh0mhdiv.jpg?KID=imgbed,tva&Expires=1770550956&ssig=RipfemzO7N"
5263831028993411,1770507377,2026-02-07 23:36:17+08:00,QqLbq2ufj,转发微博,0,0,1770540156526,四川,5263831028993411,,5604383737,用户5604383737,m,https://m.weibo.cn/u/5604383737?launchid=10000360-page_H5,"https://tvax1.sinaimg.cn/crop.0.0.1080.1080.180/0067hqe5ly8hx6jbt58wqj30u00u0dis.jpg?KID=imgbed,tva&Expires=1770550956&ssig=xspn0zV%2F0c"
5263826410800346,1770506276,2026-02-07 23:17:56+08:00,QqLbq2ufj,肖战好美丽，胸针好美丽,0,0,1770540156534,黑龙江,5263826410800346,,6200547342,想去看一次极光哈哈,f,https://m.weibo.cn/u/6200547342?launchid=10000360-page_H5,"https://tvax2.sinaimg.cn/crop.0.0.960.960.180/006LCRC6ly8i9ytqena66j30qo0qo3z4.jpg?KID=imgbed,tva&Expires=1770550956&ssig=GDR4%2B5Xdwa"
5263818196518487,1770504318,2026-02-07 22:45:18+08:00,QqLbq2ufj,这把椅子背我可够不到,0,0,1770540156550,陕西,5263818196518487,,1661484880,2012蔚蓝色,m,https://m.weibo.cn/u/1661484880?launchid=10000360-page_H5,"https://tva3.sinaimg.cn/crop.0.0.1080.1080.180/63083f50jw8enet45od2nj20u00u0jsr.jpg?KID=imgbed,tva&Expires=1770550956&ssig=cdV76w7nf1"
5263818045263733,1770504282,2026-02-07 22:44:42+08:00,QqLbq2ufj,战战迷人的眼睛，女娲炫技的容颜，性感的身材。#肖战人间魅魔#,0,0,1770540156564,陕西,5263818045263733,,1661484880,2012蔚蓝色,m,https://m.weibo.cn/u/1661484880?launchid=10000360-page_H5,"https://tva3.sinaimg.cn/crop.0.0.1080.1080.180/63083f50jw8enet45od2nj20u00u0jsr.jpg?KID=imgbed,tva&Expires=1770550956&ssig=cdV76w7nf1"
5263816650133800,1770503949,2026-02-07 22:39:09+08:00,QqLbq2ufj,#肖战网络视听盛典全篇主讲人# #肖皇权威！,0,0,1770540156574,四川,5263816650133800,,5604383737,用户5604383737,m,https://m.weibo.cn/u/5604383737?launchid=10000360-page_H5,"https://tvax1.sinaimg.cn/crop.0.0.1080.1080.180/0067hqe5ly8hx6jbt58wqj30u00u0dis.jpg?KID=imgbed,tva&Expires=1770550956&ssig=xspn0zV%2F0c"
5263814053596290,1770503330,2026-02-07 22:28:50+08:00,QqLbq2ufj,肖战肖战肖战,0,0,1770540156584,黑龙江,5263814053596290,,6057824903,我与羡羡失联第N天,f,https://m.weibo.cn/u/6057824903?launchid=10000360-page_H5,"https://tvax1.sinaimg.cn/crop.0.0.1080.1080.180/006BY0Zhly8i57x8cc04qj30u00u0tag.jpg?KID=imgbed,tva&Expires=1770550956&ssig=sGwG5%2BzTZ5"
5263813977049289,1770503312,2026-02-07 22:28:32+08:00,QqLbq2ufj,#肖战网络视听出图# 肖战肖战,0,0,1770540169970,黑龙江,5263813977049289,,6057824903,我与羡羡失联第N天,f,https://m.weibo.cn/u/6057824903?launchid=10000360-page_H5,"https://tvax1.sinaimg.cn/crop.0.0.1080.1080.180/006BY0Zhly8i57x8cc04qj30u00u0tag.jpg?KID=imgbed,tva&Expires=1770550969&ssig=NReDqevdS8"
5263801361367113,1770500303,2026-02-07 21:38:23+08:00,QqLbq2ufj,帅气的,0,0,1770540169979,上海,5263801361367113,,7592227999,一朵妖艳的花118,f,https://m.weibo.cn/u/7592227999?launchid=10000360-page_H5,"https://tvax4.sinaimg.cn/crop.0.0.750.750.180/008hOdkjly8hiu7l0v018j30ku0ku0u5.jpg?KID=imgbed,tva&Expires=1770550969&ssig=qC9Hs4pdFy"
5263783594564919,1770496068,2026-02-07 20:27:48+08:00,QqLbq2ufj,太帅了,0,0,1770540169988,浙江,5263783594564919,,7327551355,璟秋昕,f,https://m.weibo.cn/u/7327551355?launchid=10000360-page_H5,"https://tvax3.sinaimg.cn/crop.0.0.996.996.180/007ZTEQbly8g8ab9gf3ldj30ro0rojsc.jpg?KID=imgbed,tva&Expires=1770550969&ssig=d%2BChluFueD"
5263813536648485,1770503207,2026-02-07 22:26:47+08:00,QqLbq2ufj,太好看了吧？,0,1,1770540169997,陕西,5263813536648485,https://wx1.sinaimg.cn/large/6e58eb4aly1ia2dqw3p2oj21jk2bbgxb.jpg,1851321162,lele与战同行_清风细雨中,f,https://m.weibo.cn/u/1851321162?launchid=10000360-page_H5,"https://tvax4.sinaimg.cn/crop.0.0.1080.1080.180/6e58eb4aly8i81a8j7cesj20u00u0n2m.jpg?KID=imgbed,tva&Expires=1770550969&ssig=GpeUnpGva4"
5263813096246393,1770503102,2026-02-07 22:25:02+08:00,QqLbq2ufj,权威,0,1,1770540170005,陕西,5263813096246393,https://wx1.sinaimg.cn/large/005uLWGhly1ia2dp1x92jj31jk2bcqoo.jpg,5035381229,紫水晶芯芯,f,https://m.weibo.cn/u/5035381229?launchid=10000360-page_H5,"https://tvax3.sinaimg.cn/crop.0.0.851.851.180/005uLWGhly8hj4mt7znj0j30nn0nntdb.jpg?KID=imgbed,tva&Expires=1770550969&ssig=GwT%2BMWxjR2"
5263812858742662,1770503045,2026-02-07 22:24:05+08:00,QqLbq2ufj,肖战顺顺利利,0,1,1770540170014,辽宁,5263812858742662,https://wx1.sinaimg.cn/large/007TzOrsly1ia2do2x5ptj31jk2bbdv1.jpg,7234163686,深雨桃花灼,f,https://m.weibo.cn/u/7234163686?launchid=10000360-page_H5,"https://tvax1.sinaimg.cn/crop.0.0.986.986.180/007TzOrsly8gjfsdh07xtj30re0redip.jpg?KID=imgbed,tva&Expires=1770550969&ssig=YZeDz7lOBo"
5263792877341027,1770498281,2026-02-07 21:04:41+08:00,QqLbq2ufj,期待,0,1,1770540170023,江苏,5263792877341027,,6346818413,兰兰子_唇下痣,f,https://m.weibo.cn/u/6346818413?launchid=10000360-page_H5,"https://tvax1.sinaimg.cn/crop.0.0.1080.1080.180/006VwBoVly8i5ye6b682qj30u00u0783.jpg?KID=imgbed,tva&Expires=1770550969&ssig=qnJPL%2BBnXO"
5264050854300279,1770559788,2026-02-08 14:09:48+08:00,QqLbq2ufj,体面又帅气的宝贝,0,0,1770540170031,湖南,5264050854300279,,1696023584,淡定爱HH滴吃货清清na,f,https://m.weibo.cn/u/1696023584?launchid=10000360-page_H5,"https://tvax4.sinaimg.cn/crop.0.0.1080.1080.180/65174420ly8hsea6hut96j20u00u0myz.jpg?KID=imgbed,tva&Expires=1770550969&ssig=4AS1llwSrx"
5264011378562081,1770550376,2026-02-08 11:32:56+08:00,QqLbq2ufj,#肖战网络视听出图#,0,0,1770540170040,湖北,5264011378562081,,6728956254,lh0065a,f,https://m.weibo.cn/u/6728956254?launchid=10000360-page_H5,"https://tvax1.sinaimg.cn/crop.20.0.1080.1080.180/007lo0Uuly8i5tbjw4knxj30v40u0tc3.jpg?KID=imgbed,tva&Expires=1770550969&ssig=jeIr2gfF1V"
5263998918329017,1770547404,2026-02-08 10:43:24+08:00,QqLbq2ufj,#肖战网络视听出图# 太帅啦,0,0,1770540170048,湖南,5263998918329017,,7570176437,赞赞酱的小醋包,f,https://m.weibo.cn/u/7570176437?launchid=10000360-page_H5,"https://tvax1.sinaimg.cn/crop.0.0.1080.1080.180/008gjGHXly8hz4qmgb6r4j30u00u0n0j.jpg?KID=imgbed,tva&Expires=1770550969&ssig=BhH%2FK3TKG%2F"
5263990819390392,1770545474,2026-02-08 10:11:14+08:00,QqLbq2ufj,太帅,0,0,1770540170057,海南,5263990819390392,,7328228261,冰苏打ying,f,https://m.weibo.cn/u/7328228261?launchid=10000360-page_H5,"https://tvax1.sinaimg.cn/crop.0.0.1080.1080.180/007ZWuW1ly8i9951zwb0hj30u00u0act.jpg?KID=imgbed,tva&Expires=1770550969&ssig=c9zIKEcAZp"
5263910863372648,1770526411,2026-02-08 04:53:31+08:00,QqLbq2ufj,一个字帅,0,0,1770540170066,安徽,5263910863372648,,7550645222,五月花MM,m,https://m.weibo.cn/u/7550645222?launchid=10000360-page_H5,"https://tvax1.sinaimg.cn/crop.0.0.996.996.180/008eZJKmly8gv3h3gtzlsj60ro0rpn2d02.jpg?KID=imgbed,tva&Expires=1770550969&ssig=qGNJ367fdy"
5263895590601835,1770522770,2026-02-08 03:52:50+08:00,QqLbq2ufj,#肖战网络视听出图# 肖战的这张脸简直顶配,0,0,1770540170075,宁夏,5263895590601835,,7381417172,甜桃的奶啵仔,f,https://m.weibo.cn/u/7381417172?launchid=10000360-page_H5,"https://tvax3.sinaimg.cn/crop.0.0.1080.1080.180/0083xFNGly8i8zvbk1tbzj30u00u0aca.jpg?KID=imgbed,tva&Expires=1770550969&ssig=n%2BzxYTwIEG"
5263846378833220,1770511037,2026-02-08 00:37:17+08:00,QqLbq2ufj,太好看了,0,0,1770540170084,吉林,5263846378833220,,7211078270,暗香ZP,f,https://m.weibo.cn/u/7211078270?launchid=10000360-page_H5,"https://tvax2.sinaimg.cn/crop.0.0.995.995.180/007S0WS2ly8h701b10rhrj30rn0rndh0.jpg?KID=imgbed,tva&Expires=1770550969&ssig=IzzBcvsibI"
5263831926308904,1770507590,2026-02-07 23:39:50+08:00,QqLbq2ufj,肖战真帅,0,0,1770540170093,江苏,5263831926308904,,7402959256,家有儿女的小姐姐1005,f,https://m.weibo.cn/u/7402959256?launchid=10000360-page_H5,"https://tvax3.sinaimg.cn/crop.0.0.720.720.180/008503SEly8hr7su89kf3j30k00k0gmu.jpg?KID=imgbed,tva&Expires=1770550969&ssig=Ao9UijqVcl"
5263829454820423,1770507002,2026-02-07 23:30:02+08:00,QqLbq2ufj,转发微博,0,0,1770540170102,广东,5263829454820423,,1153405915,筱筱筑XXZ,f,https://m.weibo.cn/u/1153405915?launchid=10000360-page_H5,"https://tvax1.sinaimg.cn/default/images/default_avatar_female_180.gif?KID=imgbed,tva&Expires=1770550969&ssig=2TGeQvP6ov"
5263821243681519,1770505044,2026-02-07 22:57:24+08:00,QqLbq2ufj,王者归来的气势,0,0,1770540170110,安徽,5263821243681519,,3430896510,一缕星光照啵赞,f,https://m.weibo.cn/u/3430896510?launchid=10000360-page_H5,"https://tvax2.sinaimg.cn/crop.0.0.960.960.180/cc7f537ely8hbhb0aenzfj20qo0qoadj.jpg?KID=imgbed,tva&Expires=1770550969&ssig=QKlvHz7K%2F2"
5263819900456666,1770504724,2026-02-07 22:52:04+08:00,QqLbq2ufj,期待,0,0,1770540170119,重庆,5263819900456666,,7529440798,清清栀子香,f,https://m.weibo.cn/u/7529440798?launchid=10000360-page_H5,"https://tvax1.sinaimg.cn/crop.0.84.1002.1002.180/008dyLvwly8hhvewg2vohj30ru0wjjtn.jpg?KID=imgbed,tva&Expires=1770550969&ssig=ZZHX%2BVyHoR"
5263818741515087,1770504447,2026-02-07 22:47:27+08:00,QqLbq2ufj,#肖战网络视听出图#,0,0,1770540170127,河北,5263818741515087,,2572278452,兔兔爱龙虾,f,https://m.weibo.cn/u/2572278452?launchid=10000360-page_H5,"https://tvax1.sinaimg.cn/crop.0.0.1080.1080.180/9951dab4ly8i9m8pjs8faj20u00u0787.jpg?KID=imgbed,tva&Expires=1770550969&ssig=qqzSM3vdQC"
5263812908287349,1770503056,2026-02-07 22:24:16+08:00,QqLbq2ufj,儒雅贵气周正帅气，这就是肖战,0,0,1770540170136,贵州,5263812908287349,,7461592387,生活在同一片海域,f,https://m.weibo.cn/u/7461592387?launchid=10000360-page_H5,"https://tvax4.sinaimg.cn/crop.0.0.1080.1080.180/0088Y52jly8i67doyiyqxj30u00u00y1.jpg?KID=imgbed,tva&Expires=1770550969&ssig=3LbCPCQAAL"
5263812631991029,1770502991,2026-02-07 22:23:11+08:00,QqLbq2ufj,喜欢这张，好长的腿,0,0,1770540189508,江苏,5263812631991029,https://wx3.sinaimg.cn/large/007WrS0agy1ia2dmyw6p4j31jk2bbwye.jpg,7276599754,下一战的我们,f,https://m.weibo.cn/u/7276599754?launchid=10000360-page_H5,"https://tvax2.sinaimg.cn/crop.0.0.1080.1080.180/007WrS0aly8i5tr2rlq53j30u00u0jv6.jpg?KID=imgbed,tva&Expires=1770550989&ssig=%2BYvfWcirj5"
5263811951986409,1770502828,2026-02-07 22:20:28+08:00,QqLbq2ufj,一直都很权威,0,0,1770540189517,四川,5263811951986409,,7882619895,怼怼兔DAYTOY,f,https://m.weibo.cn/u/7882619895?launchid=10000360-page_H5,"https://tvax1.sinaimg.cn/crop.0.0.960.960.180/008BsFwzly8i16xmeo3fbj30qo0qogok.jpg?KID=imgbed,tva&Expires=1770550989&ssig=ByuyhYOtU5"
5263811103691657,1770502627,2026-02-07 22:17:07+08:00,QqLbq2ufj,太帅啦,0,0,1770540189526,陕西,5263811103691657,,2689819074,逆时针的QQ糖,f,https://m.weibo.cn/u/2689819074?launchid=10000360-page_H5,"https://tvax3.sinaimg.cn/crop.0.0.1080.1080.180/a05361c2ly8i7g4fx21bij20u00u0aet.jpg?KID=imgbed,tva&Expires=1770550989&ssig=aSuvK91iZl"
5263810675868255,1770502524,2026-02-07 22:15:24+08:00,QqLbq2ufj,#肖战网络视听出图#,0,0,1770540189534,河北,5263810675868255,,2572278452,兔兔爱龙虾,f,https://m.weibo.cn/u/2572278452?launchid=10000360-page_H5,"https://tvax1.sinaimg.cn/crop.0.0.1080.1080.180/9951dab4ly8i9m8pjs8faj20u00u0787.jpg?KID=imgbed,tva&Expires=1770550989&ssig=pkLFDuDyCr"
5263809516145488,1770502248,2026-02-07 22:10:48+08:00,QqLbq2ufj,肖战顺顺利利,0,0,1770540189543,天津,5263809516145488,,5852812946,垚abc,f,https://m.weibo.cn/u/5852812946?launchid=10000360-page_H5,"https://tvax3.sinaimg.cn/crop.0.0.1080.1080.180/006o5O0Oly8hldjku6mhvj30u00u1dig.jpg?KID=imgbed,tva&Expires=1770550989&ssig=g%2BhIyuiTo3"
5263809323208641,1770502202,2026-02-07 22:10:02+08:00,QqLbq2ufj,追光而行，与热爱相伴，和 @肖战 一起在盛会中书写璀璨瞬间！#肖战#｜#肖战网络视听盛典全篇主讲人#｜#中国网络视听盛典##肖战网络视听出图#,0,0,1770540189552,江苏,5263809323208641,,1201841155,Dear_10523,f,https://m.weibo.cn/u/1201841155?launchid=10000360-page_H5,"https://tvax1.sinaimg.cn/crop.0.0.443.443.180/47a2a403ly8i936rxwv00j20cb0cb0su.jpg?KID=imgbed,tva&Expires=1770550989&ssig=0BaOyF739z"
5263809091997867,1770502147,2026-02-07 22:09:07+08:00,QqLbq2ufj,好帥啊肖战#肖战网络视听出图#,0,0,1770540189561,中国台湾,5263809091997867,,7511428594,晨光裡的羽翼,f,https://m.weibo.cn/u/7511428594?launchid=10000360-page_H5,"https://tvax4.sinaimg.cn/crop.0.0.1080.1080.180/008clbI6ly8i63kjvxqtej30u00u0n0a.jpg?KID=imgbed,tva&Expires=1770550989&ssig=5dWQ82rzjq"
5263807964250197,1770501877,2026-02-07 22:04:37+08:00,QqLbq2ufj,太帅了吧要了我的命,0,0,1770540189570,江苏,5263807964250197,https://wx1.sinaimg.cn/large/69e08eb8gy1ia2d3p25wuj20u0190n30.jpg,1776324280,十亿少女的梦XZ,f,https://m.weibo.cn/u/1776324280?launchid=10000360-page_H5,"https://tvax4.sinaimg.cn/crop.0.0.1080.1080.180/69e08eb8ly8i9rwlggzzkj20u00u0aef.jpg?KID=imgbed,tva&Expires=1770550989&ssig=02f%2BjLuCDq"
5263807186469480,1770501692,2026-02-07 22:01:32+08:00,QqLbq2ufj,#肖战网络视听盛典全篇主讲人# xz #肖战网络视听出图# 压轴登场，熠熠生辉。肖战@肖战 身着经典黑色西装亮相盛典红毯，身姿挺拔、气度不凡。生活有美好，前路有光亮，以专业姿态诠释从容与优雅。,0,0,1770540189579,广西,5263807186469480,,1463955897,落花微雨燕双飞123,f,https://m.weibo.cn/u/1463955897?launchid=10000360-page_H5,"https://tvax1.sinaimg.cn/crop.116.28.533.533.180/574231b9ly8gjurz0gan7j20ku0fmmyz.jpg?KID=imgbed,tva&Expires=1770550989&ssig=6brZZsP0j1"
5263803819234079,1770500890,2026-02-07 21:48:10+08:00,QqLbq2ufj,肖战#肖战网络视听出图#,0,0,1770540189587,四川,5263803819234079,,6052533089,ww唯战,f,https://m.weibo.cn/u/6052533089?launchid=10000360-page_H5,"https://tvax4.sinaimg.cn/crop.0.0.720.720.180/006BBOlrly8hs9gc8je7zj30k00k0jtn.jpg?KID=imgbed,tva&Expires=1770550989&ssig=2t%2FT7VoIj3"
5263803810055833,1770500888,2026-02-07 21:48:08+08:00,QqLbq2ufj,太帅了,0,0,1770540189596,陕西,5263803810055833,,5090358029,尘世欣喜整杰,m,https://m.weibo.cn/u/5090358029?launchid=10000360-page_H5,"https://tvax4.sinaimg.cn/crop.0.0.996.996.180/005yuCERly8gv5bsw6uqhj60ro0rowix02.jpg?KID=imgbed,tva&Expires=1770550989&ssig=4M3HoK6S5y"
5263801525207265,1770500342,2026-02-07 21:39:02+08:00,QqLbq2ufj,这也太霸气了，王者风范,0,0,1770540189605,辽宁,5263801525207265,https://wx1.sinaimg.cn/large/005QoVWgly1ia2cd2ve7dj30u0190jv1.jpg,5354976224,伊美妈咪,f,https://m.weibo.cn/u/5354976224?launchid=10000360-page_H5,"https://tvax4.sinaimg.cn/crop.0.0.1080.1080.180/005QoVWgly8htwy3qocvlj30u00u0dhr.jpg?KID=imgbed,tva&Expires=1770550989&ssig=YC%2B1RLjRtl"
5263801491920426,1770500335,2026-02-07 21:38:55+08:00,QqLbq2ufj,太帅了,0,0,1770540189614,湖南,5263801491920426,,6868128876,馨悦小赞,f,https://m.weibo.cn/u/6868128876?launchid=10000360-page_H5,"https://tvax2.sinaimg.cn/crop.0.0.1080.1080.180/007uNY4cly8i6ggk35860j30u00u00u7.jpg?KID=imgbed,tva&Expires=1770550989&ssig=z42b2pH5Mb"
5263800970251802,1770500210,2026-02-07 21:36:50+08:00,QqLbq2ufj,#肖战网络视听出图#,0,0,1770540189623,重庆,5263800970251802,https://wx3.sinaimg.cn/large/008h00Nbgy1ia2cavdiisj30qo140wgr.jpg,7580263417,唐小小198105,f,https://m.weibo.cn/u/7580263417?launchid=10000360-page_H5,"https://tvax4.sinaimg.cn/crop.0.0.1080.1080.180/008h00Nbly8i8xm3hzen2j30u00u0wjl.jpg?KID=imgbed,tva&Expires=1770550989&ssig=t5RfIeLmFJ"
5263800211343976,1770500030,2026-02-07 21:33:50+08:00,QqLbq2ufj,#中国网络视听盛典# 期待@肖战 #肖战网络视听盛典全篇主讲人#,0,0,1770540189632,马来西亚,5263800211343976,,7337868350,范小小星星,f,https://m.weibo.cn/u/7337868350?launchid=10000360-page_H5,"https://tvax3.sinaimg.cn/crop.0.0.512.512.180/0080AWLkly8goslcvl1xuj30e80e8mx8.jpg?KID=imgbed,tva&Expires=1770550989&ssig=hCmBLRbmEF"
5263799998483128,1770499979,2026-02-07 21:32:59+08:00,QqLbq2ufj,肖战这气场太牛了,0,0,1770540189641,山东,5263799998483128,,5032395858,余晖曜楹梢,f,https://m.weibo.cn/u/5032395858?launchid=10000360-page_H5,"https://tvax3.sinaimg.cn/crop.0.0.1080.1080.180/005uzq38ly8i9g19wixdxj30u00u0q4a.jpg?KID=imgbed,tva&Expires=1770550989&ssig=fbUzxKRdrw"
5263798705589351,1770499671,2026-02-07 21:27:51+08:00,QqLbq2ufj,图片评论,0,0,1770540189650,广东,5263798705589351,https://wx2.sinaimg.cn/large/005SxuzAgy1ia2c1iflwcj31jk2bctw2.jpg,5386568654,一生做沵的小太阳,f,https://m.weibo.cn/u/5386568654?launchid=10000360-page_H5,"https://tvax1.sinaimg.cn/crop.0.0.996.996.180/005SxuzAly8gqg2l1g70zj30ro0rodhi.jpg?KID=imgbed,tva&Expires=1770550989&ssig=s3jZ98K1%2Fa"
5263798170816063,1770499543,2026-02-07 21:25:43+08:00,QqLbq2ufj,#肖战网络视听盛典全篇主讲人# #肖战中国网络视听年度盛典#肖战优秀,0,0,1770540189659,广东,5263798170816063,,7548927655,战鹰翱翔1005,f,https://m.weibo.cn/u/7548927655?launchid=10000360-page_H5,"https://tvax2.sinaimg.cn/crop.0.0.1080.1080.180/008eSwVFly8hpo79fn101j30u00u0n04.jpg?KID=imgbed,tva&Expires=1770550989&ssig=tFgT7IomBB"
5263798069888568,1770499519,2026-02-07 21:25:19+08:00,QqLbq2ufj,转发微博,0,0,1770540189668,浙江,5263798069888568,,6349551884,做战战永远的小飞侠,f,https://m.weibo.cn/u/6349551884?launchid=10000360-page_H5,"https://tvax3.sinaimg.cn/crop.0.1.1078.1078.180/006VI4valy8i57nvo9rpjj30ty0u0gom.jpg?KID=imgbed,tva&Expires=1770550989&ssig=yda%2BRnNiZo"
5263797939083087,1770499488,2026-02-07 21:24:48+08:00,QqLbq2ufj,肖战天之骄子！太帅太优秀了！,0,0,1770540189678,广东,5263797939083087,,7548927655,战鹰翱翔1005,f,https://m.weibo.cn/u/7548927655?launchid=10000360-page_H5,"https://tvax2.sinaimg.cn/crop.0.0.1080.1080.180/008eSwVFly8hpo79fn101j30u00u0n04.jpg?KID=imgbed,tva&Expires=1770550989&ssig=tFgT7IomBB"
5263797230247033,1770499319,2026-02-07 21:21:59+08:00,QqLbq2ufj,#肖战网络视听出图# 真好  //@初上君子:这才是该有的活动流程,0,0,1770540215698,广东,5263797230247033,https://wx3.sinaimg.cn/large/006cj73Ggy1ia2bvexpukj313z0qotj2.jpg,5678668392,言艺4433,f,https://m.weibo.cn/u/5678668392?launchid=10000360-page_H5,"https://tvax1.sinaimg.cn/crop.0.0.996.996.180/006cj73Gly8fkyizh0p2uj30ro0rpq5f.jpg?KID=imgbed,tva&Expires=1770551015&ssig=4URzyIFs34"
5263797195641968,1770499311,2026-02-07 21:21:51+08:00,QqLbq2ufj,帅得权威😎与全篇主讲人@肖战 相聚2026网络视听盛典，共赴年度视听盛会 #肖战网络视听出图##肖战网络视听盛典全篇主讲人#,0,0,1770540215707,山西,5263797195641968,https://wx1.sinaimg.cn/large/6e5e00a9ly1ia2bvacl5wj21jk2bb7fx.jpg,1851654313,雨溪zh,f,https://m.weibo.cn/u/1851654313?launchid=10000360-page_H5,"https://tvax4.sinaimg.cn/crop.0.0.408.408.180/6e5e00a9ly8hz2jovenzgj20bc0bcq3k.jpg?KID=imgbed,tva&Expires=1770551015&ssig=11Hc9kLb%2BM"
5263796349181680,1770499109,2026-02-07 21:18:29+08:00,QqLbq2ufj,太好看了,0,0,1770540215716,北京,5263796349181680,,1619632287,爱吃肉肉,f,https://m.weibo.cn/u/1619632287?launchid=10000360-page_H5,"https://tva1.sinaimg.cn/crop.0.0.180.180.180/6089a09fjw1e8qgp5bmzyj2050050aa8.jpg?KID=imgbed,tva&Expires=1770551015&ssig=1OBCxP%2BwyM"
5263796306187259,1770499099,2026-02-07 21:18:19+08:00,QqLbq2ufj,帅气满分💯,0,0,1770540215725,安徽,5263796306187259,,7346245777,盛放的暖阳,f,https://m.weibo.cn/u/7346245777?launchid=10000360-page_H5,"https://tvax2.sinaimg.cn/crop.0.0.1080.1080.180/0081a677ly8i8z6egbbh7j30u00u076f.jpg?KID=imgbed,tva&Expires=1770551015&ssig=oolAJONIos"
5263796114295257,1770499053,2026-02-07 21:17:33+08:00,QqLbq2ufj,#肖战网络视听出图# #智搜分析#肖战本次造型以Balmain 2026春夏系列黑色青果领西装搭配V领缎面内搭，佩戴Boucheron宝诗龙高级珠宝，全球首穿彰显奢牌青睐。冷峻剪裁与深V设计突出挺拔身形，简约中透出矜贵气质，被时尚账号评价为“繁中取简的辨识度美学”  完整分析戳→分析：#肖战网络视听出图#肖战网络视听盛典造型出图🆘一直都很权威！！期待今晚的舞台～ ​,0,0,1770540215734,陕西,5263796114295257,,7181353881,J半颗糖更甜,f,https://m.weibo.cn/u/7181353881?launchid=10000360-page_H5,"https://tvax3.sinaimg.cn/crop.0.0.1080.1080.180/007Q0ecply8i63ts8trzoj30u00u0dhq.jpg?KID=imgbed,tva&Expires=1770551015&ssig=RinaIjpgE7"
5263795265995311,1770498850,2026-02-07 21:14:10+08:00,QqLbq2ufj,好帅,0,0,1770540215743,北京,5263795265995311,,2929025591,我最亲爱的宝贝叫帅帅,m,https://m.weibo.cn/u/2929025591?launchid=10000360-page_H5,"https://tvax1.sinaimg.cn/crop.0.0.1080.1080.180/ae956237ly8i66v22l0r9j20u00u0q8p.jpg?KID=imgbed,tva&Expires=1770551015&ssig=u1cQOdKZ5v"
5263794790207402,1770498737,2026-02-07 21:12:17+08:00,QqLbq2ufj,肖战好帅,0,0,1770540215752,河南,5263794790207402,,6369455780,一只坚果猫咪,f,https://m.weibo.cn/u/6369455780?launchid=10000360-page_H5,"https://tvax3.sinaimg.cn/crop.0.0.1080.1080.180/006X3ApKly8i62wior3srj30u00u0gok.jpg?KID=imgbed,tva&Expires=1770551015&ssig=c86jkOjKu1"
5263793850419812,1770498513,2026-02-07 21:08:33+08:00,QqLbq2ufj,期待巨星肖战,0,0,1770540215761,贵州,5263793850419812,,6996630886,槑槑熊DT,m,https://m.weibo.cn/u/6996630886?launchid=10000360-page_H5,"https://tvax1.sinaimg.cn/crop.0.0.1080.1080.180/007Dv9jgly8i8meb7802rj30u00u0n3z.jpg?KID=imgbed,tva&Expires=1770551015&ssig=Sagqjk0s9J"
5263792196815593,1770498119,2026-02-07 21:01:59+08:00,QqLbq2ufj,哇哦，帅帅帅,0,0,1770540215770,重庆,5263792196815593,,7131029743,尖尖角上驻战战,f,https://m.weibo.cn/u/7131029743?launchid=10000360-page_H5,"https://tvax4.sinaimg.cn/crop.0.0.996.996.180/007MB4ALly8i4b69co7dgj30ro0roaau.jpg?KID=imgbed,tva&Expires=1770551015&ssig=awldWLp3Kb"
5263792160114564,1770498110,2026-02-07 21:01:50+08:00,QqLbq2ufj,期待肖战,0,0,1770540215779,山东,5263792160114564,https://wx1.sinaimg.cn/large/008titHply1ia2bahze2jj31jk2bbn9m.jpg,7761980471,莫听穿林打叶声fa,f,https://m.weibo.cn/u/7761980471?launchid=10000360-page_H5,"https://tvax1.sinaimg.cn/crop.0.0.609.609.180/008titHply8hpw4i9oa9wj30gx0gxt9t.jpg?KID=imgbed,tva&Expires=1770551015&ssig=6hVtMZ%2Bi4U"
5263792070983818,1770498088,2026-02-07 21:01:28+08:00,QqLbq2ufj,#肖战网络视听盛典全篇主讲人# ,0,0,1770540215789,中国台湾,5263792070983818,,5541017068,XZLOVETA,m,https://m.weibo.cn/u/5541017068?launchid=10000360-page_H5,"https://tvax2.sinaimg.cn/crop.0.0.1080.1080.180/0062ZxF2ly8i603doweasj30u00u0gpg.jpg?KID=imgbed,tva&Expires=1770551015&ssig=Ugakhi9t%2BO"
5263791216661498,1770497885,2026-02-07 20:58:05+08:00,QqLbq2ufj,超帥,0,0,1770540215798,中国台湾,5263791216661498,,7107250901,Anitaqu,f,https://m.weibo.cn/u/7107250901?launchid=10000360-page_H5,"https://tvax3.sinaimg.cn/crop.0.0.1080.1080.180/007KZiD3ly8i60h7bls5kj30u00u0772.jpg?KID=imgbed,tva&Expires=1770551015&ssig=f77kkrcBaE"
5263789264213403,1770497420,2026-02-07 20:50:20+08:00,QqLbq2ufj,好帅,0,0,1770540215806,广东,5263789264213403,,7120685153,兔兔要天天开心嗷,f,https://m.weibo.cn/u/7120685153?launchid=10000360-page_H5,"https://tvax3.sinaimg.cn/crop.0.0.1080.1080.180/007LTFuxly8ia2av5llzkj30u00u00vt.jpg?KID=imgbed,tva&Expires=1770551015&ssig=hB9nId3U8t"
5263774664624498,1770493939,2026-02-07 19:52:19+08:00,QqL3DtYtz,雪中红衣绝色！这雪景把氛围感拉满了,7,48,1770540245603,AI吃瓜罗伯特,5263774664624498,,5606716867,吃瓜罗伯特,f,https://m.weibo.cn/u/5606716867?launchid=10000360-page_H5,"https://tvax4.sinaimg.cn/crop.0.0.921.921.180/0067rdbdly8i7834vnb7hj30pl0pl404.jpg?KID=imgbed,tva&Expires=1770551045&ssig=1yme%2FvqFx6"
5263775280401858,1770494086,2026-02-07 19:54:46+08:00,QqL3DtYtz,田曦薇好美呀演技好状态好,1,299,1770540245612,吉林,5263775280401858,https://wx3.sinaimg.cn/large/008rZxqbly1ia29cp7khaj30xi20ue81.jpg,7742690211,小坂tt-长玉娇妻,f,https://m.weibo.cn/u/7742690211?launchid=10000360-page_H5,"https://tvax2.sinaimg.cn/crop.0.0.370.370.180/008rZxqbly8i9jpq4b6ivj30aa0aajrm.jpg?KID=imgbed,tva&Expires=1770551045&ssig=lnuvuRXuZQ"
5263775147232406,1770494054,2026-02-07 19:54:14+08:00,QqL3DtYtz,期待田曦薇嫁金钗,0,315,1770540245622,湖北,5263775147232406,,7331827753,祯贵喵,m,https://m.weibo.cn/u/7331827753?launchid=10000360-page_H5,"https://tvax2.sinaimg.cn/crop.0.0.1080.1080.180/0080bBklly8i7tp5zpnprj30u00u0n0h.jpg?KID=imgbed,tva&Expires=1770551045&ssig=q%2Feyf1Hwf3"
5263775512135239,1770494140,2026-02-07 19:55:40+08:00,QqL3DtYtz,期待田曦薇魏娆君黛,1,262,1770540245631,河南,5263775512135239,https://wx1.sinaimg.cn/large/007bPw0Ely1ia29dnyb17j32h84enkjn.jpg,6587747296,蛋挞妹v,f,https://m.weibo.cn/u/6587747296?launchid=10000360-page_H5,"https://tvax3.sinaimg.cn/crop.0.0.1080.1080.180/007bPw0Ely8ia1rny57cxj30u00u00vp.jpg?KID=imgbed,tva&Expires=1770551045&ssig=skoSdUfEYw"
5263776838588206,1770494457,2026-02-07 20:00:57+08:00,QqL3DtYtz,好美啊田曦薇🥰毛茸茸的小团子好可爱,1,269,1770540245640,山东,5263776838588206,https://wx2.sinaimg.cn/large/00834pzdly1ia29i36jr1j330c4ihqva.jpg,7374443259,Chineydy曦宇,f,https://m.weibo.cn/u/7374443259?launchid=10000360-page_H5,"https://tvax1.sinaimg.cn/crop.0.0.592.592.180/00834pzdly8hltfqc7x40j30gg0gg3zh.jpg?KID=imgbed,tva&Expires=1770551045&ssig=hLqJy42Ktu"
5263775452366140,1770494127,2026-02-07 19:55:27+08:00,QqL3DtYtz,只为魏娆的美貌尖叫,0,223,1770540245649,江西,5263775452366140,https://wx3.sinaimg.cn/large/008HiM8ygy1ia29dfdgn2j31h827ukjl.jpg,7968920050,喜喜睡了oO,f,https://m.weibo.cn/u/7968920050?launchid=10000360-page_H5,"https://tvax1.sinaimg.cn/crop.0.0.1080.1080.180/008HiM8yly8i9jj30hy8nj30u00u00vg.jpg?KID=imgbed,tva&Expires=1770551045&ssig=%2FGtOLyUSFl"
5263776601609277,1770494401,2026-02-07 20:00:01+08:00,QqL3DtYtz,期待田曦薇一人分饰两角的《嫁金钗》,1,219,1770540245658,江苏,5263776601609277,https://wx2.sinaimg.cn/large/008wamD9gy1ia29i6ueitj31a81xc7wi.jpg,7804375683,伊恬糯,f,https://m.weibo.cn/u/7804375683?launchid=10000360-page_H5,"https://tvax1.sinaimg.cn/crop.0.1.1078.1078.180/008wamD9ly8ia398l62hej30ty0u0adg.jpg?KID=imgbed,tva&Expires=1770551045&ssig=v6yw0fxAuE"
5263775789746838,1770494207,2026-02-07 19:56:47+08:00,QqL3DtYtz,哎呦田曦薇太漂亮了呀🥹好像一只毛茸茸的萌萌小兔子，我也想要亲亲魏娆宝宝🥰,1,182,1770540245667,山东,5263775789746838,https://wx1.sinaimg.cn/large/006fcpmQly1ia29etegh3j31gt277b29.jpg,5721399484,好梦都给我做,f,https://m.weibo.cn/u/5721399484?launchid=10000360-page_H5,"https://tvax3.sinaimg.cn/crop.0.0.1080.1080.180/006fcpmQly8i8uh8gjsl7j30u00u00w6.jpg?KID=imgbed,tva&Expires=1770551045&ssig=JtwlQ4pqOM"
5263776177718142,1770494300,2026-02-07 19:58:20+08:00,QqL3DtYtz,魏娆我也想抱抱你，受了那么多苦一定要狠狠幸福好不好🥹田曦薇好会演吧，每天情绪都给的这么到位，做她的对手戏演员好幸福哦🥰,1,140,1770540245677,山东,5263776177718142,https://wx4.sinaimg.cn/large/006fcpmQly1ia29fkg9c6j31in29ye81.jpg,5721399484,好梦都给我做,f,https://m.weibo.cn/u/5721399484?launchid=10000360-page_H5,"https://tvax3.sinaimg.cn/crop.0.0.1080.1080.180/006fcpmQly8i8uh8gjsl7j30u00u00w6.jpg?KID=imgbed,tva&Expires=1770551045&ssig=JtwlQ4pqOM"
5263776435667613,1770494360,2026-02-07 19:59:20+08:00,QqL3DtYtz,期待田曦薇并蒂双莲【魏娆＆君黛】,1,133,1770540245686,山东,5263776435667613,https://wx4.sinaimg.cn/large/00834pzdly1ia29hck1t0j32lr4mo7wm.jpg,7374443259,Chineydy曦宇,f,https://m.weibo.cn/u/7374443259?launchid=10000360-page_H5,"https://tvax1.sinaimg.cn/crop.0.0.592.592.180/00834pzdly8hltfqc7x40j30gg0gg3zh.jpg?KID=imgbed,tva&Expires=1770551045&ssig=hLqJy42Ktu"
5263775672566752,1770494178,2026-02-07 19:56:18+08:00,QqL3DtYtz,只期待田曦薇,1,113,1770540245695,吉林,5263775672566752,https://wx2.sinaimg.cn/large/008txBd4ly1ia29ebllizj31nw35sqv6.jpg,7765584262,鹿过蔷薇田-长玉猪肉摊VIP版,f,https://m.weibo.cn/u/7765584262?launchid=10000360-page_H5,"https://tvax4.sinaimg.cn/crop.0.0.1080.1080.180/008txBd4ly8i9jyoh7wy1j30u00u0goh.jpg?KID=imgbed,tva&Expires=1770551045&ssig=zV0CcDMUFD"
5263776547082047,1770494388,2026-02-07 19:59:48+08:00,QqL3DtYtz,魏娆就这样把我美翻了！,1,79,1770540245705,四川,5263776547082047,https://wx1.sinaimg.cn/large/008wHZaEgy1ia29hvbr37j30u0190tfb.jpg,7812388656,萌酷脸,f,https://m.weibo.cn/u/7812388656?launchid=10000360-page_H5,"https://tvax1.sinaimg.cn/crop.0.0.1080.1080.180/008wHZaEly8ia2el7h0hnj30u00u0n35.jpg?KID=imgbed,tva&Expires=1770551045&ssig=9mAYprQMri"
5263784461734334,1770496275,2026-02-07 20:31:15+08:00,QqL3DtYtz,期待田曦薇双女主君黛/魏娆,1,90,1770540245715,广东,5263784461734334,https://wx2.sinaimg.cn/large/008Dvxvvgy1ia2aeonljyj30s40u1n11.jpg,7912856733,阔晴依旧_约长玉散步中,f,https://m.weibo.cn/u/7912856733?launchid=10000360-page_H5,"https://tvax3.sinaimg.cn/crop.0.0.1080.1080.180/008Dvxvvly8i89gg3k21hj30u00u0abx.jpg?KID=imgbed,tva&Expires=1770551045&ssig=RRGLuQLLkE"
5263777931201516,1770494718,2026-02-07 20:05:18+08:00,QqL3DtYtz,田曦薇跑步戏的神，《嫁金钗》把爽点焊死了！替嫁逆袭+双生花恶女宅斗 这波我狠狠期待住,0,64,1770540245725,安徽,5263777931201516,https://wx1.sinaimg.cn/large/006xZ4tjly1ia29noc74ej321t3n8kjp.jpg,5998971281,专磕神颜,m,https://m.weibo.cn/u/5998971281?launchid=10000360-page_H5,"https://tvax1.sinaimg.cn/crop.0.0.1080.1080.180/006xZ4tjly8i4jy0kisb2j30u00u0n1m.jpg?KID=imgbed,tva&Expires=1770551045&ssig=BhZWrJ7TBi"
5263776389792374,1770494349,2026-02-07 19:59:09+08:00,QqL3DtYtz,田曦薇好美期待双生花魏娆君黛,1,42,1770540245734,江苏,5263776389792374,https://wx3.sinaimg.cn/large/008wamD9gy1ia29haeqq0j31in29y4qq.jpg,7804375683,伊恬糯,f,https://m.weibo.cn/u/7804375683?launchid=10000360-page_H5,"https://tvax1.sinaimg.cn/crop.0.1.1078.1078.180/008wamD9ly8ia398l62hej30ty0u0adg.jpg?KID=imgbed,tva&Expires=1770551045&ssig=v6yw0fxAuE"
5263778103167796,1770494759,2026-02-07 20:05:59+08:00,QqL3DtYtz,田曦薇好美期待田曦薇魏娆&amp;君黛《嫁金钗》,0,74,1770540245743,江苏,5263778103167796,https://wx1.sinaimg.cn/large/0092729Dgy1ia29odvio4j30xi05maas.jpg,8276424741,wei_an-,f,https://m.weibo.cn/u/8276424741?launchid=10000360-page_H5,"https://tvax3.sinaimg.cn/crop.0.0.960.960.180/0092729Dly8i7xulcqdntj30qo0qoq4t.jpg?KID=imgbed,tva&Expires=1770551045&ssig=GJcPCj07ln"
5263777709689008,1770494665,2026-02-07 20:04:25+08:00,QqL3DtYtz,田曦薇好美！！期待嫁金钗！期待魏娆！,1,37,1770540245753,安徽,5263777709689008,https://wx2.sinaimg.cn/large/008HprxWly1ia29kn8o5ij31in29ye81.jpg,7970509196,辣乌薇_也辣乌长玉版,f,https://m.weibo.cn/u/7970509196?launchid=10000360-page_H5,"https://tvax1.sinaimg.cn/crop.0.0.1080.1080.180/008HprxWly8i9wc4jz08lj30u00u0426.jpg?KID=imgbed,tva&Expires=1770551045&ssig=YS%2Flmxz%2BiG"
5263783812927888,1770496120,2026-02-07 20:28:40+08:00,QqL3DtYtz,期待闫桉陆濯,2,38,1770540245762,安徽,5263783812927888,https://wx1.sinaimg.cn/large/008GjYzGly1ia2ac01u0zj30u01907d0.jpg,7954429852,Yu_阿语_,f,https://m.weibo.cn/u/7954429852?launchid=10000360-page_H5,"https://tvax3.sinaimg.cn/crop.0.0.1080.1080.180/008GjYzGly8i9jvq2j6rmj30u00u0aez.jpg?KID=imgbed,tva&Expires=1770551045&ssig=bF5A3roLMZ"
5263777362087419,1770494582,2026-02-07 20:03:02+08:00,QqL3DtYtz,期待这个魏娆！田曦薇好会演啊啊啊啊啊宝宝亲我,0,39,1770540245772,四川,5263777362087419,,6037026506,下雨-武祯舔狗版,f,https://m.weibo.cn/u/6037026506?launchid=10000360-page_H5,"https://tvax4.sinaimg.cn/crop.0.0.1080.1080.180/006AyKngly8i8ok9d8b7ij30u00u0q5j.jpg?KID=imgbed,tva&Expires=1770551045&ssig=XzuJLkRI8z"
5263778746469745,1770494912,2026-02-07 20:08:32+08:00,QqL3DtYtz,今日闫桉柿子好帅好深情,1,28,1770540245781,黑龙江,5263778746469745,https://wx2.sinaimg.cn/large/007mdXRdly1ia29r1mmilj31400qoq7z.jpg,6741337575,日晗朝露月晗曦,f,https://m.weibo.cn/u/6741337575?launchid=10000360-page_H5,"https://tvax3.sinaimg.cn/crop.0.0.1080.1080.180/007mdXRdly8i5ndd88a1vj30u00u0dkr.jpg?KID=imgbed,tva&Expires=1770551045&ssig=UyOaLcNter"
5262354829019718,1770155424,2026-02-03 21:50:24+08:00,Qqa52ziFh,敖瑞鹏真棒，期待岑森《不二之臣》,1,296,1770542054887,四川,5262354829019718,https://wx2.sinaimg.cn/large/00602gX0gy1i9xq7szs1wj30k00zkmyp.jpg,5497338810,-MinMinmiu,f,https://m.weibo.cn/u/5497338810?launchid=10000360-page_H5,"https://tvax4.sinaimg.cn/crop.0.0.1080.1080.180/00602gX0ly8i9ggu81km3j30u00u0gn3.jpg?KID=imgbed,tva&Expires=1770552854&ssig=HY%2FR39RV3j"
5262352939483789,1770154972,2026-02-03 21:42:52+08:00,Qqa52ziFh,期待敖瑞鹏岑森,0,214,1770542054897,江苏,5262352939483789,https://wx3.sinaimg.cn/large/008HhhB8gy1i9xpzz4rr6j30u01hcwjn.jpg,7968564330,玫梵桡,f,https://m.weibo.cn/u/7968564330?launchid=10000360-page_H5,"https://tvax2.sinaimg.cn/crop.0.0.1080.1080.180/008HhhB8ly8i0h40fwahwj30u00u0jsy.jpg?KID=imgbed,tva&Expires=1770552854&ssig=6A6zOEvigI"
5262360739585250,1770156833,2026-02-03 22:13:53+08:00,Qqa52ziFh,期待敖瑞鹏岑森,1,126,1770542054907,贵州,5262360739585250,https://wx4.sinaimg.cn/large/00831XAQgy1i9xqw8qt5nj31i42o8b2a.jpg,7373859072,木束薪,f,https://m.weibo.cn/u/7373859072?launchid=10000360-page_H5,"https://tvax4.sinaimg.cn/crop.0.0.1080.1080.180/00831XAQly8i807027mkvj30u00u0tag.jpg?KID=imgbed,tva&Expires=1770552854&ssig=qlI%2Fv%2FkzPb"
5262355277809993,1770155531,2026-02-03 21:52:11+08:00,Qqa52ziFh,敖瑞鹏岑森权威，期待不二之臣早日播出,0,103,1770542054917,陕西,5262355277809993,https://wx2.sinaimg.cn/large/007lFjAuly1i9xq9nh5dbj31o035s1ky.jpg,6733079626,Davril_,f,https://m.weibo.cn/u/6733079626?launchid=10000360-page_H5,"https://tvax3.sinaimg.cn/crop.0.0.1080.1080.180/007lFjAuly8i0grktzcooj30u00u00wn.jpg?KID=imgbed,tva&Expires=1770552854&ssig=yV8RMRCVvi"
5262355571414521,1770155601,2026-02-03 21:53:21+08:00,Qqa52ziFh,敖瑞鹏好棒期待岑森,0,88,1770542054926,河南,5262355571414521,https://wx2.sinaimg.cn/large/0076NZfQly1i9xqavoag1j30u0190gqu.jpg,6513501378,Ysyk30,f,https://m.weibo.cn/u/6513501378?launchid=10000360-page_H5,"https://tvax4.sinaimg.cn/crop.0.0.1080.1080.180/0076NZfQly8i9pmifjka4j30u00u0wfr.jpg?KID=imgbed,tva&Expires=1770552854&ssig=5VSTyyasBd"
5262365509812252,1770157969,2026-02-03 22:32:49+08:00,Qqa52ziFh,没有不期待岑森的义务 就这个不二之臣爽,1,68,1770542054935,河南,5262365509812252,https://wx2.sinaimg.cn/large/008wdEg3ly1i9xrfwhrvgj31jk26lk9c.jpg,7805158427,勿忘柑栀_,f,https://m.weibo.cn/u/7805158427?launchid=10000360-page_H5,"https://tvax2.sinaimg.cn/crop.0.0.1080.1080.180/008wdEg3ly8i8xhpeak4pj30u00u0wic.jpg?KID=imgbed,tva&Expires=1770552854&ssig=XJmwaqTSBb"
5262355577700380,1770155601,2026-02-03 21:53:21+08:00,Qqa52ziFh,💕💕冷面如刃，他的眼神自带锋芒✨； 孤独如夜，他的举止尽显克制； 深情如火🔥，他终将燃尽守护所爱。三重矛盾的灵魂，落在@敖瑞鹏的微博 身上——少年底色与锋锐气质并存，他就是岑森最令人信服的答案💕💕,0,57,1770542054945,江苏,5262355577700380,https://wx3.sinaimg.cn/large/006K9Qaygy1i9xqav1ndpj31jk2qrhdu.jpg,6178853942,盆盆要幸运,f,https://m.weibo.cn/u/6178853942?launchid=10000360-page_H5,"https://tvax2.sinaimg.cn/crop.0.0.960.960.180/006K9Qayly8i95k4q2ko2j30qo0qo75q.jpg?KID=imgbed,tva&Expires=1770552854&ssig=SIVfYZpesn"
5262365381886538,1770157939,2026-02-03 22:32:19+08:00,Qqa52ziFh,期待敖瑞鹏岑森,1,34,1770542054954,福建,5262365381886538,https://wx4.sinaimg.cn/large/008Ij3zzgy1i9xrfc9xjsj30u01hc435.jpg,7983763409,风华猫语,f,https://m.weibo.cn/u/7983763409?launchid=10000360-page_H5,"https://tvax2.sinaimg.cn/crop.0.0.964.964.180/008Ij3zzly8i13yrsz9jrj30qs0qsq5f.jpg?KID=imgbed,tva&Expires=1770552854&ssig=ddI1pjJkK%2B"
5262357777351679,1770156127,2026-02-03 22:02:07+08:00,Qqa52ziFh,敖瑞鹏的岑森就是这么权威,0,26,1770542054964,上海,5262357777351679,https://wx4.sinaimg.cn/large/006orMV5gy1i9xqjyxs95j31jt2r7e81.jpg,5858051963,草莓巴巴露亚_,f,https://m.weibo.cn/u/5858051963?launchid=10000360-page_H5,"https://tvax2.sinaimg.cn/crop.0.0.1080.1080.180/006orMV5ly8i92judbt7rj30u00u0tal.jpg?KID=imgbed,tva&Expires=1770552854&ssig=jdxpbHKO3s"
5262385688085523,1770162781,2026-02-03 23:53:01+08:00,Qqa52ziFh,不二之臣因敖瑞鹏岑森而伟大,1,27,1770542054974,内蒙古,5262385688085523,https://wx4.sinaimg.cn/large/c04c3671ly1i9xtr1qsl2j21o02yoaof.jpg,3226220145,仲元小铃铛,f,https://m.weibo.cn/u/3226220145?launchid=10000360-page_H5,"https://tvax1.sinaimg.cn/crop.0.0.941.941.180/c04c3671ly1h8cxsgtegmj20q50q5dj6.jpg?KID=imgbed,tva&Expires=1770552854&ssig=JziFXwg%2BZ3"
5262357553221927,1770156073,2026-02-03 22:01:13+08:00,Qqa52ziFh,鲜藕最严厉的父亲来了！,1,31,1770542054983,安徽,5262357553221927,https://wx3.sinaimg.cn/large/008I7UHyly1i9xqj217oaj313d1xxkjl.jpg,7981107700,珠珠_未被敖瑞鹏翻牌版,f,https://m.weibo.cn/u/7981107700?launchid=10000360-page_H5,"https://tvax1.sinaimg.cn/crop.0.0.1080.1080.180/008I7UHyly8ia31bu5r71j30u00u076m.jpg?KID=imgbed,tva&Expires=1770552854&ssig=nrAf7Wqsod"
5262388035323755,1770163341,2026-02-04 00:02:21+08:00,Qqa52ziFh,期待敖瑞鹏，主要是这几天的路透杀疯了吧。太帅了。现偶的神 查看图片,0,12,1770542054992,湖北,5262388035323755,https://wx4.sinaimg.cn/large/6df99866gy1i9xu0w8ropj21g7234tmg.jpg,1845074022,Nini娜娜子,f,https://m.weibo.cn/u/1845074022?launchid=10000360-page_H5,"https://tvax3.sinaimg.cn/crop.0.0.994.994.180/6df99866ly8i8k0mwdi8rj20rm0rmwfv.jpg?KID=imgbed,tva&Expires=1770552854&ssig=DIeOIzGZfn"
5262359329506778,1770156497,2026-02-03 22:08:17+08:00,Qqa52ziFh,就这个敖瑞鹏岑森权威,0,18,1770542055003,四川,5262359329506778,https://wx4.sinaimg.cn/large/008vSDQ7gy1i9xqqemkstj30u018v7f9.jpg,7800151931,兰苑琴心,m,https://m.weibo.cn/u/7800151931?launchid=10000360-page_H5,"https://tvax3.sinaimg.cn/crop.0.0.1024.1024.180/008vSDQ7ly8hy33aquobmj30sg0sgjty.jpg?KID=imgbed,tva&Expires=1770552854&ssig=K%2FknZ0SdcG"
5262357937789515,1770156165,2026-02-03 22:02:45+08:00,Qqa52ziFh,敖瑞鹏好棒，期待不二之臣,0,15,1770542055013,湖南,5262357937789515,https://wx3.sinaimg.cn/large/007TJFoXgy1i9xqkn05vej30u018zjyd.jpg,7236512215,梅巷柿籽,f,https://m.weibo.cn/u/7236512215?launchid=10000360-page_H5,"https://tvax4.sinaimg.cn/crop.0.0.1080.1080.180/007TJFoXly8i9ykmsm1m6j30u00u0my7.jpg?KID=imgbed,tva&Expires=1770552854&ssig=MfVCuAeHgB"
5262370632892618,1770159191,2026-02-03 22:53:11+08:00,Qqa52ziFh,敖瑞鵬厲害,0,6,1770542055022,中国台湾,5262370632892618,,7069276446,-一雁-,f,https://m.weibo.cn/u/7069276446?launchid=10000360-page_H5,"https://tvax1.sinaimg.cn/crop.0.0.1024.1024.180/007IpXJQly8i931u2bfcdj30sg0sg0wm.jpg?KID=imgbed,tva&Expires=1770552854&ssig=5XSQeQDDkd"
5262798903050656,1770261299,2026-02-05 03:14:59+08:00,Qqa52ziFh,敖瑞鹏好棒 期待敖瑞鹏岑森,1,2,1770542055032,内蒙古,5262798903050656,https://wx2.sinaimg.cn/large/008CyGyKly1i9z57u8mn3j31i42o87q9.jpg,7898830178,吾系天之饺子,f,https://m.weibo.cn/u/7898830178?launchid=10000360-page_H5,"https://tvax1.sinaimg.cn/crop.0.0.1080.1080.180/008CyGyKly8i9yzbv6jbpj30u00u0whz.jpg?KID=imgbed,tva&Expires=1770552854&ssig=5UPSmlSKC%2B"
5262356175127943,1770155745,2026-02-03 21:55:45+08:00,Qqa52ziFh,期待敖瑞鹏岑森,1,18,1770542055041,甘肃,5262356175127943,,7987536543,千瑞冬忆桉_Zer,f,https://m.weibo.cn/u/7987536543?launchid=10000360-page_H5,"https://tvax4.sinaimg.cn/crop.0.0.1080.1080.180/008IyT8zly8i9hfdbiup1j30u00u041l.jpg?KID=imgbed,tva&Expires=1770552854&ssig=%2BnpGLpInjo"
5262694813008068,1770236481,2026-02-04 20:21:21+08:00,Qqa52ziFh,期待敖瑞鹏岑森岑总,1,1,1770542055051,河北,5262694813008068,,6827388128,椿茶栀士,f,https://m.weibo.cn/u/6827388128?launchid=10000360-page_H5,"https://tvax1.sinaimg.cn/crop.0.0.1080.1080.180/007s31xmly8i6fr9s6mwsj30u00u041q.jpg?KID=imgbed,tva&Expires=1770552854&ssig=96a6%2F2PKLu"
5262360388571525,1770156749,2026-02-03 22:12:29+08:00,Qqa52ziFh,敖瑞鹏好棒，燥候不二之臣岑森男神,1,11,1770542055061,广东,5262360388571525,https://wx4.sinaimg.cn/large/0079qwLtgy1i9xqusbqzgj30qo1bftfu.jpg,6552239327,echoweixun,f,https://m.weibo.cn/u/6552239327?launchid=10000360-page_H5,"https://tvax2.sinaimg.cn/crop.0.0.1080.1080.180/0079qwLtly8i939wtw038j30u00u0wgf.jpg?KID=imgbed,tva&Expires=1770552854&ssig=RgUy%2Bows5S"
5262364511573637,1770157732,2026-02-03 22:28:52+08:00,Qqa52ziFh,敖瑞鹏棒期待不二之臣,0,8,1770542055070,重庆,5262364511573637,https://wx4.sinaimg.cn/large/006j7sThgy1i9xrbu5qxhj30u01hbae0.jpg,5779326731,海棠溪与江北城,f,https://m.weibo.cn/u/5779326731?launchid=10000360-page_H5,"https://tvax3.sinaimg.cn/crop.0.0.1080.1080.180/006j7sThly8i0pzv14elgj30u00u0myo.jpg?KID=imgbed,tva&Expires=1770552854&ssig=1FZlGFFWmi"
5262354870960528,1770155433,2026-02-03 21:50:33+08:00,Qqa52ziFh,@一颗红芋圆,0,0,1770542108446,四川,5262354829019718,,5497338810,-MinMinmiu,f,https://m.weibo.cn/u/5497338810?launchid=10000360-page_H5,"https://tvax4.sinaimg.cn/crop.0.0.1080.1080.180/00602gX0ly8i9ggu81km3j30u00u0gn3.jpg?KID=imgbed,tva&Expires=1770552854&ssig=HY%2FR39RV3j"
5262360791221135,1770156844,2026-02-03 22:14:04+08:00,Qqa52ziFh,@一颗红芋圆,0,0,1770542108462,贵州,5262360739585250,,7373859072,木束薪,f,https://m.weibo.cn/u/7373859072?launchid=10000360-page_H5,"https://tvax4.sinaimg.cn/crop.0.0.1080.1080.180/00831XAQly8i807027mkvj30u00u0tag.jpg?KID=imgbed,tva&Expires=1770552854&ssig=qlI%2Fv%2FkzPb"
5262365543367069,1770157977,2026-02-03 22:32:57+08:00,Qqa52ziFh,@一颗红芋圆,0,0,1770542108480,河南,5262365509812252,,7805158427,勿忘柑栀_,f,https://m.weibo.cn/u/7805158427?launchid=10000360-page_H5,"https://tvax2.sinaimg.cn/crop.0.0.1080.1080.180/008wdEg3ly8i8xhpeak4pj30u00u0wic.jpg?KID=imgbed,tva&Expires=1770552854&ssig=XJmwaqTSBb"
5262365406794871,1770157946,2026-02-03 22:32:26+08:00,Qqa52ziFh,@一颗红芋圆,0,0,1770542108497,福建,5262365381886538,,7983763409,风华猫语,f,https://m.weibo.cn/u/7983763409?launchid=10000360-page_H5,"https://tvax2.sinaimg.cn/crop.0.0.964.964.180/008Ij3zzly8i13yrsz9jrj30qs0qsq5f.jpg?KID=imgbed,tva&Expires=1770552854&ssig=ddI1pjJkK%2B"
5262385717444865,1770162787,2026-02-03 23:53:07+08:00,Qqa52ziFh,@一颗红芋圆,0,0,1770542108513,内蒙古,5262385688085523,,3226220145,仲元小铃铛,f,https://m.weibo.cn/u/3226220145?launchid=10000360-page_H5,"https://tvax1.sinaimg.cn/crop.0.0.941.941.180/c04c3671ly1h8cxsgtegmj20q50q5dj6.jpg?KID=imgbed,tva&Expires=1770552854&ssig=JziFXwg%2BZ3"
5262357586775469,1770156081,2026-02-03 22:01:21+08:00,Qqa52ziFh,@一颗红芋圆,0,0,1770542108531,安徽,5262357553221927,,7981107700,珠珠_未被敖瑞鹏翻牌版,f,https://m.weibo.cn/u/7981107700?launchid=10000360-page_H5,"https://tvax1.sinaimg.cn/crop.0.0.1080.1080.180/008I7UHyly8ia31bu5r71j30u00u076m.jpg?KID=imgbed,tva&Expires=1770552854&ssig=nrAf7Wqsod"
5262798961770579,1770261312,2026-02-05 03:15:12+08:00,Qqa52ziFh,@一颗红芋圆,0,0,1770542108547,内蒙古,5262798903050656,,7898830178,吾系天之饺子,f,https://m.weibo.cn/u/7898830178?launchid=10000360-page_H5,"https://tvax1.sinaimg.cn/crop.0.0.1080.1080.180/008CyGyKly8i9yzbv6jbpj30u00u0whz.jpg?KID=imgbed,tva&Expires=1770552854&ssig=5UPSmlSKC%2B"
5262356229915729,1770155758,2026-02-03 21:55:58+08:00,Qqa52ziFh,@一颗红芋圆,0,0,1770542108565,甘肃,5262356175127943,,7987536543,千瑞冬忆桉_Zer,f,https://m.weibo.cn/u/7987536543?launchid=10000360-page_H5,"https://tvax4.sinaimg.cn/crop.0.0.1080.1080.180/008IyT8zly8i9hfdbiup1j30u00u041l.jpg?KID=imgbed,tva&Expires=1770552854&ssig=%2BnpGLpInjo"
5262694845251867,1770236489,2026-02-04 20:21:29+08:00,Qqa52ziFh,@一颗红芋圆,0,0,1770542108583,河北,5262694813008068,,6827388128,椿茶栀士,f,https://m.weibo.cn/u/6827388128?launchid=10000360-page_H5,"https://tvax1.sinaimg.cn/crop.0.0.1080.1080.180/007s31xmly8i6fr9s6mwsj30u00u041q.jpg?KID=imgbed,tva&Expires=1770552854&ssig=96a6%2F2PKLu"
5262360434180887,1770156760,2026-02-03 22:12:40+08:00,Qqa52ziFh,@一颗红芋圆,0,0,1770542108599,广东,5262360388571525,,6552239327,echoweixun,f,https://m.weibo.cn/u/6552239327?launchid=10000360-page_H5,"https://tvax2.sinaimg.cn/crop.0.0.1080.1080.180/0079qwLtly8i939wtw038j30u00u0wgf.jpg?KID=imgbed,tva&Expires=1770552854&ssig=RgUy%2Bows5S"
5262363750042483,1770157551,2026-02-03 22:25:51+08:00,Qqa52ziFh,期待敖瑞鹏,0,6,1770542444944,福建,5262363750042483,,2133581263,挨训少女mayu酱,f,https://m.weibo.cn/u/2133581263?launchid=10000360-page_H5,"https://tva3.sinaimg.cn/crop.0.0.1242.1242.180/7f2bddcfjw8f1dtauh97uj20yi0yiq5r.jpg?KID=imgbed,tva&Expires=1770553244&ssig=ib8%2BEQHCMo"
5262414037648628,1770169540,2026-02-04 01:45:40+08:00,Qqa52ziFh,期待敖瑞鹏岑森,1,2,1770542444953,内蒙古,5262414037648628,https://wx1.sinaimg.cn/large/007UFHQIly1i9xx0lhcvjj31o035s1ky.jpg,7250344648,敖一碗西洲,f,https://m.weibo.cn/u/7250344648?launchid=10000360-page_H5,"https://tvax2.sinaimg.cn/crop.0.0.1080.1080.180/007UFHQIly8i9ytznixloj30u00u0gng.jpg?KID=imgbed,tva&Expires=1770553244&ssig=OPGG%2F3UucI"
5262366923297228,1770158307,2026-02-03 22:38:27+08:00,Qqa52ziFh,,0,1,1770542444963,浙江,5262366923297228,,7531869103,耶啵不爱脸红,m,https://m.weibo.cn/u/7531869103?launchid=10000360-page_H5,"https://tvax3.sinaimg.cn/crop.0.0.1080.1080.180/008dIXdJly8i06uuzxqr1j30u00u0jv2.jpg?KID=imgbed,tva&Expires=1770553244&ssig=6%2Bec649hAg"
5262384858140021,1770162583,2026-02-03 23:49:43+08:00,Qqa52ziFh,期待敖瑞鹏不二之臣,0,4,1770542444972,陕西,5262384858140021,,7783569629,小敖嗷嗷cute_,f,https://m.weibo.cn/u/7783569629?launchid=10000360-page_H5,"https://tvax3.sinaimg.cn/crop.0.0.1080.1080.180/008uL41Dly8i6hob1940dj30u00u0q5j.jpg?KID=imgbed,tva&Expires=1770553244&ssig=iUT9L0R6hY"
5262369802683902,1770158994,2026-02-03 22:49:54+08:00,Qqa52ziFh,期待敖瑞鹏岑森期待不二之臣,0,3,1770542444981,重庆,5262369802683902,https://wx3.sinaimg.cn/large/68f182fegy1i9xrxpkt99j21jk2qrx6c.jpg,1760658174,Summer_盛夏xp,m,https://m.weibo.cn/u/1760658174?launchid=10000360-page_H5,"https://tvax1.sinaimg.cn/crop.0.0.1080.1080.180/68f182fely8hunbyar8ajj20u00u0tg6.jpg?KID=imgbed,tva&Expires=1770553244&ssig=iHRSCr8PpT"
5262386166235254,1770162894,2026-02-03 23:54:54+08:00,Qqa52ziFh,因为昨天的路透吧,0,2,1770542444991,福建,5262386166235254,,1963193503,Vnnicky,f,https://m.weibo.cn/u/1963193503?launchid=10000360-page_H5,"https://tvax1.sinaimg.cn/crop.0.0.719.719.180/7503f49fly8hxnfxtxemnj20jz0jzt98.jpg?KID=imgbed,tva&Expires=1770553244&ssig=nDiiLcpqau"
5262365960441747,1770158078,2026-02-03 22:34:38+08:00,Qqa52ziFh,敖瑞鹏好棒期待岑森,0,2,1770542445000,浙江,5262365960441747,,7930533135,你的鹏来了,f,https://m.weibo.cn/u/7930533135?launchid=10000360-page_H5,"https://tvax1.sinaimg.cn/crop.0.0.1080.1080.180/008EHHWLly8i7xr7yw6g6j30u00u0gol.jpg?KID=imgbed,tva&Expires=1770553244&ssig=M%2FsUQylwO6"
5262359440660741,1770156523,2026-02-03 22:08:43+08:00,Qqa52ziFh,期待敖瑞鹏不二之臣岑森,1,6,1770542445010,四川,5262359440660741,https://wx4.sinaimg.cn/large/008Ix7yBgy1i9xqqvcgxfj30u01hcwo7.jpg,7987115317,喜欢唱歌的老阿姨,f,https://m.weibo.cn/u/7987115317?launchid=10000360-page_H5,"https://tvax2.sinaimg.cn/crop.0.0.1080.1080.180/008Ix7yBly8i6rt1x4mgkj30u00u00ui.jpg?KID=imgbed,tva&Expires=1770553244&ssig=Bm3zLuOJ9e"
5262424599167147,1770172057,2026-02-04 02:27:37+08:00,Qqa52ziFh,敖瑞鹏剧抛脸👍🏻敖瑞鹏可塑性强👍🏻敖瑞鹏体验派演员👍🏻敖瑞鹏变色龙演技👍🏻敖瑞鹏实力扛剧👍🏻苏神泽世敖瑞鹏🥰郎艳独绝敖瑞鹏😍真诚热血敖瑞鹏🔥BG之光敖瑞鹏👑@敖瑞鹏的微博,0,1,1770542445019,四川,5262424599167147,,6291569181,创业板的神,m,https://m.weibo.cn/u/6291569181?launchid=10000360-page_H5,"https://tvax4.sinaimg.cn/crop.0.0.375.375.180/006RMMyhly8h3zq73bjq0j30af0af3yt.jpg?KID=imgbed,tva&Expires=1770553244&ssig=97Zpj9gbd4"
5262424494310277,1770172033,2026-02-04 02:27:13+08:00,Qqa52ziFh,💓敖瑞鹏大帅哥💓敖瑞鹏演技派💓敖瑞鹏正能量💓敖瑞鹏大帅哥💓敖瑞鹏演技派💓敖瑞鹏正能量💓敖瑞鹏大帅哥💓敖瑞鹏演技派💓敖瑞鹏正能量💓敖瑞鹏大帅哥💓敖瑞鹏演技派💓敖瑞鹏正能量💓@敖瑞鹏的微博,0,1,1770542445029,四川,5262424494310277,,6291569181,创业板的神,m,https://m.weibo.cn/u/6291569181?launchid=10000360-page_H5,"https://tvax4.sinaimg.cn/crop.0.0.375.375.180/006RMMyhly8h3zq73bjq0j30af0af3yt.jpg?KID=imgbed,tva&Expires=1770553244&ssig=97Zpj9gbd4"
5262424447910076,1770172021,2026-02-04 02:27:01+08:00,Qqa52ziFh,敖瑞鹏狐系花美男🌸敖瑞鹏演技实力派 敖瑞鹏狐系花美男🌸敖瑞鹏演技实力派 敖瑞鹏狐系花美男🌸敖瑞鹏演技实力派 敖瑞鹏狐系花美男🌸敖瑞鹏演技实力派 敖瑞鹏狐系花美男🌸敖瑞鹏演技实力派 敖瑞鹏狐系花美男🌸敖瑞鹏演技实力派 @敖瑞鹏的微博,0,1,1770542445038,四川,5262424447910076,,6291569181,创业板的神,m,https://m.weibo.cn/u/6291569181?launchid=10000360-page_H5,"https://tvax4.sinaimg.cn/crop.0.0.375.375.180/006RMMyhly8h3zq73bjq0j30af0af3yt.jpg?KID=imgbed,tva&Expires=1770553244&ssig=97Zpj9gbd4"
5262363511229958,1770157494,2026-02-03 22:24:54+08:00,Qqa52ziFh,✨✨✨💓💓✨✨✨💓💓✨✨✨  ✨✨💓💓💓💓💓💓💓💓💓✨✨  ✨✨💓    @敖瑞鹏的微博    💓✨✨ ✨✨✨️💓💓宜古宜今💓💓✨✨✨ ✨✨✨✨💓人戏双绝💓✨✨✨✨ ✨✨✨✨✨💓💓💓✨✨✨✨✨ ✨✨✨✨✨✨💓✨✨✨✨✨✨🌟,0,5,1770542445049,辽宁,5262363511229958,,3699903314,清梦无痕_诗诗,f,https://m.weibo.cn/u/3699903314?launchid=10000360-page_H5,"https://tvax1.sinaimg.cn/crop.0.0.1080.1080.180/dc880b52ly8i9310go4pcj20u00u0q6e.jpg?KID=imgbed,tva&Expires=1770553244&ssig=T2jF%2BSAk7d"
5262832803512718,1770269382,2026-02-05 05:29:42+08:00,Qqa52ziFh,敖瑞鹏岑森,0,0,1770542445059,河北,5262832803512718,,7891314492,剁剁你的小鸡爪x,m,https://m.weibo.cn/u/7891314492?launchid=10000360-page_H5,"https://tvax2.sinaimg.cn/crop.0.0.1080.1080.180/008C39o0ly8i4uqgran0qj30u00u0ad5.jpg?KID=imgbed,tva&Expires=1770553244&ssig=dj0%2Fc9kgaF"
5262684230519582,1770233959,2026-02-04 19:39:19+08:00,Qqa52ziFh,💓敖瑞鹏大帅哥💓敖瑞鹏演技派💓敖瑞鹏正能量💓敖瑞鹏大帅哥💓敖瑞鹏演技派💓敖瑞鹏正能量💓敖瑞鹏大帅哥💓敖瑞鹏演技派💓敖瑞鹏正能量💓敖瑞鹏大帅哥💓敖瑞鹏演技派💓敖瑞鹏正能量💓@敖瑞鹏的微博,0,0,1770542445068,四川,5262684230519582,,6291569181,创业板的神,m,https://m.weibo.cn/u/6291569181?launchid=10000360-page_H5,"https://tvax4.sinaimg.cn/crop.0.0.375.375.180/006RMMyhly8h3zq73bjq0j30af0af3yt.jpg?KID=imgbed,tva&Expires=1770553244&ssig=97Zpj9gbd4"
5262684197230318,1770233951,2026-02-04 19:39:11+08:00,Qqa52ziFh,🌌宇宙级美貌持有者敖瑞鹏🌸生图即精修的神颜敖瑞鹏💯 突破一二三次元行走的艺术品🦋每个细胞都完美到犯规 ✨女娲毕设敖瑞鹏 👑 人类俊美的巅峰敖瑞鹏 💥 演技 ✔️ 颜值 ✔️ 人品 ✔️ 综艺感 ✔️ 敖瑞鹏此男——360度无死角的宇宙奇迹🏆🏆🏆@敖瑞鹏的微博,0,0,1770542445078,四川,5262684197230318,,6291569181,创业板的神,m,https://m.weibo.cn/u/6291569181?launchid=10000360-page_H5,"https://tvax4.sinaimg.cn/crop.0.0.375.375.180/006RMMyhly8h3zq73bjq0j30af0af3yt.jpg?KID=imgbed,tva&Expires=1770553244&ssig=97Zpj9gbd4"
5262684176255432,1770233946,2026-02-04 19:39:06+08:00,Qqa52ziFh,敖瑞鹏👑你有这样一张伟大的脸进入内娱😍雕塑般的五官🦋太平洋宽肩🌊建模脸➕漫画身材的完美结合💯每次出现都让镜头疯狂心动💘连呼吸都在散发魅力的宇宙宙草敖瑞鹏🌿——🌍地球已经无法承载的美貌冲击💥💥@敖瑞鹏的微博,0,0,1770542445089,四川,5262684176255432,,6291569181,创业板的神,m,https://m.weibo.cn/u/6291569181?launchid=10000360-page_H5,"https://tvax4.sinaimg.cn/crop.0.0.375.375.180/006RMMyhly8h3zq73bjq0j30af0af3yt.jpg?KID=imgbed,tva&Expires=1770553244&ssig=97Zpj9gbd4"
5262642031889189,1770223898,2026-02-04 16:51:38+08:00,Qqa52ziFh,敖瑞鹏，牛哇,0,0,1770542445098,重庆,5262642031889189,,1211260807,宝宝鱼Bobbie,f,https://m.weibo.cn/u/1211260807?launchid=10000360-page_H5,"https://tvax4.sinaimg.cn/crop.0.0.512.512.180/48325f87ly8i0rw2crni4j20e80e8t9e.jpg?KID=imgbed,tva&Expires=1770553244&ssig=Fs6A0qQPNx"
5262594590114530,1770212587,2026-02-04 13:43:07+08:00,Qqa52ziFh,期待敖瑞鹏,0,0,1770542445107,湖北,5262594590114530,,7884474861,雪雾_Camellia,f,https://m.weibo.cn/u/7884474861?launchid=10000360-page_H5,"https://tvax4.sinaimg.cn/crop.0.0.1080.1080.180/008BAs5nly8hz9jqfrwb7j30u00u0n1a.jpg?KID=imgbed,tva&Expires=1770553244&ssig=JQxxkip0JB"
5262590823106003,1770211689,2026-02-04 13:28:09+08:00,Qqa52ziFh,期待敖瑞鹏,0,0,1770542445117,贵州,5262590823106003,,7264805281,Syi-A,f,https://m.weibo.cn/u/7264805281?launchid=10000360-page_H5,"https://tvax2.sinaimg.cn/crop.0.0.1080.1080.180/007VEnIJly8i926y46cq5j30u00u0tcq.jpg?KID=imgbed,tva&Expires=1770553244&ssig=EAk4%2Bbdp06"
5262586650035013,1770210694,2026-02-04 13:11:34+08:00,Qqa52ziFh,太期待了,0,0,1770542445127,天津,5262586650035013,,7787878380,为了自由与浪漫,f,https://m.weibo.cn/u/7787878380?launchid=10000360-page_H5,"https://tvax1.sinaimg.cn/crop.0.0.1080.1080.180/008v38VCly8i480sxihmrj30u00u0aba.jpg?KID=imgbed,tva&Expires=1770553244&ssig=0sDxg3iCHN"
5262414095320745,1770169554,2026-02-04 01:45:54+08:00,Qqa52ziFh,@一颗红芋圆,0,0,1770542458123,内蒙古,5262414037648628,,7250344648,敖一碗西洲,f,https://m.weibo.cn/u/7250344648?launchid=10000360-page_H5,"https://tvax2.sinaimg.cn/crop.0.0.1080.1080.180/007UFHQIly8i9ytznixloj30u00u0gng.jpg?KID=imgbed,tva&Expires=1770553244&ssig=OPGG%2F3UucI"
5262359473951756,1770156531,2026-02-03 22:08:51+08:00,Qqa52ziFh,@一颗红芋圆,0,0,1770542458141,四川,5262359440660741,,7987115317,喜欢唱歌的老阿姨,f,https://m.weibo.cn/u/7987115317?launchid=10000360-page_H5,"https://tvax2.sinaimg.cn/crop.0.0.1080.1080.180/008Ix7yBly8i6rt1x4mgkj30u00u00ui.jpg?KID=imgbed,tva&Expires=1770553244&ssig=Bm3zLuOJ9e"
5262573752550988,1770207619,2026-02-04 12:20:19+08:00,Qqa52ziFh,就那几张路透呗  够帅,0,0,1770542458850,陕西,5262573752550988,,1272430140,一颗椰子___,f,https://m.weibo.cn/u/1272430140?launchid=10000360-page_H5,"https://tvax4.sinaimg.cn/crop.0.0.996.996.180/4bd7be3cly8gv3o9jhtfwj20ro0rodh8.jpg?KID=imgbed,tva&Expires=1770553258&ssig=E%2BmhHO6fDk"
5262408687814352,1770168265,2026-02-04 01:24:25+08:00,Qqa52ziFh,期待(✧◡✧),0,0,1770542458859,江苏,5262408687814352,,7313008552,在敖敖敖敖敖敖叫,f,https://m.weibo.cn/u/7313008552?launchid=10000360-page_H5,"https://tvax4.sinaimg.cn/crop.0.0.976.976.180/007YUDAQly8i1fh7n2p7tj30r40r4gn3.jpg?KID=imgbed,tva&Expires=1770553258&ssig=4nv%2B3Qd0WH"
5262401406503398,1770166529,2026-02-04 00:55:29+08:00,Qqa52ziFh,敖瑞鹏牛比,0,1,1770542458869,江西,5262401406503398,,7932908152,旺仔小嗷嗷,f,https://m.weibo.cn/u/7932908152?launchid=10000360-page_H5,"https://tvax1.sinaimg.cn/crop.0.0.1080.1080.180/008ERFNuly8i5lud7wgl9j30u00u0gmu.jpg?KID=imgbed,tva&Expires=1770553258&ssig=BzuV3UtrvY"
5262383323025300,1770162217,2026-02-03 23:43:37+08:00,Qqa52ziFh,哈哈哈哈审美,0,1,1770542458879,北京,5262383323025300,,1869524381,raO_Ora,m,https://m.weibo.cn/u/1869524381?launchid=10000360-page_H5,"https://tvax2.sinaimg.cn/crop.0.0.878.878.180/6f6ead9dly8i8ol7pdgs7j20oe0oejsx.jpg?KID=imgbed,tva&Expires=1770553258&ssig=N3ZPmCi%2BVu"
5262376045384279,1770160482,2026-02-03 23:14:42+08:00,Qqa52ziFh,,0,1,1770542458888,江苏,5262376045384279,,6496282876,可颜可咸,f,https://m.weibo.cn/u/6496282876?launchid=10000360-page_H5,"https://tvax3.sinaimg.cn/crop.0.0.1023.1023.180/0075DJW4ly8i37z42pdmkj30sg0sftaz.jpg?KID=imgbed,tva&Expires=1770553258&ssig=1glcL7HPVU"
5262374090575961,1770160016,2026-02-03 23:06:56+08:00,Qqa52ziFh,期待敖瑞鹏不二之臣岑森,0,2,1770542458899,山东,5262374090575961,,5834540132,嗨支棱起来,f,https://m.weibo.cn/u/5834540132?launchid=10000360-page_H5,"https://tvax4.sinaimg.cn/crop.0.0.1080.1080.180/006mR8q0ly8hreq1t11xvj30u00u00tv.jpg?KID=imgbed,tva&Expires=1770553258&ssig=XkaQsYe0R6"
5262372446407201,1770159624,2026-02-03 23:00:24+08:00,Qqa52ziFh,期待敖瑞鹏岑森,0,0,1770542458909,河北,5262372446407201,,6339101057,星与心6871688,f,https://m.weibo.cn/u/6339101057?launchid=10000360-page_H5,"https://tvax4.sinaimg.cn/crop.0.0.1080.1080.180/006V0dLrly8i92k02k4w1j30u00u0gq9.jpg?KID=imgbed,tva&Expires=1770553258&ssig=divujXiVa%2B"
5262368068081054,1770158580,2026-02-03 22:43:00+08:00,Qqa52ziFh,,0,1,1770542458919,浙江,5262368068081054,,7902857812,敖啊-,m,https://m.weibo.cn/u/7902857812?launchid=10000360-page_H5,"https://tvax4.sinaimg.cn/crop.0.0.1080.1080.180/008CPAkAly8hxeagb6duyj30u00u042q.jpg?KID=imgbed,tva&Expires=1770553258&ssig=ZEcTHoiQVe"
5262774013788357,1770255364,2026-02-05 01:36:04+08:00,Qqa52ziFh,敖瑞鹏值得,0,0,1770542458928,四川,5262774013788357,,7974636294,小歪吃饱饱_,f,https://m.weibo.cn/u/7974636294?launchid=10000360-page_H5,"https://tvax3.sinaimg.cn/crop.0.0.1080.1080.180/008HGLc2ly8i7920pbm90j30u00u0405.jpg?KID=imgbed,tva&Expires=1770553258&ssig=Y2hKiOFXYj"
5262736624715019,1770246450,2026-02-04 23:07:30+08:00,Qqa52ziFh,期待敖瑞鹏岑森,0,0,1770542458939,黑龙江,5262736624715019,https://wx3.sinaimg.cn/large/008HS2K7ly1i9yr882rusj31jk1wbqqx.jpg,7977325363,零8--,f,https://m.weibo.cn/u/7977325363?launchid=10000360-page_H5,"https://tvax2.sinaimg.cn/crop.0.0.132.132.180/008HS2K7ly4hxut3q8n2pj303o03ot8k.jpg?KID=imgbed,tva&Expires=1770553258&ssig=R7wvaHE0Zi"
5262673123477021,1770231311,2026-02-04 18:55:11+08:00,Qqa52ziFh,期待敖瑞鹏岑森,0,0,1770542458948,浙江,5262673123477021,https://wx3.sinaimg.cn/large/009e0JH2gy1i9yqrpnvirj32xu4es4qu.jpg,8452239840,spiritual-52525,f,https://m.weibo.cn/u/8452239840?launchid=10000360-page_H5,"https://tvax1.sinaimg.cn/crop.0.0.1080.1080.180/009e0JH2ly8i7cyvwysu1j30u00u0whh.jpg?KID=imgbed,tva&Expires=1770553258&ssig=JSS7g4AfZ1"
5262632638743330,1770221659,2026-02-04 16:14:19+08:00,Qqa52ziFh,敖瑞鹏牛牛的,0,0,1770542458959,广东,5262632638743330,,8441682061,风信子蓝_,m,https://m.weibo.cn/u/8441682061?launchid=10000360-page_H5,"https://tvax4.sinaimg.cn/crop.0.0.132.132.180/009dir8hly4i6e9cwntkoj303o03o743.jpg?KID=imgbed,tva&Expires=1770553258&ssig=lS%2Bs2Jl1D4"
5262540286464593,1770199640,2026-02-04 10:07:20+08:00,Qqa52ziFh,敖瑞鹏厉害哦#敖瑞鹏不二之臣#,0,0,1770542458968,广东,5262540286464593,https://wx3.sinaimg.cn/large/008HUKAVgy1i9ybikul16j31i42o8b29.jpg,7977970585,Ao瑞star,f,https://m.weibo.cn/u/7977970585?launchid=10000360-page_H5,"https://tvax2.sinaimg.cn/crop.0.0.1080.1080.180/008HUKAVly8i9f23icb9ej30u00u0dib.jpg?KID=imgbed,tva&Expires=1770553258&ssig=fbKlH%2F1Jhy"
5262371662598309,1770159437,2026-02-03 22:57:17+08:00,Qqa52ziFh,期待敖瑞鹏岑森,0,0,1770542458980,广西,5262371662598309,https://wx2.sinaimg.cn/large/0091Hcthgy1i9xs5e1hf2j33yi71anpg.jpg,8270267871,爱如风停ao,m,https://m.weibo.cn/u/8270267871?launchid=10000360-page_H5,"https://tvax3.sinaimg.cn/crop.0.0.1080.1080.180/0091Hcthly8i7p4z05rhvj30u00u0whc.jpg?KID=imgbed,tva&Expires=1770553258&ssig=BmPgno7jq%2F"
5262370127220994,1770159071,2026-02-03 22:51:11+08:00,Qqa52ziFh,燥候敖瑞鹏不二之臣,0,0,1770542458996,越南,5262370127220994,https://wx1.sinaimg.cn/large/008YRWATgy1i9xrz1j31hj31jk2qr1kx.jpg,8228499439,ARP小太阳,f,https://m.weibo.cn/u/8228499439?launchid=10000360-page_H5,"https://tvax3.sinaimg.cn/crop.0.0.1080.1080.180/008YRWATly8i92k7gpcfjj30u00u0ag7.jpg?KID=imgbed,tva&Expires=1770553258&ssig=t7D1gQyhCE"
5262366272915820,1770158152,2026-02-03 22:35:52+08:00,Qqa52ziFh,期待这个敖瑞鹏,0,0,1770542459007,江苏,5262366272915820,https://wx1.sinaimg.cn/large/009YeukZgy1i9xrj3ylwrj30u00xwjxb.jpg,9135228861,噜噜噜lulululalala,f,https://m.weibo.cn/u/9135228861?launchid=10000360-page_H5,"https://tvax2.sinaimg.cn/crop.0.0.750.750.180/009YeukZly8i9cvwzjxn4j30ku0ku0t5.jpg?KID=imgbed,tva&Expires=1770553258&ssig=yi4%2B5gyLYK"
5262365230893441,1770157904,2026-02-03 22:31:44+08:00,Qqa52ziFh,满满的期待,0,0,1770542459016,山东,5262365230893441,,7981757787,Afarp,f,https://m.weibo.cn/u/7981757787?launchid=10000360-page_H5,"https://tvax1.sinaimg.cn/crop.0.0.500.500.180/008IaDOPly8hyl0q40ezjj30dw0dwgmv.jpg?KID=imgbed,tva&Expires=1770553258&ssig=E4vx1Su6ip"
5262358052340599,1770156191,2026-02-03 22:03:11+08:00,Qqa52ziFh,敖瑞鹏岑森超牛🎉,0,1,1770542459028,广东,5262358052340599,https://wx2.sinaimg.cn/large/008HYL3Ygy1i9xql39i4yj30qo140qbs.jpg,7978925698,在雨林漫步才是正经事,f,https://m.weibo.cn/u/7978925698?launchid=10000360-page_H5,"https://tvax3.sinaimg.cn/crop.0.0.512.512.180/008HYL3Yly8i1itcoly0ij30e80e8t97.jpg?KID=imgbed,tva&Expires=1770553258&ssig=Ek1gIFzr8%2B"
5262357632124054,1770156092,2026-02-03 22:01:32+08:00,Qqa52ziFh,期待敖瑞鹏不二之臣岑森，敖瑞鹏就是硬帅,0,1,1770542459038,北京,5262357632124054,https://wx2.sinaimg.cn/large/008HS6ctly1i9xqjdhv06j31o02yonbk.jpg,7977338653,善良杯子蛋糕打扫卫生,f,https://m.weibo.cn/u/7977338653?launchid=10000360-page_H5,"https://tvax1.sinaimg.cn/crop.0.0.1080.1080.180/008HS6ctly8hzbk4lniirj30u00u0ac3.jpg?KID=imgbed,tva&Expires=1770553258&ssig=IkqLozknIv"
5262364876474862,1770157819,2026-02-03 22:30:19+08:00,Qqa52ziFh,太期待这个不二之臣岑森了，太帅了,1,7,1770542459049,福建,5262364876474862,https://wx2.sinaimg.cn/large/008GGOP7gy1i9xrda0zs5j31jk2qr1kx.jpg,7959873913,碧云天ccy,f,https://m.weibo.cn/u/7959873913?launchid=10000360-page_H5,"https://tvax2.sinaimg.cn/crop.0.0.1080.1080.180/008GGOP7ly8i8u48lssgpj30u00u040m.jpg?KID=imgbed,tva&Expires=1770553258&ssig=KPO4m4xoD%2F"
5262364903737931,1770157826,2026-02-03 22:30:26+08:00,Qqa52ziFh,@一颗红芋圆,0,0,1770542488174,福建,5262364876474862,,7959873913,碧云天ccy,f,https://m.weibo.cn/u/7959873913?launchid=10000360-page_H5,"https://tvax2.sinaimg.cn/crop.0.0.1080.1080.180/008GGOP7ly8i8u48lssgpj30u00u040m.jpg?KID=imgbed,tva&Expires=1770553258&ssig=KPO4m4xoD%2F"
5262356141836281,1770155737,2026-02-03 21:55:37+08:00,Qqa52ziFh,敖瑞鹏牛 燥候不二之臣,0,6,1770542495000,江西,5262356141836281,https://wx3.sinaimg.cn/large/008grXpegy1i9xqd8ab32j31900u00wk.jpg,7572147248,敖袄呜,f,https://m.weibo.cn/u/7572147248?launchid=10000360-page_H5,"https://tvax4.sinaimg.cn/crop.0.0.1080.1080.180/008grXpely8i54wilk5vzj30u00u0di2.jpg?KID=imgbed,tva&Expires=1770553294&ssig=6m51%2Fy8ABh"
5262363940097861,1770157596,2026-02-03 22:26:36+08:00,Qqa52ziFh,敖瑞鹏好棒期待敖瑞鹏岑森！,1,6,1770542495010,甘肃,5262363940097861,https://wx4.sinaimg.cn/large/008FztVgly1i9xr9gt4tqj30u00j977g.jpg,7943348938,萌猫妻,f,https://m.weibo.cn/u/7943348938?launchid=10000360-page_H5,"https://tvax4.sinaimg.cn/crop.0.0.1080.1080.180/008FztVgly1ia1y7hxnj6j30u00u0ad1.jpg?KID=imgbed,tva&Expires=1770553294&ssig=MASU%2B1qqEn"
5263038219555366,1770318357,2026-02-05 19:05:57+08:00,Qqa52ziFh,敖瑞鹏厉害👍,0,0,1770542495020,吉林,5263038219555366,https://wx1.sinaimg.cn/large/008AhmDwly1i9zwp88j9mj30wi1d21a6.jpg,7865149346,Moor-敖瑞雪兆丰年儿-,f,https://m.weibo.cn/u/7865149346?launchid=10000360-page_H5,"https://tvax3.sinaimg.cn/crop.0.0.600.600.180/008AhmDwly8i6sfc1poxrj30go0gogmr.jpg?KID=imgbed,tva&Expires=1770553294&ssig=7Nk%2B2nitAr"
5262717520708553,1770241895,2026-02-04 21:51:35+08:00,Qqa52ziFh,期待敖瑞鹏不二之臣岑森，太帅了,0,0,1770542495029,湖北,5262717520708553,https://wx1.sinaimg.cn/large/008trrMggy1i9yvvay2xyj30qo0wsadr.jpg,7764118036,在雪山茶馆吃水果的小樱桃,f,https://m.weibo.cn/u/7764118036?launchid=10000360-page_H5,"https://tvax2.sinaimg.cn/crop.0.0.500.500.180/008trrMgly8hyk4pcil2aj30dw0dwwfq.jpg?KID=imgbed,tva&Expires=1770553294&ssig=h5MRTp6P%2Fb"
5262649457904437,1770225669,2026-02-04 17:21:09+08:00,Qqa52ziFh,期待岑森,1,1,1770542495040,四川,5262649457904437,https://wx3.sinaimg.cn/large/008FvNlsgy1i9yo1yq9bhj30qo13ztcw.jpg,7942470286,敖子子o,f,https://m.weibo.cn/u/7942470286?launchid=10000360-page_H5,"https://tvax4.sinaimg.cn/crop.0.0.1080.1080.180/008FvNlsly8i8in415gmcj30u00u0tbb.jpg?KID=imgbed,tva&Expires=1770553294&ssig=WfGHEE1pwR"
5262545113842962,1770200791,2026-02-04 10:26:31+08:00,Qqa52ziFh,期待敖瑞鹏岑森,0,0,1770542495050,浙江,5262545113842962,,7793317728,敖不要敖夜夜,f,https://m.weibo.cn/u/7793317728?launchid=10000360-page_H5,"https://tvax1.sinaimg.cn/crop.0.0.1080.1080.180/008vpXX2ly8i7kyw20o0gj30u00u00wx.jpg?KID=imgbed,tva&Expires=1770553294&ssig=ZIEMRhZTgv"
5262536439759054,1770198722,2026-02-04 09:52:02+08:00,Qqa52ziFh,期待敖瑞鹏,0,0,1770542495060,山西,5262536439759054,,7659755186,美男在怀中,f,https://m.weibo.cn/u/7659755186?launchid=10000360-page_H5,"https://tvax3.sinaimg.cn/crop.0.0.1080.1080.180/008mnyeuly8i9jmmdbsc3j30u00u0wgy.jpg?KID=imgbed,tva&Expires=1770553294&ssig=Oie4Y3qhQ5"
5262523696678470,1770195685,2026-02-04 09:01:25+08:00,Qqa52ziFh,期待敖瑞鹏不二之臣,0,0,1770542495072,江西,5262523696678470,,7971735411,今天不敖夜-ye,f,https://m.weibo.cn/u/7971735411?launchid=10000360-page_H5,"https://tvax3.sinaimg.cn/crop.0.0.960.960.180/008HuAxBly8i9bjh4zmshj30qo0qodgu.jpg?KID=imgbed,tva&Expires=1770553294&ssig=HrU0syEyeW"
5262503942816820,1770190975,2026-02-04 07:42:55+08:00,Qqa52ziFh,期待期待敖子,0,1,1770542495082,山西,5262503942816820,https://wx4.sinaimg.cn/large/007P9yNOly1i9y7c81ldgj32xu4esb2g.jpg,7168801696,一只羊不起床,f,https://m.weibo.cn/u/7168801696?launchid=10000360-page_H5,"https://tvax2.sinaimg.cn/crop.0.0.1080.1080.180/007P9yNOly8i8kj2azp1fj30u00u0abu.jpg?KID=imgbed,tva&Expires=1770553294&ssig=5pKn9jWexa"
5262399907037247,1770166170,2026-02-04 00:49:30+08:00,Qqa52ziFh,期待敖瑞鹏不二之臣,0,1,1770542495092,山东,5262399907037247,,5530549866,蓝色5530549866,f,https://m.weibo.cn/u/5530549866?launchid=10000360-page_H5,"https://tva3.sinaimg.cn/crop.0.0.100.100.180/0062hCFcjw8epgnowjcdpj302s02swea.jpg?KID=imgbed,tva&Expires=1770553294&ssig=aEL9jjlEeE"
5262388593165363,1770163474,2026-02-04 00:04:34+08:00,Qqa52ziFh,嗷嗷优秀,0,0,1770542495102,北京,5262388593165363,,7485887007,敖瑞鹏的小票哦,f,https://m.weibo.cn/u/7485887007?launchid=10000360-page_H5,"https://tvax1.sinaimg.cn/crop.0.0.960.960.180/008aC1b1ly8i752me2hm0j30qo0qotcw.jpg?KID=imgbed,tva&Expires=1770553294&ssig=JhsS9zcnkV"
5262376749237124,1770160649,2026-02-03 23:17:29+08:00,Qqa52ziFh,敖瑞鹏牛，岑森好帅,0,0,1770542495112,湖北,5262376749237124,,4056514556,aoao可爱,f,https://m.weibo.cn/u/4056514556?launchid=10000360-page_H5,"https://tvax1.sinaimg.cn/crop.0.0.1080.1080.180/f1c97ffcly8i60roxn7wwj20u00u0dhn.jpg?KID=imgbed,tva&Expires=1770553294&ssig=li33SYD4s0"
5262372757572314,1770159698,2026-02-03 23:01:38+08:00,Qqa52ziFh,期待敖瑞鹏不二之臣岑森,0,0,1770542495122,河北,5262372757572314,https://wx1.sinaimg.cn/large/008wufHlly1i9xs9vpqa7j31jk2qr4qp.jpg,7809115595,师祺sq,m,https://m.weibo.cn/u/7809115595?launchid=10000360-page_H5,"https://tvax4.sinaimg.cn/crop.0.0.1080.1080.180/008wufHlly8i52lx7364mj30u00u0acq.jpg?KID=imgbed,tva&Expires=1770553294&ssig=rKF7RBnPC%2F"
5262369140770086,1770158836,2026-02-03 22:47:16+08:00,Qqa52ziFh,期待敖瑞鹏所有待播剧,0,2,1770542495133,重庆,5262369140770086,,6426633923,瑞雪落满,m,https://m.weibo.cn/u/6426633923?launchid=10000360-page_H5,"https://tvax1.sinaimg.cn/crop.0.0.1080.1080.180/0070Vv3Rly8i6ozzbzi8rj30u00u00zh.jpg?KID=imgbed,tva&Expires=1770553294&ssig=8SRuRKnJSa"
5262364337505386,1770157691,2026-02-03 22:28:11+08:00,Qqa52ziFh,"“渲染黄昏的少年，少年永存于我书中 是唯一主角。” &quot;𝓡𝓮𝓷𝓭𝓮𝓻𝓲𝓷𝓰 𝓽𝓱𝓮 𝔂𝓸𝓾𝓽𝓱 𝓪𝓽 𝓭𝓾𝓼𝓴, 𝓽𝓱𝓮 𝔂𝓸𝓾𝓽𝓱 𝓲𝓼 𝓽𝓱𝓸𝓸𝓴 𝓯𝓸𝓻𝓮𝓿𝓮𝓻",0,0,1770542495154,内蒙古,5262364337505386,,7821636952,piarip1006,f,https://m.weibo.cn/u/7821636952?launchid=10000360-page_H5,"https://tvax1.sinaimg.cn/crop.0.0.512.512.180/008xkN4Ily8i3fomw1i00j30e80e8dgo.jpg?KID=imgbed,tva&Expires=1770553294&ssig=LlhDoPsRc8"
5262377370261716,1770160798,2026-02-03 23:19:58+08:00,Qqa52ziFh,💕💕⚜️官宣落定，燃情期待🔥！@敖瑞鹏的微博 骨相里的贵气契合岑家继承人的底色，待他将七岁错位的隐痛藏进眉峰，将商业帝国的锋芒凝于眼底，这幕好戏怎能不翘首以盼？💫💕💕,2,0,1770542495162,重庆,5262377370261716,,7932469062,杂草爱敖蕾,m,https://m.weibo.cn/u/7932469062?launchid=10000360-page_H5,"https://tvax1.sinaimg.cn/crop.0.0.1000.1000.180/008EPPzoly8i0pioozgshj30rs0rsgnb.jpg?KID=imgbed,tva&Expires=1770553294&ssig=yUK2QiJNZA"
5262375135479096,1770160265,2026-02-03 23:11:05+08:00,Qqa52ziFh,所以，正常的审美，敖瑞鹏他就是硬帅啊,0,0,1770542495173,贵州,5262375135479096,,9126803131,攸攸悠悠游,f,https://m.weibo.cn/u/9126803131?launchid=10000360-page_H5,"https://tvax2.sinaimg.cn/crop.0.0.500.500.180/009XF8q7ly8i9v98duwooj30dw0dwmyf.jpg?KID=imgbed,tva&Expires=1770553294&ssig=bta%2Ff4GQOG"
5262363985969650,1770157606,2026-02-03 22:26:46+08:00,Qqa52ziFh,全剧热度都在敖瑞鹏，忘周知,1,7,1770542495183,黑龙江,5262363985969650,https://wx1.sinaimg.cn/large/008DFvK4ly1i9xr9nd8lij317m1s8123.jpg,7915233228,清纯盆咪颜永一-见过敖盆版,f,https://m.weibo.cn/u/7915233228?launchid=10000360-page_H5,"https://tvax1.sinaimg.cn/crop.0.0.1080.1080.180/008DFvK4ly8i9zk98znjcj30u00u0428.jpg?KID=imgbed,tva&Expires=1770553294&ssig=t2CwulcsLt"
5262356091244184,1770155725,2026-02-03 21:55:25+08:00,Qqa52ziFh,敖瑞鹏岑森就是权威，随便一走就是秀场,0,16,1770542495194,江苏,5262356091244184,https://wx3.sinaimg.cn/large/beb550cdgy1i9xqczkhsbj20k00zk40d.jpg,3199553741,歪歪小英屁屁孩,f,https://m.weibo.cn/u/3199553741?launchid=10000360-page_H5,"https://tvax2.sinaimg.cn/crop.0.0.1080.1080.180/beb550cdly8i7iqr1iqczj20u00u00v6.jpg?KID=imgbed,tva&Expires=1770553294&ssig=5IdOoFZmfo"
