comment_id,create_time,create_date_time,note_id,content,sub_comment_count,comment_like_count,last_modify_ts,ip_location,parent_comment_id,pictures,user_id,nickname,gender,profile_url,avatar
5263654040896195,1770465179,2026-02-07 11:52:59+08:00,QqGSQ74w6,是真的吗，有没有人告诉我,384,2688,1770450081777,福建,5263654040896195,,7097403237,每日一笑大赏,f,https://m.weibo.cn/u/7097403237?launchid=10000360-page_H5,"https://tvax1.sinaimg.cn/crop.0.0.1080.1080.180/007KjYNLly8i9qj35uhqxj30u00u0q5c.jpg?KID=imgbed,tva&Expires=1770460881&ssig=Rw3uEq0pCB"
5263646649483288,1770463417,2026-02-07 11:23:37+08:00,QqGSQ74w6,千问这次赢麻了,555,2147,1770450081779,四川,5263646649483288,,7316075394,冷雨好冷啊,f,https://m.weibo.cn/u/7316075394?launchid=10000360-page_H5,"https://tvax2.sinaimg.cn/crop.0.0.1080.1080.180/007Z7vq2ly8i6pqrpvyv1j30u00u0dim.jpg?KID=imgbed,tva&Expires=1770460881&ssig=5E%2FwqeWd1N"
5263659188093633,1770466406,2026-02-07 12:13:26+08:00,QqGSQ74w6,扫这个码一次20张！，不仅限于奶茶，还可以点吃的,10,407,1770450081780,河南,5263659188093633,https://wx4.sinaimg.cn/large/007ZBz5Yly1ia1w0pmcfyj30o911in1g.jpg,7323239366,巷子里的猫咪熊,m,https://m.weibo.cn/u/7323239366?launchid=10000360-page_H5,"https://tvax3.sinaimg.cn/crop.0.0.500.500.180/007ZBz5Yly8i5o4ez1enrj30dw0dwwfp.jpg?KID=imgbed,tva&Expires=1770460881&ssig=lfCEHwxnKh"
5263704480287024,1770477206,2026-02-07 15:13:26+08:00,QqGSQ74w6,bug啦 一次20张,3,295,1770450081782,福建,5263704480287024,https://wx1.sinaimg.cn/large/007pyEnzgy1ia217ybap9j30lk0xcjwq.jpg,6790596597,奥黛丽潇湘,f,https://m.weibo.cn/u/6790596597?launchid=10000360-page_H5,"https://tvax3.sinaimg.cn/crop.0.0.1080.1080.180/007pyEnzly8i548ax6yyzj30u00u076j.jpg?KID=imgbed,tva&Expires=1770460881&ssig=GsXM6PSaP0"
5263629368958045,1770459298,2026-02-07 10:14:58+08:00,QqGSQ74w6,体验顺畅，满分好评,290,437,1770450081783,浙江,5263629368958045,,5589010257,听小岛屿,m,https://m.weibo.cn/u/5589010257?launchid=10000360-page_H5,"https://tvax3.sinaimg.cn/crop.0.0.1080.1080.180/0066eUSJly8hk5z4tf2ilj30u00u0aeq.jpg?KID=imgbed,tva&Expires=1770460881&ssig=kOVnFw23ZI"
5263641788026428,1770462259,2026-02-07 11:04:19+08:00,QqGSQ74w6,扫这个码居然有人可以出两张 谢谢千问,61,215,1770450081784,湖北,5263641788026428,https://wx2.sinaimg.cn/large/006D33mSgy1ia1u0kdt11j30id0sgjz1.jpg,6073802030,风期限在凌晨,m,https://m.weibo.cn/u/6073802030?launchid=10000360-page_H5,"https://tvax2.sinaimg.cn/crop.0.0.512.512.180/006D33mSly8gxc9d1gkgsj30e80e8t90.jpg?KID=imgbed,tva&Expires=1770460881&ssig=5Onp98Gk4B"
5263629185189271,1770459254,2026-02-07 10:14:14+08:00,QqGSQ74w6,看到大家都点，我也忍不住跟上了,44,120,1770450081786,江苏,5263629185189271,,6326303852,煲仔饭要配温泉蛋,m,https://m.weibo.cn/u/6326303852?launchid=10000360-page_H5,"https://tvax1.sinaimg.cn/crop.0.0.1023.1023.180/006U8wCUly8hff4v70qccj30sg0sfta8.jpg?KID=imgbed,tva&Expires=1770460881&ssig=DnhkPWyshP"
5263629307871739,1770459282,2026-02-07 10:14:42+08:00,QqGSQ74w6,活动太香了,58,133,1770450081787,贵州,5263629307871739,,6462225300,西瓜撞地球稀巴烂,m,https://m.weibo.cn/u/6462225300?launchid=10000360-page_H5,"https://tvax2.sinaimg.cn/crop.0.0.1023.1023.180/0073kQ0kly8hoh4o5mi95j30sf0sfwgi.jpg?KID=imgbed,tva&Expires=1770460881&ssig=DIm%2BHgRuX4"
5263658202432292,1770466172,2026-02-07 12:09:32+08:00,QqGSQ74w6,不多说，感谢千问，千问怎么这么有钱,10,218,1770450081789,浙江,5263658202432292,,7849966097,代理性卡黄综合征,f,https://m.weibo.cn/u/7849966097?launchid=10000360-page_H5,"https://tvax4.sinaimg.cn/crop.0.0.1080.1080.180/008zfEMply8i9srmk3e0zj30u00u0gmi.jpg?KID=imgbed,tva&Expires=1770460881&ssig=5AYBZtptcU"
5263629483508455,1770459325,2026-02-07 10:15:25+08:00,QqGSQ74w6,奶茶到手喽，是谁还没喝到呢,65,123,1770450081790,安徽,5263629483508455,,5985812579,清衍墨竹,f,https://m.weibo.cn/u/5985812579?launchid=10000360-page_H5,"https://tvax4.sinaimg.cn/crop.0.0.1068.1068.180/006x5Ribly8i433sgc2f3j30to0tojsy.jpg?KID=imgbed,tva&Expires=1770460881&ssig=IPDODdqosR"
5263630057603629,1770459461,2026-02-07 10:17:41+08:00,QqGSQ74w6,千问这波热度直接封神,25,144,1770450081791,上海,5263630057603629,,2653183495,边远小岛的一人,f,https://m.weibo.cn/u/2653183495?launchid=10000360-page_H5,"https://tvax4.sinaimg.cn/crop.0.0.1078.1078.180/9e245e07ly8hery68t6ynj20ty0tyabw.jpg?KID=imgbed,tva&Expires=1770460881&ssig=YQ%2F%2B6BnaUv"
5263629129615485,1770459241,2026-02-07 10:14:01+08:00,QqGSQ74w6,订单已送达，真实不套路,21,114,1770450081792,上海,5263629129615485,,6896418677,海上森林盛宴,f,https://m.weibo.cn/u/6896418677?launchid=10000360-page_H5,"https://tvax1.sinaimg.cn/crop.0.0.1080.1080.180/007wIFxjly8hf74l3vpqhj30u00u0wi0.jpg?KID=imgbed,tva&Expires=1770460881&ssig=ENnQI9gOEv"
5263630117111642,1770459476,2026-02-07 10:17:56+08:00,QqGSQ74w6,刚试了下，秒成功,3,78,1770450081793,江苏,5263630117111642,,6878459200,白月光黎吧啦,f,https://m.weibo.cn/u/6878459200?launchid=10000360-page_H5,"https://tvax4.sinaimg.cn/crop.0.0.1080.1080.180/007vvjskly8hkecjhq872j30u00u0ac3.jpg?KID=imgbed,tva&Expires=1770460881&ssig=aZ5zNS1Mj0"
5263630245303133,1770459507,2026-02-07 10:18:27+08:00,QqGSQ74w6,全公司都在谢千问哈哈哈,12,88,1770450081795,贵州,5263630245303133,,6012451234,裴柱柱裴,m,https://m.weibo.cn/u/6012451234?launchid=10000360-page_H5,"https://tvax3.sinaimg.cn/crop.0.0.1080.1080.180/006yTDdUly8hyz9gpwv5cj30u00u0aar.jpg?KID=imgbed,tva&Expires=1770460881&ssig=cTL5Eutnyy"
5263629555338698,1770459342,2026-02-07 10:15:42+08:00,QqGSQ74w6,幸福感拉满,2,69,1770450081796,广西,5263629555338698,,5669734297,银河系的铁骑,m,https://m.weibo.cn/u/5669734297?launchid=10000360-page_H5,"https://tvax4.sinaimg.cn/crop.0.0.455.455.180/006bHCTnly8hff4s38trnj30cn0cnaaq.jpg?KID=imgbed,tva&Expires=1770460881&ssig=ycBORH9bC0"
5263629991546374,1770459446,2026-02-07 10:17:26+08:00,QqGSQ74w6,推荐爆冲啊,6,69,1770450081797,湖北,5263629991546374,,5281072005,乘坐云朵号刺客,m,https://m.weibo.cn/u/5281072005?launchid=10000360-page_H5,"https://tvax3.sinaimg.cn/crop.0.0.1080.1080.180/005LoQ4Jly8hf750ekzi5j30u00u0whl.jpg?KID=imgbed,tva&Expires=1770460881&ssig=slFJbll7tD"
5263629758765262,1770459391,2026-02-07 10:16:31+08:00,QqGSQ74w6,新用户快来，一起快乐薅,7,63,1770450081800,辽宁,5263629758765262,,5335332256,剥下柚子皮,f,https://m.weibo.cn/u/5335332256?launchid=10000360-page_H5,"https://tvax4.sinaimg.cn/crop.0.0.1080.1080.180/005P4vE4ly8hj32t3e2orj30u00u0ad2.jpg?KID=imgbed,tva&Expires=1770460881&ssig=RdYikWb1po"
5263629913956128,1770459428,2026-02-07 10:17:08+08:00,QqGSQ74w6,点了就是血赚，爽翻,4,62,1770450081801,河南,5263629913956128,,5669611543,忧郁小纸条,m,https://m.weibo.cn/u/5669611543?launchid=10000360-page_H5,"https://tvax4.sinaimg.cn/crop.0.0.1080.1080.180/006bH6Xtly8herxrbuzkej30u00u0q7x.jpg?KID=imgbed,tva&Expires=1770460881&ssig=ojMf%2Bciarv"
5263629671727700,1770459369,2026-02-07 10:16:09+08:00,QqGSQ74w6,千问整活真的绝,1,61,1770450081802,陕西,5263629671727700,,6146961527,零七八碎的快乐,m,https://m.weibo.cn/u/6146961527?launchid=10000360-page_H5,"https://tvax4.sinaimg.cn/crop.0.0.1080.1080.180/006I01uLly8hf1bxqipqbj30u00u0acj.jpg?KID=imgbed,tva&Expires=1770460881&ssig=itp7vgjpZ%2B"
5263649208011427,1770464028,2026-02-07 11:33:48+08:00,QqGSQ74w6,千问好好啊 今天部分特殊码可以扫两张出来 没有的可以试试,13,108,1770450081804,湖北,5263649208011427,https://wx3.sinaimg.cn/large/007YhdVHgy1ia1uutm05ej30lk0xck01.jpg,7303615109,游戏吐槽怪,m,https://m.weibo.cn/u/7303615109?launchid=10000360-page_H5,"https://tvax1.sinaimg.cn/crop.0.0.512.512.180/007YhdVHly8ha8038tr5sj30e80e8mxj.jpg?KID=imgbed,tva&Expires=1770460881&ssig=TkkCkSZnHr"
5263683757280814,1770472265,2026-02-07 13:51:05+08:00,QqGSQ74w6,”,0,0,1770450098943,福建,5263654040896195,,7097403237,每日一笑大赏,f,https://m.weibo.cn/u/7097403237?launchid=10000360-page_H5,"https://tvax1.sinaimg.cn/crop.0.0.1080.1080.180/007KjYNLly8i9qj35uhqxj30u00u0q5c.jpg?KID=imgbed,tva&Expires=1770460881&ssig=Rw3uEq0pCB"
5263710750769160,1770478700,2026-02-07 15:38:20+08:00,QqGSQ74w6,一次20张 评论配图,0,0,1770450098944,福建,5263654040896195,,6790596597,奥黛丽潇湘,f,https://m.weibo.cn/u/6790596597?launchid=10000360-page_H5,"https://tvax3.sinaimg.cn/crop.0.0.1080.1080.180/007pyEnzly8i548ax6yyzj30u00u076j.jpg?KID=imgbed,tva&Expires=1770460881&ssig=GsXM6PSaP0"
5263705566611485,1770477465,2026-02-07 15:17:45+08:00,QqGSQ74w6,漏洞，扫一次，领20张→ 评论配图,0,0,1770450098945,四川,5263646649483288,,7821281034,萌妹轩,f,https://m.weibo.cn/u/7821281034?launchid=10000360-page_H5,"https://tvax3.sinaimg.cn/crop.0.0.1080.1080.180/008xjiu6ly8i71pjcng6sj30u00u0q53.jpg?KID=imgbed,tva&Expires=1770460881&ssig=BYd4gfuij5"
5263709393912720,1770478377,2026-02-07 15:32:57+08:00,QqGSQ74w6,扫这个码，不仅限于奶茶，还可以点吃的。 评论配图,0,0,1770450098947,广东,5263659188093633,,7757112412,梦里江中,f,https://m.weibo.cn/u/7757112412?launchid=10000360-page_H5,"https://tvax3.sinaimg.cn/crop.0.0.500.500.180/008sY3ikly8i71322mx0xj30dw0dwaap.jpg?KID=imgbed,tva&Expires=1770460881&ssig=obeNVTpz%2BY"
5263706113966084,1770477594,2026-02-07 15:19:54+08:00,QqGSQ74w6,快去！直接领20张 评论配图,0,0,1770450098949,上海,5263659188093633,,7737707716,用心甄选优品,m,https://m.weibo.cn/u/7737707716?launchid=10000360-page_H5,"https://tvax3.sinaimg.cn/crop.0.0.1080.1080.180/008rEDfmly8i9cqsmwp66j30u00u0whm.jpg?KID=imgbed,tva&Expires=1770460881&ssig=o0vQbobGGk"
5263709482257781,1770478398,2026-02-07 15:33:18+08:00,QqGSQ74w6,扫这个码，不仅限于奶茶，还可以点吃的。 评论配图,0,0,1770450098950,广东,5263704480287024,,7757112412,梦里江中,f,https://m.weibo.cn/u/7757112412?launchid=10000360-page_H5,"https://tvax3.sinaimg.cn/crop.0.0.500.500.180/008sY3ikly8i71322mx0xj30dw0dwaap.jpg?KID=imgbed,tva&Expires=1770460881&ssig=obeNVTpz%2BY"
5263709283816003,1770478351,2026-02-07 15:32:31+08:00,QqGSQ74w6,图片评论 评论配图,0,0,1770450098951,安徽,5263704480287024,,7951883799,屿奕each,f,https://m.weibo.cn/u/7951883799?launchid=10000360-page_H5,"https://tvax4.sinaimg.cn/crop.0.0.512.512.180/008G9iejly8i173zx96r2j30e80e8js3.jpg?KID=imgbed,tva&Expires=1770460881&ssig=o1UuXHvDKW"
5263698878529836,1770475869,2026-02-07 14:51:09+08:00,QqGSQ74w6,扫这个码，不仅限于奶茶，还可以点吃的。 评论配图,0,0,1770450098952,广东,5263629368958045,,7757112412,梦里江中,f,https://m.weibo.cn/u/7757112412?launchid=10000360-page_H5,"https://tvax3.sinaimg.cn/crop.0.0.500.500.180/008sY3ikly8i71322mx0xj30dw0dwaap.jpg?KID=imgbed,tva&Expires=1770460881&ssig=obeNVTpz%2BY"
5263689699821219,1770473682,2026-02-07 14:14:42+08:00,QqGSQ74w6,速速，这个可快 评论配图,0,0,1770450098953,浙江,5263629368958045,,5234070542,皮皮一图,m,https://m.weibo.cn/u/5234070542?launchid=10000360-page_H5,"https://tvax3.sinaimg.cn/crop.0.0.500.500.180/005IdCQCly8i94evxhctqj30dw0dw3zn.jpg?KID=imgbed,tva&Expires=1770460881&ssig=pKYrIO1rIs"
5263677386397837,1770470746,2026-02-07 13:25:46+08:00,QqGSQ74w6,最新的五张 评论配图,0,0,1770450098955,湖北,5263641788026428,,6073802030,风期限在凌晨,m,https://m.weibo.cn/u/6073802030?launchid=10000360-page_H5,"https://tvax2.sinaimg.cn/crop.0.0.512.512.180/006D33mSly8gxc9d1gkgsj30e80e8t90.jpg?KID=imgbed,tva&Expires=1770460881&ssig=5Onp98Gk4B"
5263644015464166,1770462790,2026-02-07 11:13:10+08:00,QqGSQ74w6,我去 领到了,0,0,1770450098956,广东,5263641788026428,,2943670373,豪帅气,m,https://m.weibo.cn/u/2943670373?launchid=10000360-page_H5,"https://tvax3.sinaimg.cn/crop.0.0.640.640.180/af74d865ly8holzdc10u1j20hs0hswez.jpg?KID=imgbed,tva&Expires=1770460881&ssig=MSEROmrfYi"
5263676586066402,1770470554,2026-02-07 13:22:34+08:00,QqGSQ74w6,扫这个码，不仅限于奶茶，还可以点吃的 评论配图,0,0,1770450098957,浙江,5263629185189271,,5234070542,皮皮一图,m,https://m.weibo.cn/u/5234070542?launchid=10000360-page_H5,"https://tvax3.sinaimg.cn/crop.0.0.500.500.180/005IdCQCly8i94evxhctqj30dw0dw3zn.jpg?KID=imgbed,tva&Expires=1770460881&ssig=pKYrIO1rIs"
5263647392927137,1770463595,2026-02-07 11:26:35+08:00,QqGSQ74w6,快来点 评论配图,0,0,1770450098959,青海,5263629185189271,,7826673916,B用户之王重生版,f,https://m.weibo.cn/u/7826673916?launchid=10000360-page_H5,"https://tvax4.sinaimg.cn/crop.0.0.1080.1080.180/008xFVq4ly8i9n14vhu6ij30u00u0jt4.jpg?KID=imgbed,tva&Expires=1770460881&ssig=O%2FjyoewX7r"
5263676526298420,1770470540,2026-02-07 13:22:20+08:00,QqGSQ74w6,扫这个码，不仅限于奶茶，还可以点吃的 评论配图,0,0,1770450098961,浙江,5263629307871739,,5234070542,皮皮一图,m,https://m.weibo.cn/u/5234070542?launchid=10000360-page_H5,"https://tvax3.sinaimg.cn/crop.0.0.500.500.180/005IdCQCly8i94evxhctqj30dw0dw3zn.jpg?KID=imgbed,tva&Expires=1770460881&ssig=pKYrIO1rIs"
5263639424008898,1770461695,2026-02-07 10:54:55+08:00,QqGSQ74w6,扫这个码，不仅限于奶茶，还可以点吃的 评论配图,0,0,1770450098962,上海,5263629307871739,,7900074834,你要努力了执行起来,m,https://m.weibo.cn/u/7900074834?launchid=10000360-page_H5,"https://tvax3.sinaimg.cn/crop.0.0.1080.1080.180/008CDUlQly8hn68al27qfj30u00u0mz3.jpg?KID=imgbed,tva&Expires=1770460881&ssig=VpbSFt3R9u"
5263709351706859,1770478366,2026-02-07 15:32:46+08:00,QqGSQ74w6,图片评论 评论配图,0,0,1770450098963,安徽,5263658202432292,,7951883799,屿奕each,f,https://m.weibo.cn/u/7951883799?launchid=10000360-page_H5,"https://tvax4.sinaimg.cn/crop.0.0.512.512.180/008G9iejly8i173zx96r2j30e80e8js3.jpg?KID=imgbed,tva&Expires=1770460881&ssig=o1UuXHvDKW"
5263675000096424,1770470177,2026-02-07 13:16:17+08:00,QqGSQ74w6,羊毛出在羊身上,0,0,1770450098965,河南,5263658202432292,,7966204738,_方才,m,https://m.weibo.cn/u/7966204738?launchid=10000360-page_H5,"https://tvax4.sinaimg.cn/crop.0.0.1080.1080.180/008H7nLcly8i07123lgoyj30u00u0gof.jpg?KID=imgbed,tva&Expires=1770460881&ssig=Dem6mJATic"
5263676659728734,1770470572,2026-02-07 13:22:52+08:00,QqGSQ74w6,扫这个码，不仅限于奶茶，还可以点吃的 评论配图,0,0,1770450098967,浙江,5263629483508455,,5234070542,皮皮一图,m,https://m.weibo.cn/u/5234070542?launchid=10000360-page_H5,"https://tvax3.sinaimg.cn/crop.0.0.500.500.180/005IdCQCly8i94evxhctqj30dw0dw3zn.jpg?KID=imgbed,tva&Expires=1770460881&ssig=pKYrIO1rIs"
5263639366074921,1770461681,2026-02-07 10:54:41+08:00,QqGSQ74w6,扫这个码，不仅限于奶茶，还可以点吃的 评论配图,0,0,1770450098968,上海,5263629483508455,,7900074834,你要努力了执行起来,m,https://m.weibo.cn/u/7900074834?launchid=10000360-page_H5,"https://tvax3.sinaimg.cn/crop.0.0.1080.1080.180/008CDUlQly8hn68al27qfj30u00u0mz3.jpg?KID=imgbed,tva&Expires=1770460881&ssig=VpbSFt3R9u"
5263638618965753,1770461503,2026-02-07 10:51:43+08:00,QqGSQ74w6,扫这个，领两张→ 评论配图,0,0,1770450098970,四川,5263630057603629,,7821281034,萌妹轩,f,https://m.weibo.cn/u/7821281034?launchid=10000360-page_H5,"https://tvax3.sinaimg.cn/crop.0.0.1080.1080.180/008xjiu6ly8i71pjcng6sj30u00u0q53.jpg?KID=imgbed,tva&Expires=1770460881&ssig=BYd4gfuij5"
5263637413364237,1770461215,2026-02-07 10:46:55+08:00,QqGSQ74w6,真的，牛了！我这个是双倍的，特别是新用户，不止奶茶 评论配图,0,0,1770450098971,广东,5263630057603629,,2332335123,LSYFLY,m,https://m.weibo.cn/u/2332335123?launchid=10000360-page_H5,"https://tvax3.sinaimg.cn/crop.0.0.1024.1024.180/8b049c13ly8hbu2unmw6gj20sg0sgwgn.jpg?KID=imgbed,tva&Expires=1770460881&ssig=MmkESLY1Qq"
5263647414685894,1770463600,2026-02-07 11:26:40+08:00,QqGSQ74w6,速来还可以点麻辣烫刚刚点成功 查看图片,0,0,1770450098972,河北,5263629129615485,,5976337423,还有天明_,m,https://m.weibo.cn/u/5976337423?launchid=10000360-page_H5,"https://tvax3.sinaimg.cn/crop.0.0.480.480.180/006ws6n5ly8i3olue6t6aj30dc0dcmxd.jpg?KID=imgbed,tva&Expires=1770460881&ssig=z7szVUzBMy"
5263647131828715,1770463532,2026-02-07 11:25:32+08:00,QqGSQ74w6,这个码福利好多 评论配图,0,0,1770450098974,河南,5263629129615485,,7781095050,颖中藏刀,m,https://m.weibo.cn/u/7781095050?launchid=10000360-page_H5,"https://tvax4.sinaimg.cn/crop.0.0.1080.1080.180/008uAGh4ly8i9m0lf3gbsj30u00u0n1k.jpg?KID=imgbed,tva&Expires=1770460881&ssig=Sw4MfnIBSs"
5263644250080966,1770462846,2026-02-07 11:14:06+08:00,QqGSQ74w6,扫码领红包 评论配图,0,0,1770450098975,甘肃,5263630117111642,,7643379259,用户7643379259,m,https://m.weibo.cn/u/7643379259?launchid=10000360-page_H5,"https://tvax3.sinaimg.cn/crop.0.0.132.132.180/008lgQ6Dly4gs9fj0uu8jj303o03o0h9.jpg?KID=imgbed,tva&Expires=1770460881&ssig=5OjWMeWEew"
5263642310477041,1770462383,2026-02-07 11:06:23+08:00,QqGSQ74w6,刚领到全品免单券，开点 评论配图,0,0,1770450098977,福建,5263630245303133,,7432465832,你工农爷爷来咯,m,https://m.weibo.cn/u/7432465832?launchid=10000360-page_H5,"https://tvax3.sinaimg.cn/crop.0.0.996.996.180/0086ZRTaly8ge0fipxfxwj30ro0romz6.jpg?KID=imgbed,tva&Expires=1770460881&ssig=dYU69ee1kI"
5263642162891285,1770462348,2026-02-07 11:05:48+08:00,QqGSQ74w6,我是新人 直接三倍冲起来 评论配图,0,0,1770450098979,山东,5263630245303133,,7481491199,土豆大条子,f,https://m.weibo.cn/u/7481491199?launchid=10000360-page_H5,"https://tvax2.sinaimg.cn/crop.0.0.1080.1080.180/008ajzCTly8h3zo3s89hrj30u00u0goc.jpg?KID=imgbed,tva&Expires=1770460881&ssig=AIDibbi0Af"
5263683586362104,1770472224,2026-02-07 13:50:24+08:00,QqGSQ74w6,我是新用户网页链接,0,0,1770450098980,北京,5263629555338698,,7886181672,查理win,f,https://m.weibo.cn/u/7886181672?launchid=10000360-page_H5,"https://tvax1.sinaimg.cn/crop.0.0.688.688.180/008BHC6Aly8i7m6t67ns9j30j40j4gm5.jpg?KID=imgbed,tva&Expires=1770460881&ssig=OZ6223xw1J"
5263668071891382,1770468524,2026-02-07 12:48:44+08:00,QqGSQ74w6,Bug了，直接8张 评论配图,0,0,1770450098982,江苏,5263629991546374,,5639286978,EZIOLX,m,https://m.weibo.cn/u/5639286978?launchid=10000360-page_H5,"https://tvax2.sinaimg.cn/crop.0.0.600.600.180/0069DS9Aly8hlhuxl6n4xj30go0gon0l.jpg?KID=imgbed,tva&Expires=1770460881&ssig=ZCcqy19g%2BN"
5263651802189018,1770464646,2026-02-07 11:44:06+08:00,QqGSQ74w6,图片评论 评论配图,0,0,1770450098983,安徽,5263629991546374,,7985172338,玙眠each,m,https://m.weibo.cn/u/7985172338?launchid=10000360-page_H5,"https://tvax3.sinaimg.cn/crop.0.0.1080.1080.180/008IoY6ely8i184a58wrvj30u00u0tal.jpg?KID=imgbed,tva&Expires=1770460881&ssig=HE81aHYrDU"
5263651822898243,1770464651,2026-02-07 11:44:11+08:00,QqGSQ74w6,图片评论 评论配图,0,0,1770450098984,安徽,5263629758765262,,7985172338,玙眠each,m,https://m.weibo.cn/u/7985172338?launchid=10000360-page_H5,"https://tvax3.sinaimg.cn/crop.0.0.1080.1080.180/008IoY6ely8i184a58wrvj30u00u0tal.jpg?KID=imgbed,tva&Expires=1770460881&ssig=HE81aHYrDU"
5263681216054576,1770471659,2026-02-07 13:40:59+08:00,QqGSQ74w6,图片评论 评论配图,0,0,1770450098986,山东,5263629758765262,,7783668405,菲辛呀,m,https://m.weibo.cn/u/7783668405?launchid=10000360-page_H5,"https://tvax1.sinaimg.cn/crop.0.0.960.960.180/008uLtINly8hm8qcg2fa4j30qo0qo0xo.jpg?KID=imgbed,tva&Expires=1770460881&ssig=nTG5vCyrfI"
5263664917516766,1770467773,2026-02-07 12:36:13+08:00,QqGSQ74w6,直接3张 评论配图,0,0,1770450098987,江苏,5263629913956128,,5639286978,EZIOLX,m,https://m.weibo.cn/u/5639286978?launchid=10000360-page_H5,"https://tvax2.sinaimg.cn/crop.0.0.600.600.180/0069DS9Aly8hlhuxl6n4xj30go0gon0l.jpg?KID=imgbed,tva&Expires=1770460881&ssig=ZCcqy19g%2BN"
5263708091844149,1770478067,2026-02-07 15:27:47+08:00,QqGSQ74w6,回复@查理win:可以扫我的嘛？ 评论配图,0,0,1770450098989,广东,5263629913956128,,7953640641,嘉鹿en,f,https://m.weibo.cn/u/7953640641?launchid=10000360-page_H5,"https://tvax3.sinaimg.cn/crop.0.0.996.996.180/008GgFgtly8i4a8on3za8j30ro0ro76h.jpg?KID=imgbed,tva&Expires=1770460881&ssig=6my8yu9iS3"
5263649799143560,1770464168,2026-02-07 11:36:08+08:00,QqGSQ74w6,这个码真行,0,0,1770450098990,湖北,5263649208011427,,6073802030,风期限在凌晨,m,https://m.weibo.cn/u/6073802030?launchid=10000360-page_H5,"https://tvax2.sinaimg.cn/crop.0.0.512.512.180/006D33mSly8gxc9d1gkgsj30e80e8t90.jpg?KID=imgbed,tva&Expires=1770460881&ssig=5Onp98Gk4B"
5263651075528940,1770464473,2026-02-07 11:41:13+08:00,QqGSQ74w6,谢谢你 真有,0,0,1770450098992,广东,5263649208011427,,2213518437,续寒,m,https://m.weibo.cn/u/2213518437?launchid=10000360-page_H5,"https://tvax2.sinaimg.cn/crop.0.0.700.700.180/83ef9c65ly8hoht6vfy3ij20jg0jg74f.jpg?KID=imgbed,tva&Expires=1770460881&ssig=VUrNcCJg%2FT"
5263655482426849,1770465524,2026-02-07 11:58:44+08:00,QqGSQ74w6,快来 这个千问特殊码可以一次扫五张的 没成功的多试几次就行,10,105,1770450099567,湖北,5263655482426849,https://wx3.sinaimg.cn/large/3fa1de91gy1ia1vkv9kn6j20lk0xcti2.jpg,1067572881,妖盐货重,m,https://m.weibo.cn/u/1067572881?launchid=10000360-page_H5,"https://tvax4.sinaimg.cn/crop.0.0.640.640.640.180/002XJY2Tly8i7oqi8etiyj606c06cglt02.jpg?KID=imgbed,tva&Expires=1770460899&ssig=K%2BHWvyPMJ%2F"
5263630385285665,1770459540,2026-02-07 10:19:00+08:00,QqGSQ74w6,顺利到手，心情直接起飞喽,0,75,1770450099568,安徽,5263630385285665,,5188464453,大西瓜不怕小太阳,m,https://m.weibo.cn/u/5188464453?launchid=10000360-page_H5,"https://tvax1.sinaimg.cn/crop.0.0.1080.1080.180/005F8gCxly8herx67k3l4j30u00u0458.jpg?KID=imgbed,tva&Expires=1770460899&ssig=mPm2VgWPwM"
5263630474152565,1770459561,2026-02-07 10:19:21+08:00,QqGSQ74w6,0.01一杯，想不到想不到,1,53,1770450099570,广西,5263630474152565,,7361206367,飞天小女警来咯,m,https://m.weibo.cn/u/7361206367?launchid=10000360-page_H5,"https://tvax4.sinaimg.cn/crop.0.0.1023.1023.180/0082aS2Xly8hh0ulnqe7mj30sg0sf41s.jpg?KID=imgbed,tva&Expires=1770460899&ssig=hW553W6Iak"
5263632385966704,1770460017,2026-02-07 10:26:57+08:00,QqGSQ74w6,下单快到离谱,3,55,1770450099571,上海,5263632385966704,,6698373633,只是个颜控罢了,f,https://m.weibo.cn/u/6698373633?launchid=10000360-page_H5,"https://tvax4.sinaimg.cn/crop.0.0.1080.1080.180/007jjGYply8hkvmvopt0sj30u00u0dio.jpg?KID=imgbed,tva&Expires=1770460899&ssig=cNGYw1BX7c"
5263630721614719,1770459620,2026-02-07 10:20:20+08:00,QqGSQ74w6,这活动一出，大家都疯了哈哈哈,0,52,1770450099572,河南,5263630721614719,,6363278169,山山而是川,f,https://m.weibo.cn/u/6363278169?launchid=10000360-page_H5,"https://tvax3.sinaimg.cn/crop.0.0.684.684.180/006WDFkRly8hk78732jlgj30j00j0dgs.jpg?KID=imgbed,tva&Expires=1770460899&ssig=x2mwV%2F%2BmR7"
5263630322368708,1770459524,2026-02-07 10:18:44+08:00,QqGSQ74w6,0.01奶茶的快乐无敌,1,73,1770450099573,浙江,5263630322368708,,3053804843,春雨潇潇来了,f,https://m.weibo.cn/u/3053804843?launchid=10000360-page_H5,"https://tvax3.sinaimg.cn/crop.0.0.1080.1080.180/b6055d2bly8ho14voef51j20u00u0n0g.jpg?KID=imgbed,tva&Expires=1770460899&ssig=BBfqLz495T"
5263630631181062,1770459599,2026-02-07 10:19:59+08:00,QqGSQ74w6,下单一点延迟都没有，爽得飞起,1,50,1770450099575,辽宁,5263630631181062,,5912344833,fa叨叨,m,https://m.weibo.cn/u/5912344833?launchid=10000360-page_H5,"https://tvax4.sinaimg.cn/crop.0.0.960.960.180/006s7AYxly8fnuavjsfodj30qo0qo0tz.jpg?KID=imgbed,tva&Expires=1770460899&ssig=%2BenBaWEuoA"
5263630872611448,1770459656,2026-02-07 10:20:56+08:00,QqGSQ74w6,刚下好单，骑手都已经出发了,1,50,1770450099576,山东,5263630872611448,,3263799461,睡觉别打噜,f,https://m.weibo.cn/u/3263799461?launchid=10000360-page_H5,"https://tvax3.sinaimg.cn/crop.0.0.978.978.180/c289a0a5ly8i1jsbyafkqj20r60r6jtc.jpg?KID=imgbed,tva&Expires=1770460899&ssig=h4EhPaa%2FA0"
5263615418696388,1770455971,2026-02-07 09:19:31+08:00,QqGSQ74w6,我请问呢，两天了还不给点,26,66,1770450099577,广西,5263615418696388,https://wx2.sinaimg.cn/large/008ged2ggy1ia1qzr9o78j30u01uogs0.jpg,7568870736,落魄锦衣卫,f,https://m.weibo.cn/u/7568870736?launchid=10000360-page_H5,"https://tvax4.sinaimg.cn/crop.0.0.1079.1079.180/008ged2gly8i9n9klz02wj30tz0u00wj.jpg?KID=imgbed,tva&Expires=1770460899&ssig=4JE5ApgRRF"
5263614147824219,1770455669,2026-02-07 09:14:29+08:00,QqGSQ74w6,哇!太好了!支持的点赞👍,49,34,1770450099578,广东,5263614147824219,,1829271310,微包君,f,https://m.weibo.cn/u/1829271310?launchid=10000360-page_H5,"https://tvax4.sinaimg.cn/crop.0.0.960.960.180/6d08770egy1i9ytkvq6glj20qo0qodi8.jpg?KID=imgbed,tva&Expires=1770460899&ssig=%2F0Q3o%2FotA%2F"
5263621227807488,1770457357,2026-02-07 09:42:37+08:00,QqGSQ74w6,给新用户补免单卡！邀请注册登录都没有！支持的点赞,9,47,1770450099579,湖南,5263621227807488,,5609361977,分享白菜达人,m,https://m.weibo.cn/u/5609361977?launchid=10000360-page_H5,"https://tvax4.sinaimg.cn/crop.0.0.1080.1080.180/0067Cjihly8hjrnhq4fb1j30u00u1gnk.jpg?KID=imgbed,tva&Expires=1770460899&ssig=TawcCrCyag"
5263617193674647,1770456395,2026-02-07 09:26:35+08:00,QqGSQ74w6,扫这个码，不仅限于奶茶，还可以点吃的。,10,12,1770450099580,广东,5263617193674647,https://wx4.sinaimg.cn/large/005IdCQCgy1ia1r73n5a8j30lk0xcq85.jpg,5234070542,皮皮一图,m,https://m.weibo.cn/u/5234070542?launchid=10000360-page_H5,"https://tvax3.sinaimg.cn/crop.0.0.500.500.180/005IdCQCly8i94evxhctqj30dw0dw3zn.jpg?KID=imgbed,tva&Expires=1770460899&ssig=2ERtxtw4KO"
5263616015861468,1770456114,2026-02-07 09:21:54+08:00,QqGSQ74w6,我求你了一天了还没让我下单,11,16,1770450099582,云南,5263616015861468,https://wx3.sinaimg.cn/large/006CxJEOgy1ia1r1xs6ktj30wi1yc18r.jpg,6066338094,呀米鸭脖,f,https://m.weibo.cn/u/6066338094?launchid=10000360-page_H5,"https://tvax2.sinaimg.cn/crop.0.0.1080.1080.180/006CxJEOly8i9l33ao30oj30u00u0n1i.jpg?KID=imgbed,tva&Expires=1770460899&ssig=HV2mQO5bsF"
5263617228538217,1770456402,2026-02-07 09:26:42+08:00,QqGSQ74w6,～25无门槛还有谁没有,7,6,1770450099583,江苏,5263617228538217,https://wx3.sinaimg.cn/large/0080ZA1Cgy1ia1r74jkg1j31l81fotum.jpg,7343739148,她来看此花时,f,https://m.weibo.cn/u/7343739148?launchid=10000360-page_H5,"https://tvax3.sinaimg.cn/crop.0.0.512.512.180/0080ZA1Cly8hov4ryn00bj30e80e80ta.jpg?KID=imgbed,tva&Expires=1770460899&ssig=B8llVlpAlj"
5263678781785882,1770471079,2026-02-07 13:31:19+08:00,QqGSQ74w6,四张了,2,4,1770450099584,广东,5263678781785882,https://wx1.sinaimg.cn/large/0087Ct7Ngy1ia1y9pk0skj30u01v0tjg.jpg,7441665431,小绒是垂耳兔,m,https://m.weibo.cn/u/7441665431?launchid=10000360-page_H5,"https://tvax2.sinaimg.cn/crop.0.0.1080.1080.180/0087Ct7Nly8i5mv6l9746j30u00u0jv0.jpg?KID=imgbed,tva&Expires=1770460899&ssig=EqGFJG9K1M"
5263643496939890,1770462665,2026-02-07 11:11:05+08:00,QqGSQ74w6,@·Romantic苏· @Buchiwobuchi 快来,0,2,1770450099586,浙江,5263643496939890,,6502465966,新了酱_酱了新,f,https://m.weibo.cn/u/6502465966?launchid=10000360-page_H5,"https://tvax3.sinaimg.cn/crop.0.0.1080.1080.180/00763Grkly8i9uu8hfnuoj30u00u0grp.jpg?KID=imgbed,tva&Expires=1770460899&ssig=j9rjMAzvng"
5263625197453405,1770458302,2026-02-07 09:58:22+08:00,QqGSQ74w6,APP内的提醒抓紧更新啊，还是到2月23号,1,6,1770450099587,湖北,5263625197453405,,2697256532,换了好几个名字,m,https://m.weibo.cn/u/2697256532?launchid=10000360-page_H5,"https://tvax4.sinaimg.cn/crop.0.0.1010.1010.180/a0c4de54ly8gm870yfoskj20s20s2jwd.jpg?KID=imgbed,tva&Expires=1770460899&ssig=AiqMJWnhYN"
5263664077867874,1770467573,2026-02-07 12:32:53+08:00,QqGSQ74w6,千问这波直接封神了,1,3,1770450099588,福建,5263664077867874,,7595677270,人间清醒大赏,f,https://m.weibo.cn/u/7595677270?launchid=10000360-page_H5,"https://tvax1.sinaimg.cn/crop.0.0.750.750.180/008i2GDIly8i6dg7qr79ej30ku0kuq3x.jpg?KID=imgbed,tva&Expires=1770460899&ssig=O9RjQbaAwb"
5263631840449098,1770459887,2026-02-07 10:24:47+08:00,QqGSQ74w6,最新的,1,2,1770450099590,北京,5263631840449098,https://wx4.sinaimg.cn/large/008BHC6Aly1ia1svmk92aj30rd16cwlv.jpg,7886181672,查理win,f,https://m.weibo.cn/u/7886181672?launchid=10000360-page_H5,"https://tvax1.sinaimg.cn/crop.0.0.688.688.180/008BHC6Aly8i7m6t67ns9j30j40j4gm5.jpg?KID=imgbed,tva&Expires=1770460899&ssig=fb2055ccCw"
5263698236801156,1770475716,2026-02-07 14:48:36+08:00,QqGSQ74w6,我的这个至少可以领两张！先到先得！,1,2,1770450099591,上海,5263698236801156,https://wx1.sinaimg.cn/large/00853VQcgy1ia20hz3pp1j30lk0xcn5u.jpg,7403881664,秋枫原,f,https://m.weibo.cn/u/7403881664?launchid=10000360-page_H5,"https://tvax1.sinaimg.cn/crop.0.0.1080.1080.180/00853VQcly8hg5t3e3f0sj30u00u0tbl.jpg?KID=imgbed,tva&Expires=1770460899&ssig=KzMTP%2FfL5q"
5263656308705283,1770465721,2026-02-07 12:02:01+08:00,QqGSQ74w6,冲啊,0,0,1770450131320,湖北,5263655482426849,,1067572881,妖盐货重,m,https://m.weibo.cn/u/1067572881?launchid=10000360-page_H5,"https://tvax4.sinaimg.cn/crop.0.0.640.640.640.180/002XJY2Tly8i7oqi8etiyj606c06cglt02.jpg?KID=imgbed,tva&Expires=1770460899&ssig=K%2BHWvyPMJ%2F"
5263657130789332,1770465917,2026-02-07 12:05:17+08:00,QqGSQ74w6,图片评论 评论配图,0,0,1770450131322,安徽,5263655482426849,,7161510054,迟暮a·,m,https://m.weibo.cn/u/7161510054?launchid=10000360-page_H5,"https://tvax2.sinaimg.cn/crop.0.0.996.996.180/007OEXUGly8gsm5p34zx2j30ro0ro41p.jpg?KID=imgbed,tva&Expires=1770460899&ssig=cNB9pJwnkx"
5263653712693644,1770465102,2026-02-07 11:51:42+08:00,QqGSQ74w6,图片评论 评论配图,0,0,1770450131323,北京,5263630474152565,,7886181672,查理win,f,https://m.weibo.cn/u/7886181672?launchid=10000360-page_H5,"https://tvax1.sinaimg.cn/crop.0.0.688.688.180/008BHC6Aly8i7m6t67ns9j30j40j4gm5.jpg?KID=imgbed,tva&Expires=1770460899&ssig=fb2055ccCw"
5263637266828738,1770461181,2026-02-07 10:46:21+08:00,QqGSQ74w6,我这个也是双倍快乐，特别是新用户，不止奶茶 评论配图,0,0,1770450131325,广东,5263632385966704,,2332335123,LSYFLY,m,https://m.weibo.cn/u/2332335123?launchid=10000360-page_H5,"https://tvax3.sinaimg.cn/crop.0.0.1024.1024.180/8b049c13ly8hbu2unmw6gj20sg0sgwgn.jpg?KID=imgbed,tva&Expires=1770460899&ssig=rwTtsXh56J"
5263651877424349,1770464664,2026-02-07 11:44:24+08:00,QqGSQ74w6,图片评论 评论配图,0,0,1770450131326,安徽,5263632385966704,,7985172338,玙眠each,m,https://m.weibo.cn/u/7985172338?launchid=10000360-page_H5,"https://tvax3.sinaimg.cn/crop.0.0.1080.1080.180/008IoY6ely8i184a58wrvj30u00u0tal.jpg?KID=imgbed,tva&Expires=1770460899&ssig=dh4ndtgIKn"
5263652002204256,1770464694,2026-02-07 11:44:54+08:00,QqGSQ74w6,是的呢，超快乐，还有没领的吗 评论配图,0,0,1770450131327,河南,5263630322368708,,7548713033,七七不喝冰可乐,f,https://m.weibo.cn/u/7548713033?launchid=10000360-page_H5,"https://tvax1.sinaimg.cn/crop.0.0.334.334.180/008eRD61ly8hl3fj0r854j309a09a0st.jpg?KID=imgbed,tva&Expires=1770460899&ssig=K9lxN%2FRs%2B3"
5263635838145185,1770460840,2026-02-07 10:40:40+08:00,QqGSQ74w6,我是新人，赶紧的网页链接,0,0,1770450131329,北京,5263630872611448,,7886181672,查理win,f,https://m.weibo.cn/u/7886181672?launchid=10000360-page_H5,"https://tvax1.sinaimg.cn/crop.0.0.688.688.180/008BHC6Aly8i7m6t67ns9j30j40j4gm5.jpg?KID=imgbed,tva&Expires=1770460899&ssig=fb2055ccCw"
5263616674628408,1770456270,2026-02-07 09:24:30+08:00,QqGSQ74w6,我教你，半夜人少的时候，你就发帮我点杯奶茶，然后它就会出现商家界面，这个时候你就不用点了，直接睡觉，第二天早上起来，再点就可以了，我就是这样点的。我看其他人说，你也可以一直给他发，一直发也可以,0,0,1770450131330,江苏,5263615418696388,,7932051212,舒舒_shua,f,https://m.weibo.cn/u/7932051212?launchid=10000360-page_H5,"https://tvax2.sinaimg.cn/crop.0.0.1080.1080.180/008EO4RSly8hs6ylu82hhj30u00u0qes.jpg?KID=imgbed,tva&Expires=1770460899&ssig=nhuCSogisK"
5263625466154131,1770458367,2026-02-07 09:59:27+08:00,QqGSQ74w6,我也是这个提示,0,0,1770450131332,上海,5263615418696388,,1141645992,rearea1104,f,https://m.weibo.cn/u/1141645992?launchid=10000360-page_H5,"https://tvax3.sinaimg.cn/crop.0.0.1080.1080.180/440c22a8ly8g0s1bovzlmj20u00u0tax.jpg?KID=imgbed,tva&Expires=1770460899&ssig=sk%2BU3EKNN%2F"
5263621094640214,1770457325,2026-02-07 09:42:05+08:00,QqGSQ74w6,宝宝们扫这个码可以领券哦！ 评论配图,0,0,1770450131333,黑龙江,5263614147824219,,7284444560,心换龙鳞,f,https://m.weibo.cn/u/7284444560?launchid=10000360-page_H5,"https://tvax3.sinaimg.cn/crop.0.0.1080.1080.180/007WYMNily1i8d4e9dqcbj30u00u0jsl.jpg?KID=imgbed,tva&Expires=1770460899&ssig=70psknNquo"
5263615563139523,1770456006,2026-02-07 09:20:06+08:00,QqGSQ74w6,这里还能领全品免单卡 评论配图,0,0,1770450131334,福建,5263614147824219,,7432465832,你工农爷爷来咯,m,https://m.weibo.cn/u/7432465832?launchid=10000360-page_H5,"https://tvax3.sinaimg.cn/crop.0.0.996.996.180/0086ZRTaly8ge0fipxfxwj30ro0romz6.jpg?KID=imgbed,tva&Expires=1770460899&ssig=xXg2KLV6AL"
5263625447019159,1770458363,2026-02-07 09:59:23+08:00,QqGSQ74w6,快来一起互助吧千问互助千人群,0,0,1770450131335,湖南,5263621227807488,,5609361977,分享白菜达人,m,https://m.weibo.cn/u/5609361977?launchid=10000360-page_H5,"https://tvax4.sinaimg.cn/crop.0.0.1080.1080.180/0067Cjihly8hjrnhq4fb1j30u00u1gnk.jpg?KID=imgbed,tva&Expires=1770460899&ssig=TawcCrCyag"
5263632653884427,1770460081,2026-02-07 10:28:01+08:00,QqGSQ74w6,我这个可以啊 评论配图,0,0,1770450131337,安徽,5263621227807488,,6155362737,今天是芒果味e,m,https://m.weibo.cn/u/6155362737?launchid=10000360-page_H5,"https://tvax2.sinaimg.cn/crop.0.0.996.996.180/006Izh29ly8fvw5r8ibkkj30ro0rotan.jpg?KID=imgbed,tva&Expires=1770460899&ssig=ZdJxNTSXGu"
5263617211498812,1770456398,2026-02-07 09:26:38+08:00,QqGSQ74w6,,0,0,1770450131338,广东,5263617193674647,,5234070542,皮皮一图,m,https://m.weibo.cn/u/5234070542?launchid=10000360-page_H5,"https://tvax3.sinaimg.cn/crop.0.0.500.500.180/005IdCQCly8i94evxhctqj30dw0dw3zn.jpg?KID=imgbed,tva&Expires=1770460899&ssig=2ERtxtw4KO"
5263619015314077,1770456829,2026-02-07 09:33:49+08:00,QqGSQ74w6,扫码领全品免单卡，刚刚下单了 评论配图,0,0,1770450131339,福建,5263617193674647,,7432465832,你工农爷爷来咯,m,https://m.weibo.cn/u/7432465832?launchid=10000360-page_H5,"https://tvax3.sinaimg.cn/crop.0.0.996.996.180/0086ZRTaly8ge0fipxfxwj30ro0romz6.jpg?KID=imgbed,tva&Expires=1770460899&ssig=xXg2KLV6AL"
5263616065930110,1770456126,2026-02-07 09:22:06+08:00,QqGSQ74w6,@千问,0,0,1770450131341,云南,5263616015861468,,6066338094,呀米鸭脖,f,https://m.weibo.cn/u/6066338094?launchid=10000360-page_H5,"https://tvax2.sinaimg.cn/crop.0.0.1080.1080.180/006CxJEOly8i9l33ao30oj30u00u0n1i.jpg?KID=imgbed,tva&Expires=1770460899&ssig=HV2mQO5bsF"
5263626476716987,1770458608,2026-02-07 10:03:28+08:00,QqGSQ74w6,看到别人的方法就不停的给他发，不停的给他发。我刚刚就是不停给他发，不停给他发，然后换了一个用词，结果就弄到一个。,0,0,1770450131342,上海,5263616015861468,,1141645992,rearea1104,f,https://m.weibo.cn/u/1141645992?launchid=10000360-page_H5,"https://tvax3.sinaimg.cn/crop.0.0.1080.1080.180/440c22a8ly8g0s1bovzlmj20u00u0tax.jpg?KID=imgbed,tva&Expires=1770460899&ssig=sk%2BU3EKNN%2F"
5263617421477766,1770456449,2026-02-07 09:27:29+08:00,QqGSQ74w6,领到了谢谢,0,0,1770450131343,江苏,5263617228538217,,5163053304,出差的冰美式,f,https://m.weibo.cn/u/5163053304?launchid=10000360-page_H5,"https://tvax1.sinaimg.cn/crop.0.0.1080.1080.180/005DpE1ily8i7f782p70qj30u00u0gpn.jpg?KID=imgbed,tva&Expires=1770460899&ssig=urmOKZzPpK"
5263619837135094,1770457025,2026-02-07 09:37:05+08:00,QqGSQ74w6,全品类,0,0,1770450131344,江苏,5263617228538217,,7343739148,她来看此花时,f,https://m.weibo.cn/u/7343739148?launchid=10000360-page_H5,"https://tvax3.sinaimg.cn/crop.0.0.512.512.180/0080ZA1Cly8hov4ryn00bj30e80e80ta.jpg?KID=imgbed,tva&Expires=1770460899&ssig=B8llVlpAlj"
5263678828971642,1770471090,2026-02-07 13:31:30+08:00,QqGSQ74w6,扫码可领 评论配图,0,0,1770450131346,广东,5263678781785882,,7441665431,小绒是垂耳兔,m,https://m.weibo.cn/u/7441665431?launchid=10000360-page_H5,"https://tvax2.sinaimg.cn/crop.0.0.1080.1080.180/0087Ct7Nly8i5mv6l9746j30u00u0jv0.jpg?KID=imgbed,tva&Expires=1770460899&ssig=EqGFJG9K1M"
5263697871375543,1770475630,2026-02-07 14:47:10+08:00,QqGSQ74w6,咋用啊,0,0,1770450131348,天津,5263678781785882,,6689804749,熬不过黑夜z,m,https://m.weibo.cn/u/6689804749?launchid=10000360-page_H5,"https://tvax4.sinaimg.cn/crop.0.0.1002.1002.180/007iJJOBly8gdiq6tkfapj30ru0rumzx.jpg?KID=imgbed,tva&Expires=1770460899&ssig=pb2aYvwOOS"
5263635490278722,1770460757,2026-02-07 10:39:17+08:00,QqGSQ74w6,刚刚点了饭,0,0,1770450131349,湖北,5263625197453405,,2697256532,换了好几个名字,m,https://m.weibo.cn/u/2697256532?launchid=10000360-page_H5,"https://tvax4.sinaimg.cn/crop.0.0.1010.1010.180/a0c4de54ly8gm870yfoskj20s20s2jwd.jpg?KID=imgbed,tva&Expires=1770460899&ssig=AiqMJWnhYN"
5263686597870359,1770472941,2026-02-07 14:02:21+08:00,QqGSQ74w6,回复@用户j2r92bfhvc:保存图片，发给千问，还可以领奶茶哦 评论配图,0,0,1770450131350,福建,5263664077867874,,1117131027,用户j2r92bfhvc,m,https://m.weibo.cn/u/1117131027?launchid=10000360-page_H5,"https://tvax4.sinaimg.cn/crop.0.0.1080.1080.180/42961113ly8hwc9g8zjjpj20u00u041w.jpg?KID=imgbed,tva&Expires=1770460899&ssig=KEgzJKZCFt"
5263635892405199,1770460852,2026-02-07 10:40:52+08:00,QqGSQ74w6,我是新人，赶紧的网页链接,0,0,1770450131351,北京,5263631840449098,,7886181672,查理win,f,https://m.weibo.cn/u/7886181672?launchid=10000360-page_H5,"https://tvax1.sinaimg.cn/crop.0.0.688.688.180/008BHC6Aly8i7m6t67ns9j30j40j4gm5.jpg?KID=imgbed,tva&Expires=1770460899&ssig=fb2055ccCw"
5263703125525322,1770476883,2026-02-07 15:08:03+08:00,QqGSQ74w6,2张不够，有没有20张,0,0,1770450131353,安徽,5263698236801156,,7893842536,用户7893842536,f,https://m.weibo.cn/u/7893842536?launchid=10000360-page_H5,"https://tvax1.sinaimg.cn/default/images/default_avatar_female_180.gif?KID=imgbed,tva&Expires=1770460899&ssig=RoCGpRseby"
5263649650511058,1770464133,2026-02-07 11:35:33+08:00,QqHt8iq1O,哈哈哈哈哈，试试,95,31,1770450145729,广东,5263649650511058,,7433342360,想_咩呀,m,https://m.weibo.cn/u/7433342360?launchid=10000360-page_H5,"https://tvax2.sinaimg.cn/crop.0.0.963.963.180/00873xUIly8hebywewqhrj30qr0qraem.jpg?KID=imgbed,tva&Expires=1770460945&ssig=UFjHOU1G9%2B"
5263674941900082,1770470163,2026-02-07 13:16:03+08:00,QqHt8iq1O,漏洞，扫一次，领20张,17,1,1770450145731,河北,5263674941900082,https://wx3.sinaimg.cn/large/008vXOcUly1ia1xtrjd79j30ov10t7ag.jpg,7801383424,雨橙橙-,f,https://m.weibo.cn/u/7801383424?launchid=10000360-page_H5,"https://tvax3.sinaimg.cn/crop.0.0.1080.1080.180/008vXOcUly8i8xytjd78dj30u00u0ac7.jpg?KID=imgbed,tva&Expires=1770460945&ssig=sieTWSrZDW"
5263708284519442,1770478113,2026-02-07 15:28:33+08:00,QqHt8iq1O,速速，这个巨快，一次20张,2,8,1770450145732,浙江,5263708284519442,https://wx4.sinaimg.cn/large/005IdCQCgy1ia21nq2onrj30l40woad8.jpg,5234070542,皮皮一图,m,https://m.weibo.cn/u/5234070542?launchid=10000360-page_H5,"https://tvax3.sinaimg.cn/crop.0.0.500.500.180/005IdCQCly8i94evxhctqj30dw0dw3zn.jpg?KID=imgbed,tva&Expires=1770460945&ssig=NhU2PU%2Fpux"
5263687402917218,1770473134,2026-02-07 14:05:34+08:00,QqHt8iq1O,扫码必得,5,1,1770450145733,广东,5263687402917218,https://wx2.sinaimg.cn/large/008EMqIFgy1ia1z9dzmp9j30og11t0we.jpg,7931658553,言轵_yan,m,https://m.weibo.cn/u/7931658553?launchid=10000360-page_H5,"https://tvax1.sinaimg.cn/crop.0.0.1080.1080.180/008EMqIFly8i17hswhrm1j30u00u0jwh.jpg?KID=imgbed,tva&Expires=1770460945&ssig=S8e1w3yOJf"
5263704108305034,1770477117,2026-02-07 15:11:57+08:00,QqHt8iq1O,速来 先到先得,3,2,1770450145735,新疆,5263704108305034,https://wx2.sinaimg.cn/large/0087twc1ly1ia216gaqjrj30og11tn3q.jpg,7439532273,余汐未眠,m,https://m.weibo.cn/u/7439532273?launchid=10000360-page_H5,"https://tvax2.sinaimg.cn/crop.0.0.1080.1080.180/0087twc1ly8i8pw1ljp06j30u00u0tau.jpg?KID=imgbed,tva&Expires=1770460945&ssig=HdqVgJ1slQ"
5263700087016438,1770476158,2026-02-07 14:55:58+08:00,QqHt8iq1O,还有5张免单，先领先得，不限于点奶茶，👉👉,2,1,1770450145736,四川,5263700087016438,https://wx3.sinaimg.cn/large/006ehFWOgy1ia20ptqjplj30me0ynn1x.jpg,5707878522,沐言戈,f,https://m.weibo.cn/u/5707878522?launchid=10000360-page_H5,"https://tvax2.sinaimg.cn/crop.0.0.720.720.180/006ehFWOly8gzl3lk161mj30k00k0gmn.jpg?KID=imgbed,tva&Expires=1770460945&ssig=aeFNsGx72F"
5263696500886242,1770475303,2026-02-07 14:41:43+08:00,QqHt8iq1O,来之,1,1,1770450145737,北京,5263696500886242,https://wx3.sinaimg.cn/large/006GuY69ly1ia20aw46rhj30o911i7ap.jpg,6124783965,海盐焙红薯愿,f,https://m.weibo.cn/u/6124783965?launchid=10000360-page_H5,"https://tvax4.sinaimg.cn/crop.0.0.1080.1080.180/006GuY69ly8i8s9j7v2doj30u00u0myl.jpg?KID=imgbed,tva&Expires=1770460945&ssig=JbMhjJ%2FJni"
5263688162346533,1770473315,2026-02-07 14:08:35+08:00,QqHt8iq1O,一人可以领20张哦！,3,1,1770450145739,福建,5263688162346533,https://wx1.sinaimg.cn/large/006I5rLIgy1ia1zccbyngj30oy12l793.jpg,6148254162,吃一口汤圆Rainie,f,https://m.weibo.cn/u/6148254162?launchid=10000360-page_H5,"https://tvax1.sinaimg.cn/crop.0.0.1080.1080.180/006I5rLIly8i9kklcmi3dj30u00u0jv5.jpg?KID=imgbed,tva&Expires=1770460945&ssig=xt%2FyNMRofv"
5263676821211408,1770470611,2026-02-07 13:23:31+08:00,QqHt8iq1O,扫码比得,0,1,1770450145740,河南,5263676821211408,https://wx4.sinaimg.cn/large/008wBzO3ly1ia1y1h1vyjj30oy12lgqs.jpg,7810861187,饱爱,f,https://m.weibo.cn/u/7810861187?launchid=10000360-page_H5,"https://tvax4.sinaimg.cn/crop.0.0.430.430.180/008wBzO3ly8hw46148nnlj30by0byglu.jpg?KID=imgbed,tva&Expires=1770460945&ssig=%2BLEus4i01U"
5263709161393416,1770478322,2026-02-07 15:32:02+08:00,QqHt8iq1O,我这个至少可以领两张！大家先到先得！,1,2,1770450145741,上海,5263709161393416,https://wx1.sinaimg.cn/large/00853VQcgy1ia21r5d05jj30lk0xc11i.jpg,7403881664,秋枫原,f,https://m.weibo.cn/u/7403881664?launchid=10000360-page_H5,"https://tvax1.sinaimg.cn/crop.0.0.1080.1080.180/00853VQcly8hg5t3e3f0sj30u00u0tbl.jpg?KID=imgbed,tva&Expires=1770460945&ssig=B7KFwX6voc"
5263702318122620,1770476690,2026-02-07 15:04:50+08:00,QqHt8iq1O,@陈啊擦c 哈哈哈哈 试下！！,1,0,1770450145743,海南,5263702318122620,,2165812783,夹心饼干ouo-,f,https://m.weibo.cn/u/2165812783?launchid=10000360-page_H5,"https://tvax2.sinaimg.cn/crop.0.0.1080.1080.180/8117ae2fly8i8y6vic2dnj20u00u0dgo.jpg?KID=imgbed,tva&Expires=1770460945&ssig=Hm0NdArwPq"
5263702100020758,1770476638,2026-02-07 15:03:58+08:00,QqHt8iq1O,可以领两张诶！,0,0,1770450145744,广东,5263702100020758,https://wx2.sinaimg.cn/large/008G5ApIgy1ia20y2gjrhj30qk153adp.jpg,7951000386,锦鲤颜颜a,f,https://m.weibo.cn/u/7951000386?launchid=10000360-page_H5,"https://tvax2.sinaimg.cn/crop.0.0.1080.1080.180/008G5ApIly8i6ukcxrr6wj30u00u0jtz.jpg?KID=imgbed,tva&Expires=1770460945&ssig=M9ZX%2F74Ika"
5263688762394476,1770473458,2026-02-07 14:10:58+08:00,QqHt8iq1O,还有8杯，谁还没喝上,2,3,1770450145746,山东,5263688762394476,https://wx3.sinaimg.cn/large/007aKQx1ly1ia1zeztvlqj30o911i421.jpg,6571858207,纯情雾气,f,https://m.weibo.cn/u/6571858207?launchid=10000360-page_H5,"https://tvax2.sinaimg.cn/crop.0.0.1080.1080.180/007aKQx1ly8i438bp84lgj30u00u0n0d.jpg?KID=imgbed,tva&Expires=1770460945&ssig=PbJT7RMvUM"
5263687130288214,1770473069,2026-02-07 14:04:29+08:00,QqHt8iq1O,哈哈哈，太搞笑,0,0,1770450145747,广东,5263687130288214,,7909451089,人生苦短难得清闲,f,https://m.weibo.cn/u/7909451089?launchid=10000360-page_H5,"https://tvax2.sinaimg.cn/crop.0.0.500.500.180/008DhfxLly8i4pqix4ud6j30dw0dwaat.jpg?KID=imgbed,tva&Expires=1770460945&ssig=ntpluyMCwv"
5263685190683832,1770472607,2026-02-07 13:56:47+08:00,QqHt8iq1O,图片评论,1,0,1770450145748,山西,5263685190683832,https://wx3.sinaimg.cn/large/47b98dc1ly1ia1z08w2ivj20o911in3j.jpg,1203342785,Arrebo-,f,https://m.weibo.cn/u/1203342785?launchid=10000360-page_H5,"https://tvax4.sinaimg.cn/crop.0.0.896.896.180/47b98dc1ly8h13ywbi33uj20ow0ow0vr.jpg?KID=imgbed,tva&Expires=1770460945&ssig=HjZ3HVt%2BMg"
5263692648418002,1770474385,2026-02-07 14:26:25+08:00,QqHt8iq1O,快来薅,0,2,1770450145750,新疆,5263692648418002,https://wx1.sinaimg.cn/large/0087twc1ly1ia1zv2ut47j30og11tn3q.jpg,7439532273,余汐未眠,m,https://m.weibo.cn/u/7439532273?launchid=10000360-page_H5,"https://tvax2.sinaimg.cn/crop.0.0.1080.1080.180/0087twc1ly8i8pw1ljp06j30u00u0tau.jpg?KID=imgbed,tva&Expires=1770460945&ssig=HdqVgJ1slQ"
5263685251501727,1770472621,2026-02-07 13:57:01+08:00,QqHt8iq1O,还有10杯，谁要,1,2,1770450145751,山东,5263685251501727,https://wx4.sinaimg.cn/large/008z94SEly1ia1z0djg60j30me0yn0xk.jpg,7848398132,一个勇敢的小饼干,f,https://m.weibo.cn/u/7848398132?launchid=10000360-page_H5,"https://tvax2.sinaimg.cn/crop.0.0.960.960.180/008z94SEly8i1qfcphycyj30qo0qo76d.jpg?KID=imgbed,tva&Expires=1770460945&ssig=SaceRQa0gU"
5263682092928161,1770471868,2026-02-07 13:44:28+08:00,QqHt8iq1O,还有二十张,1,2,1770450145753,河南,5263682092928161,https://wx1.sinaimg.cn/large/005Z2tERly1ia1yndgxckj30qr15dn4d.jpg,5482611321,爱吃梨的聪聪,f,https://m.weibo.cn/u/5482611321?launchid=10000360-page_H5,"https://tvax4.sinaimg.cn/crop.0.0.1080.1080.180/005Z2tERly8i5xv7s6s7cj30u00u0q43.jpg?KID=imgbed,tva&Expires=1770460945&ssig=CACWlN6SHa"
5263708238385149,1770478102,2026-02-07 15:28:22+08:00,QqHt8iq1O,扫我这个新鲜的,0,1,1770450145754,广西,5263708238385149,https://wx4.sinaimg.cn/large/0067SN8ogy1ia21ncg4dgj30me0ynn22.jpg,5613289932,EVEN铃儿,f,https://m.weibo.cn/u/5613289932?launchid=10000360-page_H5,"https://tvax3.sinaimg.cn/crop.0.0.996.996.180/0067SN8oly8gj3hk9mpooj30ro0rodh3.jpg?KID=imgbed,tva&Expires=1770460945&ssig=uX%2FFWXDdTS"
5263700505135273,1770476258,2026-02-07 14:57:38+08:00,QqHt8iq1O,假的，卸了,0,1,1770450145756,辽宁,5263700505135273,,2305191435,小月光仔儿,m,https://m.weibo.cn/u/2305191435?launchid=10000360-page_H5,"https://tvax4.sinaimg.cn/crop.0.0.640.640.180/89666e0bly8g4orqrul43j20hs0hsn1o.jpg?KID=imgbed,tva&Expires=1770460945&ssig=7TIMBCdwVP"
5263699210406725,1770475949,2026-02-07 14:52:29+08:00,QqHt8iq1O,扫这个码，不仅限于奶茶，还可以点吃的。 评论配图,0,0,1770450219211,广东,5263649650511058,,7757112412,梦里江中,f,https://m.weibo.cn/u/7757112412?launchid=10000360-page_H5,"https://tvax3.sinaimg.cn/crop.0.0.500.500.180/008sY3ikly8i71322mx0xj30dw0dwaap.jpg?KID=imgbed,tva&Expires=1770460945&ssig=1S%2F9O0JlyM"
5263708079001486,1770478064,2026-02-07 15:27:44+08:00,QqHt8iq1O,速速，这个快 评论配图,0,0,1770450219213,浙江,5263649650511058,,5234070542,皮皮一图,m,https://m.weibo.cn/u/5234070542?launchid=10000360-page_H5,"https://tvax3.sinaimg.cn/crop.0.0.500.500.180/005IdCQCly8i94evxhctqj30dw0dw3zn.jpg?KID=imgbed,tva&Expires=1770460945&ssig=NhU2PU%2Fpux"
5263708804612154,1770478236,2026-02-07 15:30:36+08:00,QqHt8iq1O,扫这个 评论配图,0,0,1770450219214,浙江,5263674941900082,,7876245985,沈翊世萌一,f,https://m.weibo.cn/u/7876245985?launchid=10000360-page_H5,"https://tvax2.sinaimg.cn/crop.0.0.1080.1080.180/008B1Vnzly8i9ty8z5tm3j30u00u0ta2.jpg?KID=imgbed,tva&Expires=1770460945&ssig=TU89cF34db"
5263709368222030,1770478370,2026-02-07 15:32:50+08:00,QqHt8iq1O,扫这个码，不仅限于奶茶，还可以点吃的 评论配图,0,0,1770450219215,福建,5263674941900082,,6520177206,在下毛毛雨u_u-,f,https://m.weibo.cn/u/6520177206?launchid=10000360-page_H5,"https://tvax3.sinaimg.cn/crop.0.0.1080.1080.180/0077fZWuly8i44k5x2t2bj30u00u0tam.jpg?KID=imgbed,tva&Expires=1770460945&ssig=lOouU1diBv"
5263709427206909,1770478385,2026-02-07 15:33:05+08:00,QqHt8iq1O,扫这个码，不仅限于奶茶，还可以点吃的 评论配图,0,0,1770450219217,福建,5263708284519442,,6520177206,在下毛毛雨u_u-,f,https://m.weibo.cn/u/6520177206?launchid=10000360-page_H5,"https://tvax3.sinaimg.cn/crop.0.0.1080.1080.180/0077fZWuly8i44k5x2t2bj30u00u0tam.jpg?KID=imgbed,tva&Expires=1770460945&ssig=lOouU1diBv"
5263709280670179,1770478350,2026-02-07 15:32:30+08:00,QqHt8iq1O,还有最后四张全品免单卡 评论配图,0,0,1770450219218,河南,5263708284519442,,9090379449,安静红苹果飞行,f,https://m.weibo.cn/u/9090379449?launchid=10000360-page_H5,"https://tvax4.sinaimg.cn/crop.0.0.872.872.180/009VciXnly8i83vuwbn0jj30o80o8abv.jpg?KID=imgbed,tva&Expires=1770460945&ssig=rk%2FQq0aj5h"
5263687415503342,1770473137,2026-02-07 14:05:37+08:00,QqHt8iq1O,,0,0,1770450219219,广东,5263687402917218,,7931658553,言轵_yan,m,https://m.weibo.cn/u/7931658553?launchid=10000360-page_H5,"https://tvax1.sinaimg.cn/crop.0.0.1080.1080.180/008EMqIFly8i17hswhrm1j30u00u0jwh.jpg?KID=imgbed,tva&Expires=1770460945&ssig=S8e1w3yOJf"
5263709476751352,1770478397,2026-02-07 15:33:17+08:00,QqHt8iq1O,扫这个码，不仅限于奶茶，还可以点吃的 评论配图,0,0,1770450219221,福建,5263687402917218,,6520177206,在下毛毛雨u_u-,f,https://m.weibo.cn/u/6520177206?launchid=10000360-page_H5,"https://tvax3.sinaimg.cn/crop.0.0.1080.1080.180/0077fZWuly8i44k5x2t2bj30u00u0tam.jpg?KID=imgbed,tva&Expires=1770460945&ssig=lOouU1diBv"
5263704184064909,1770477135,2026-02-07 15:12:15+08:00,QqHt8iq1O,,0,0,1770450219222,新疆,5263704108305034,,7439532273,余汐未眠,m,https://m.weibo.cn/u/7439532273?launchid=10000360-page_H5,"https://tvax2.sinaimg.cn/crop.0.0.1080.1080.180/0087twc1ly8i8pw1ljp06j30u00u0tau.jpg?KID=imgbed,tva&Expires=1770460945&ssig=HdqVgJ1slQ"
5263700158058239,1770476175,2026-02-07 14:56:15+08:00,QqHt8iq1O,就是牛🐮,0,0,1770450219223,四川,5263700087016438,,5707878522,沐言戈,f,https://m.weibo.cn/u/5707878522?launchid=10000360-page_H5,"https://tvax2.sinaimg.cn/crop.0.0.720.720.180/006ehFWOly8gzl3lk161mj30k00k0gmn.jpg?KID=imgbed,tva&Expires=1770460945&ssig=aeFNsGx72F"
5263696697756685,1770475350,2026-02-07 14:42:30+08:00,QqHt8iq1O,,0,0,1770450219224,北京,5263696500886242,,6124783965,海盐焙红薯愿,f,https://m.weibo.cn/u/6124783965?launchid=10000360-page_H5,"https://tvax4.sinaimg.cn/crop.0.0.1080.1080.180/006GuY69ly8i8s9j7v2doj30u00u0myl.jpg?KID=imgbed,tva&Expires=1770460945&ssig=JbMhjJ%2FJni"
5263692079825726,1770474248,2026-02-07 14:24:08+08:00,QqHt8iq1O,这扫出来怎么是说不能自己给自己助力？,0,0,1770450219226,浙江,5263688162346533,,7998250481,心门时,f,https://m.weibo.cn/u/7998250481?launchid=10000360-page_H5,"https://tvax4.sinaimg.cn/crop.0.0.512.512.180/008JhQk1ly8i16lg000f0j30e80e83yq.jpg?KID=imgbed,tva&Expires=1770460945&ssig=jHJRxVA4rC"
5263710893638894,1770478735,2026-02-07 15:38:55+08:00,QqHt8iq1O,我去真领到了？你凭什么 评论配图,0,0,1770450219227,上海,5263709161393416,,7303615109,游戏吐槽怪,m,https://m.weibo.cn/u/7303615109?launchid=10000360-page_H5,"https://tvax1.sinaimg.cn/crop.0.0.512.512.180/007YhdVHly8ha8038tr5sj30e80e8mxj.jpg?KID=imgbed,tva&Expires=1770460945&ssig=ev%2FEDRsjpF"
5263703790324434,1770477041,2026-02-07 15:10:41+08:00,QqHt8iq1O,没有用！！！爆满！,0,0,1770450219229,海南,5263702318122620,,2210269202,陈啊擦c,m,https://m.weibo.cn/u/2210269202?launchid=10000360-page_H5,"https://tvax3.sinaimg.cn/crop.0.0.512.512.180/002pA3Zgly8gtm76ehbdbj60e80e8gme02.jpg?KID=imgbed,tva&Expires=1770460945&ssig=%2FyOBhS3z8x"
5263688833700020,1770473475,2026-02-07 14:11:15+08:00,QqHt8iq1O,速速,0,0,1770450219230,山东,5263688762394476,,6571858207,纯情雾气,f,https://m.weibo.cn/u/6571858207?launchid=10000360-page_H5,"https://tvax2.sinaimg.cn/crop.0.0.1080.1080.180/007aKQx1ly8i438bp84lgj30u00u0n0d.jpg?KID=imgbed,tva&Expires=1770460945&ssig=PbJT7RMvUM"
5263691100718544,1770474016,2026-02-07 14:20:16+08:00,QqHt8iq1O,图片评论 评论配图,0,0,1770450219231,北京,5263685190683832,,1442551700,vilio,f,https://m.weibo.cn/u/1442551700?launchid=10000360-page_H5,"https://tva1.sinaimg.cn/crop.0.0.180.180.180/55fb9794jw1e8qgp5bmzyj2050050aa8.jpg?KID=imgbed,tva&Expires=1770460945&ssig=76CIGcIPvB"
5263685318872867,1770472637,2026-02-07 13:57:17+08:00,QqHt8iq1O,,0,0,1770450219233,山东,5263685251501727,,7848398132,一个勇敢的小饼干,f,https://m.weibo.cn/u/7848398132?launchid=10000360-page_H5,"https://tvax2.sinaimg.cn/crop.0.0.960.960.180/008z94SEly8i1qfcphycyj30qo0qo76d.jpg?KID=imgbed,tva&Expires=1770460945&ssig=SaceRQa0gU"
5263682114162171,1770471873,2026-02-07 13:44:33+08:00,QqHt8iq1O,,0,0,1770450219234,河南,5263682092928161,,5482611321,爱吃梨的聪聪,f,https://m.weibo.cn/u/5482611321?launchid=10000360-page_H5,"https://tvax4.sinaimg.cn/crop.0.0.1080.1080.180/005Z2tERly8i5xv7s6s7cj30u00u0q43.jpg?KID=imgbed,tva&Expires=1770460945&ssig=CACWlN6SHa"
5263696073064539,1770475200,2026-02-07 14:40:00+08:00,QqHt8iq1O,补完了，还有几个，速度冲！！！,1,2,1770450219732,河北,5263696073064539,https://wx1.sinaimg.cn/large/006TpTayly1ia2097oh5mj30me0yngqk.jpg,6315665746,每日娱闻,f,https://m.weibo.cn/u/6315665746?launchid=10000360-page_H5,"https://tvax4.sinaimg.cn/crop.0.0.699.699.180/006TpTayly8hg4o5apug6j30jf0jf3yz.jpg?KID=imgbed,tva&Expires=1770461019&ssig=Jtdll9vZ1H"
5263694053246483,1770474720,2026-02-07 14:32:00+08:00,QqHt8iq1O,还有宝宝没扫吗,0,1,1770450219733,陕西,5263694053246483,https://wx3.sinaimg.cn/large/006nXWTVly1ia200vwf0mj30me0ynaey.jpg,5850940491,解忧颖店,f,https://m.weibo.cn/u/5850940491?launchid=10000360-page_H5,"https://tvax4.sinaimg.cn/crop.0.0.653.653.180/006nXWTVly8ia03rh83uoj30i50i5aan.jpg?KID=imgbed,tva&Expires=1770461019&ssig=LnOrxswNVO"
5263692488771388,1770474347,2026-02-07 14:25:47+08:00,QqHt8iq1O,还有10杯，,1,1,1770450219735,山东,5263692488771388,https://wx3.sinaimg.cn/large/008z94SEly1ia1zud8u9qj30o911ijuy.jpg,7848398132,一个勇敢的小饼干,f,https://m.weibo.cn/u/7848398132?launchid=10000360-page_H5,"https://tvax2.sinaimg.cn/crop.0.0.960.960.180/008z94SEly8i1qfcphycyj30qo0qo76d.jpg?KID=imgbed,tva&Expires=1770461019&ssig=S9OF%2F%2B5QIu"
5263691071358536,1770474009,2026-02-07 14:20:09+08:00,QqHt8iq1O,11杯速速,1,1,1770450219736,广东,5263691071358536,https://wx2.sinaimg.cn/large/006e0Cf7gy1ia1zok1fc6j30me0yntd5.jpg,5703812705,今年要赚500亿,f,https://m.weibo.cn/u/5703812705?launchid=10000360-page_H5,"https://tvax3.sinaimg.cn/crop.0.0.720.720.180/006e0Cf7ly8hc7xpchljkj30k00k03z4.jpg?KID=imgbed,tva&Expires=1770461019&ssig=lM1SXnDYm1"
5263683828843176,1770472282,2026-02-07 13:51:22+08:00,QqHt8iq1O,还有八杯 速速！ 查看图片,0,4,1770450219737,福建,5263683828843176,https://wx2.sinaimg.cn/large/008lEqVAgy1ia1yujkqibj30og11t454.jpg,7649002346,callmynameinsummer,f,https://m.weibo.cn/u/7649002346?launchid=10000360-page_H5,"https://tvax3.sinaimg.cn/crop.0.0.1080.1080.180/008lEqVAly8i8tzh23mzwj30u00u0js8.jpg?KID=imgbed,tva&Expires=1770461019&ssig=52lofakLjT"
5263678731717275,1770471067,2026-02-07 13:31:07+08:00,QqHt8iq1O,马上就领到,0,1,1770450219738,广东,5263678731717275,https://wx1.sinaimg.cn/large/006zMq6Ngy1ia1y9ccpd5j30q414e7au.jpg,6025508861,蔡里葵气_kk,f,https://m.weibo.cn/u/6025508861?launchid=10000360-page_H5,"https://tvax2.sinaimg.cn/crop.0.0.1080.1080.180/006zMq6Nly8i6v02uy3vqj30u00u0ado.jpg?KID=imgbed,tva&Expires=1770461019&ssig=tf%2F2ujemx0"
5263676057850832,1770470429,2026-02-07 13:20:29+08:00,QqHt8iq1O,快来薅奶茶,0,1,1770450219740,广东,5263676057850832,https://wx1.sinaimg.cn/large/0087VXvhgy1ia1xyck7zwj30me0ynaez.jpg,7446310439,雨滴坠入芝麻球,f,https://m.weibo.cn/u/7446310439?launchid=10000360-page_H5,"https://tvax2.sinaimg.cn/crop.0.0.1080.1080.180/0087VXvhly8i8ui6t8mwqj30u00u0t9f.jpg?KID=imgbed,tva&Expires=1770461019&ssig=HjJ8M%2BJ2ZC"
5263670940796501,1770469209,2026-02-07 13:00:09+08:00,QqHt8iq1O,现在什么都能点啦 名额不多快来,0,1,1770450219742,广东,5263670940796501,https://wx2.sinaimg.cn/large/006zMq6Ngy1ia1xd3xduxj30q414e7au.jpg,6025508861,蔡里葵气_kk,f,https://m.weibo.cn/u/6025508861?launchid=10000360-page_H5,"https://tvax2.sinaimg.cn/crop.0.0.1080.1080.180/006zMq6Nly8i6v02uy3vqj30u00u0ado.jpg?KID=imgbed,tva&Expires=1770461019&ssig=tf%2F2ujemx0"
5263668821886245,1770468704,2026-02-07 12:51:44+08:00,QqHt8iq1O,扫码就可以领，除了奶茶，炸鸡汉堡什么的都可以点！,0,1,1770450219743,江西,5263668821886245,https://wx4.sinaimg.cn/large/007e0iuegy1ia1x4k78hsj30o911igq8.jpg,6619869594,元气满满小阳,f,https://m.weibo.cn/u/6619869594?launchid=10000360-page_H5,"https://tvax3.sinaimg.cn/crop.0.0.1057.1057.180/007e0iuely8i8axnu2lt1j30td0tdaeh.jpg?KID=imgbed,tva&Expires=1770461019&ssig=N7cAFQSxQa"
5263662315209680,1770467153,2026-02-07 12:25:53+08:00,QqHt8iq1O,现在不止可以点奶茶了,0,1,1770450219744,广东,5263662315209680,https://wx1.sinaimg.cn/large/ab53cfaegy1ia1wdnj2wkj20nc103jvr.jpg,2874396590,厄里梧岛岛主,m,https://m.weibo.cn/u/2874396590?launchid=10000360-page_H5,"https://tvax4.sinaimg.cn/crop.0.0.512.512.180/ab53cfaely8hcg69rrmb1j20e80e8my5.jpg?KID=imgbed,tva&Expires=1770461019&ssig=wVFMiQg%2Fkv"
5263711673518025,1770478921,2026-02-07 15:42:01+08:00,QqHt8iq1O,扫这个，可以免单,0,0,1770450219745,中国,5263711673518025,https://wx3.sinaimg.cn/large/006ei3U2gy1ia221pz32zj30ra16779m.jpg,5707970606,芸雨深蓝,f,https://m.weibo.cn/u/5707970606?launchid=10000360-page_H5,"https://tva3.sinaimg.cn/crop.0.58.480.480.180/006ei3U2jw8ewbmcakne3j30dc0glmyl.jpg?KID=imgbed,tva&Expires=1770461019&ssig=EsYCaFUVpR"
5263709582134978,1770478422,2026-02-07 15:33:42+08:00,QqHt8iq1O,扫这个码，不仅限于奶茶，还可以点吃的,0,0,1770450219746,福建,5263709582134978,https://wx3.sinaimg.cn/large/0077fZWugy1ia21t34i72j30x61fbn5s.jpg,6520177206,在下毛毛雨u_u-,f,https://m.weibo.cn/u/6520177206?launchid=10000360-page_H5,"https://tvax3.sinaimg.cn/crop.0.0.1080.1080.180/0077fZWuly8i44k5x2t2bj30u00u0tam.jpg?KID=imgbed,tva&Expires=1770461019&ssig=9j2Dc7hYuu"
5263709145399784,1770478317,2026-02-07 15:31:57+08:00,QqHt8iq1O,图片评论,0,0,1770450219748,福建,5263709145399784,https://wx2.sinaimg.cn/large/0077fZWugy1ia21r9ymn2j30x61fbn5s.jpg,6520177206,在下毛毛雨u_u-,f,https://m.weibo.cn/u/6520177206?launchid=10000360-page_H5,"https://tvax3.sinaimg.cn/crop.0.0.1080.1080.180/0077fZWuly8i44k5x2t2bj30u00u0tam.jpg?KID=imgbed,tva&Expires=1770461019&ssig=9j2Dc7hYuu"
5263704891590053,1770477304,2026-02-07 15:15:04+08:00,QqHt8iq1O,快来薅哦，一人一杯,1,0,1770450219749,江苏,5263704891590053,https://wx3.sinaimg.cn/large/0069h1Jzgy1ia219ef6y6j30wi1yc1kx.jpg,5633842261,六月tim,f,https://m.weibo.cn/u/5633842261?launchid=10000360-page_H5,"https://tvax2.sinaimg.cn/crop.0.0.750.750.180/0069h1Jzly8fojtybvlq8j30ku0ku3zm.jpg?KID=imgbed,tva&Expires=1770461019&ssig=N6aHEgRr6n"
5263696922411365,1770475403,2026-02-07 14:43:23+08:00,QqHt8iq1O,新人快去领，我已经领了20张了,1,0,1770450219750,安徽,5263696922411365,https://wx2.sinaimg.cn/large/007Ro77Ily1ia20cqrawpj30qk153tgo.jpg,7201822890,是枯木逢春-吖,f,https://m.weibo.cn/u/7201822890?launchid=10000360-page_H5,"https://tvax1.sinaimg.cn/crop.0.0.1080.1080.180/007Ro77Ily8hji3vg43gkj30u00u0acp.jpg?KID=imgbed,tva&Expires=1770461019&ssig=eY7Ynolgep"
5263692117837730,1770474258,2026-02-07 14:24:18+08:00,QqHt8iq1O,快来领,3,0,1770450219751,山东,5263692117837730,https://wx3.sinaimg.cn/large/007Q8b7bly1ia1zssl5rgj30qa14magm.jpg,7183248649,只想看到小括号,f,https://m.weibo.cn/u/7183248649?launchid=10000360-page_H5,"https://tvax4.sinaimg.cn/crop.0.0.1024.1024.180/007Q8b7bly8hhvhe1gn1cj30sg0sg780.jpg?KID=imgbed,tva&Expires=1770461019&ssig=hKfG6BDRdz"
5263655570508559,1770465545,2026-02-07 11:59:05+08:00,QqHt8iq1O,NB,0,0,1770450219752,新疆,5263655570508559,,3767738237,粥哥的小弟,m,https://m.weibo.cn/u/3767738237?launchid=10000360-page_H5,"https://tvax4.sinaimg.cn/crop.0.0.996.996.180/e0931f7dly8fe0pyev91bj20ro0rowgv.jpg?KID=imgbed,tva&Expires=1770461019&ssig=QCHi4WbT0P"
5263637237466524,1770461174,2026-02-07 10:46:14+08:00,QqHt8iq1O,哈哈哈,0,0,1770450219754,浙江,5263637237466524,,2119176290,晨风睿语,m,https://m.weibo.cn/u/2119176290?launchid=10000360-page_H5,"https://tvax2.sinaimg.cn/crop.0.0.630.630.180/7e501062ly8hdfshv3ggzj20hi0hiwfd.jpg?KID=imgbed,tva&Expires=1770461019&ssig=rYZwQJ5V1j"
5263711078187205,1770478778,2026-02-07 15:39:38+08:00,QqHt8iq1O,扫码扫码,0,0,1770450219755,江西,5263711078187205,https://wx4.sinaimg.cn/large/008vmAScgy1ia21z79v0qj30og11t452.jpg,7792514032,六号枝枝,m,https://m.weibo.cn/u/7792514032?launchid=10000360-page_H5,"https://tvax1.sinaimg.cn/crop.0.0.1080.1080.180/008vmAScly8i876ny6v2cj30u00u0757.jpg?KID=imgbed,tva&Expires=1770461019&ssig=nxjzlE%2FWuj"
5263710340777395,1770478603,2026-02-07 15:36:43+08:00,QqHt8iq1O,图片评论,0,0,1770450219757,浙江,5263710340777395,https://wx2.sinaimg.cn/large/007QXxR9gy1ia21w7zotdj30og11t792.jpg,7195490795,黑芝麻本麻,f,https://m.weibo.cn/u/7195490795?launchid=10000360-page_H5,"https://tvax3.sinaimg.cn/crop.0.0.960.960.180/007QXxR9ly8i9uv0vnfq5j30qo0qodh7.jpg?KID=imgbed,tva&Expires=1770461019&ssig=wDiNrhOqaK"
5263696094038146,1770475206,2026-02-07 14:40:06+08:00,QqHt8iq1O,,0,0,1770450304140,河北,5263696073064539,,6315665746,每日娱闻,f,https://m.weibo.cn/u/6315665746?launchid=10000360-page_H5,"https://tvax4.sinaimg.cn/crop.0.0.699.699.180/006TpTayly8hg4o5apug6j30jf0jf3yz.jpg?KID=imgbed,tva&Expires=1770461019&ssig=Jtdll9vZ1H"
5263692511576429,1770474351,2026-02-07 14:25:51+08:00,QqHt8iq1O,,0,0,1770450304141,山东,5263692488771388,,7848398132,一个勇敢的小饼干,f,https://m.weibo.cn/u/7848398132?launchid=10000360-page_H5,"https://tvax2.sinaimg.cn/crop.0.0.960.960.180/008z94SEly8i1qfcphycyj30qo0qo76d.jpg?KID=imgbed,tva&Expires=1770461019&ssig=S9OF%2F%2B5QIu"
5263691119334125,1770474020,2026-02-07 14:20:20+08:00,QqHt8iq1O,来,0,0,1770450304143,广东,5263691071358536,,5703812705,今年要赚500亿,f,https://m.weibo.cn/u/5703812705?launchid=10000360-page_H5,"https://tvax3.sinaimg.cn/crop.0.0.720.720.180/006e0Cf7ly8hc7xpchljkj30k00k03z4.jpg?KID=imgbed,tva&Expires=1770461019&ssig=lM1SXnDYm1"
5263704962893114,1770477321,2026-02-07 15:15:21+08:00,QqHt8iq1O,免费送奶茶，可下单盒马瑞士卷,0,0,1770450304144,江苏,5263704891590053,,5633842261,六月tim,f,https://m.weibo.cn/u/5633842261?launchid=10000360-page_H5,"https://tvax2.sinaimg.cn/crop.0.0.750.750.180/0069h1Jzly8fojtybvlq8j30ku0ku3zm.jpg?KID=imgbed,tva&Expires=1770461019&ssig=N6aHEgRr6n"
5263697205527295,1770475471,2026-02-07 14:44:31+08:00,QqHt8iq1O,图片评论 评论配图,0,0,1770450304146,安徽,5263696922411365,,7201822890,是枯木逢春-吖,f,https://m.weibo.cn/u/7201822890?launchid=10000360-page_H5,"https://tvax1.sinaimg.cn/crop.0.0.1080.1080.180/007Ro77Ily8hji3vg43gkj30u00u0acp.jpg?KID=imgbed,tva&Expires=1770461019&ssig=eY7Ynolgep"
5263692189143903,1770474275,2026-02-07 14:24:35+08:00,QqHt8iq1O,,0,0,1770450304147,山东,5263692117837730,,7183248649,只想看到小括号,f,https://m.weibo.cn/u/7183248649?launchid=10000360-page_H5,"https://tvax4.sinaimg.cn/crop.0.0.1024.1024.180/007Q8b7bly8hhvhe1gn1cj30sg0sg780.jpg?KID=imgbed,tva&Expires=1770461019&ssig=hKfG6BDRdz"
5263710142860385,1770478556,2026-02-07 15:35:56+08:00,QqHt8iq1O,多问一次它就会点，跟语气无关。,0,0,1770450304578,福建,5263710142860385,,6416658588,晓空残月s,f,https://m.weibo.cn/u/6416658588?launchid=10000360-page_H5,"https://tvax1.sinaimg.cn/crop.0.0.1080.1080.180/0070fE1mly8i5s2oxts1rj30u00u1wfe.jpg?KID=imgbed,tva&Expires=1770461104&ssig=hwYn9qs9Gu"
5263710072607790,1770478539,2026-02-07 15:35:39+08:00,QqHt8iq1O,漏洞！！扫一次领三十张！,0,0,1770450304579,江西,5263710072607790,https://wx1.sinaimg.cn/large/0084EpbUgy1ia21v4c8hfj30og11ttdi.jpg,7397797958,肉肉你快康康我呀,m,https://m.weibo.cn/u/7397797958?launchid=10000360-page_H5,"https://tvax4.sinaimg.cn/crop.0.0.512.512.180/0084EpbUly8i0hy7edqnhj30e80e8wfc.jpg?KID=imgbed,tva&Expires=1770461104&ssig=i607aTc%2FaK"
5263709473341772,1770478395,2026-02-07 15:33:15+08:00,QqHt8iq1O,图片评论,0,0,1770450304581,安徽,5263709473341772,https://wx1.sinaimg.cn/large/008G9iejly1ia21smhu0hj30me0yn77z.jpg,7951883799,屿奕each,f,https://m.weibo.cn/u/7951883799?launchid=10000360-page_H5,"https://tvax4.sinaimg.cn/crop.0.0.512.512.180/008G9iejly8i173zx96r2j30e80e8js3.jpg?KID=imgbed,tva&Expires=1770461104&ssig=4LK%2BxqpO8a"
5263708525170886,1770478170,2026-02-07 15:29:30+08:00,QqHt8iq1O,来来来,0,0,1770450304582,四川,5263708525170886,https://wx1.sinaimg.cn/large/006Uv54fgy1ia21onayeqj30p012owl1.jpg,6331679459,我何得何能勇你的卫生纸,f,https://m.weibo.cn/u/6331679459?launchid=10000360-page_H5,"https://tvax3.sinaimg.cn/crop.0.0.1080.1080.180/006Uv54fly8i9xjmuxvzaj30u00u0754.jpg?KID=imgbed,tva&Expires=1770461104&ssig=SKQ5WjIvKA"
5263708096037924,1770478068,2026-02-07 15:27:48+08:00,QqHt8iq1O,热心网友,0,0,1770450304584,甘肃,5263708096037924,https://wx2.sinaimg.cn/large/008BVpwJly1ia21mtfw2bj30og11tgs8.jpg,7889469913,丢丢小猪咪,f,https://m.weibo.cn/u/7889469913?launchid=10000360-page_H5,"https://tvax1.sinaimg.cn/crop.0.0.1080.1080.180/008BVpwJly8i9r9dpci0uj30u00u03zj.jpg?KID=imgbed,tva&Expires=1770461104&ssig=hygfNv9lmw"
5263707330054787,1770477885,2026-02-07 15:24:45+08:00,QqHt8iq1O,图片评论,0,0,1770450304585,安徽,5263707330054787,https://wx3.sinaimg.cn/large/006PLKhyly1ia21jrtjeqj30mf0ypdkc.jpg,6261769456,星星点灯-Eliot,m,https://m.weibo.cn/u/6261769456?launchid=10000360-page_H5,"https://tvax4.sinaimg.cn/crop.0.0.1080.1080.180/006PLKhyly8i8wig71j6dj30u00u0q62.jpg?KID=imgbed,tva&Expires=1770461104&ssig=uXLde6eukZ"
5263706176356746,1770477610,2026-02-07 15:20:10+08:00,QqHt8iq1O,来我这个真的有 查看图片,0,0,1770450304587,广西,5263706176356746,https://wx2.sinaimg.cn/large/008vta6egy1ia21ewe0ejj30o911igry.jpg,7794079410,甜豆花OxO,m,https://m.weibo.cn/u/7794079410?launchid=10000360-page_H5,"https://tvax3.sinaimg.cn/crop.0.0.1080.1080.180/008vta6ely8i7r5u13b9aj30u00u0wfn.jpg?KID=imgbed,tva&Expires=1770461104&ssig=8P2KaalBnl"
5263702689317859,1770476779,2026-02-07 15:06:19+08:00,QqHt8iq1O,,0,0,1770450304588,浙江,5263702689317859,https://wx2.sinaimg.cn/large/006AhXaFgy1ia210hiqwjj30p012oq7o.jpg,6033024121,小碗尼克,m,https://m.weibo.cn/u/6033024121?launchid=10000360-page_H5,"https://tvax3.sinaimg.cn/crop.0.0.664.664.180/006AhXaFly8gww1chvb9zj30ig0igwfn.jpg?KID=imgbed,tva&Expires=1770461104&ssig=tY3KCNQnPs"
5263701327219998,1770476454,2026-02-07 15:00:54+08:00,QqHt8iq1O,0.01的奶茶不香吗,0,0,1770450304590,广东,5263701327219998,https://wx4.sinaimg.cn/large/0081i0Amgy1ia20uy8t88j30mw0xvtec.jpg,7348131150,Foryouforever_,f,https://m.weibo.cn/u/7348131150?launchid=10000360-page_H5,"https://tvax4.sinaimg.cn/crop.0.0.690.690.180/0081i0Amly8htqpgf6yowj30j60j6gmn.jpg?KID=imgbed,tva&Expires=1770461104&ssig=Fd2GW6%2Bh1q"
5263699817535268,1770476094,2026-02-07 14:54:54+08:00,QqHt8iq1O,一次性两张卡,0,0,1770450304591,浙江,5263699817535268,https://wx2.sinaimg.cn/large/005ySoiVgy1ia20opsxq9j30og11tjxz.jpg,5096022725,来一只鱼丸,f,https://m.weibo.cn/u/5096022725?launchid=10000360-page_H5,"https://tvax3.sinaimg.cn/crop.0.0.1080.1080.180/005ySoiVly8hrmu71tbncj30u00u040t.jpg?KID=imgbed,tva&Expires=1770461104&ssig=4LrKs7PpvA"
5263699784762171,1770476086,2026-02-07 14:54:46+08:00,QqHt8iq1O,我还有十几张,0,0,1770450304592,河南,5263699784762171,https://wx3.sinaimg.cn/large/0085xRhWly1ia20og0veoj30o911i44v.jpg,7411014004,紀易r,m,https://m.weibo.cn/u/7411014004?launchid=10000360-page_H5,"https://tvax3.sinaimg.cn/crop.0.0.1080.1080.180/0085xRhWly8i6leayxqmfj30u00u0q5o.jpg?KID=imgbed,tva&Expires=1770461104&ssig=iD5CklEsVd"
5263699719751315,1770476071,2026-02-07 14:54:31+08:00,QqHt8iq1O,图片评论,0,0,1770450304594,湖南,5263699719751315,https://wx3.sinaimg.cn/large/008rOYYDgy1ia20obfyd2j30me0yngpd.jpg,7740174527,余想吃香菜,f,https://m.weibo.cn/u/7740174527?launchid=10000360-page_H5,"https://tvax1.sinaimg.cn/crop.0.0.1080.1080.180/008rOYYDly8i9v95p2puqj30u00u0juy.jpg?KID=imgbed,tva&Expires=1770461104&ssig=73%2FHX3X2XU"
5263697050077588,1770475434,2026-02-07 14:43:54+08:00,QqHt8iq1O,一上午买了7单 除了奶茶还能买吃的🙉 而且一点没卡我 这里超级丝滑,0,0,1770450304595,山东,5263697050077588,https://wx3.sinaimg.cn/large/008rLKioly1ia20d2erfxj30nc103n3b.jpg,7739403108,一盆兔叽,f,https://m.weibo.cn/u/7739403108?launchid=10000360-page_H5,"https://tvax3.sinaimg.cn/crop.0.0.1080.1080.180/008rLKioly8i63zc73iu4j30u00u0djr.jpg?KID=imgbed,tva&Expires=1770461104&ssig=R4noigtYer"
5263697027271206,1770475429,2026-02-07 14:43:49+08:00,QqHt8iq1O,图片评论,0,0,1770450304597,广西,5263697027271206,https://wx4.sinaimg.cn/large/008xbrfxgy1ia20d6e51nj30rd16c7bq.jpg,7819408103,2026我要过5轮-200分130分,f,https://m.weibo.cn/u/7819408103?launchid=10000360-page_H5,"https://tvax3.sinaimg.cn/crop.0.0.512.512.180/008xbrfxly8i40fot2j2sj30e80e8q38.jpg?KID=imgbed,tva&Expires=1770461104&ssig=MSZ7W2Uy2k"
5263696242937119,1770475242,2026-02-07 14:40:42+08:00,QqHt8iq1O,扫码必得,0,0,1770450304598,湖北,5263696242937119,https://wx1.sinaimg.cn/large/006aeaKngy1ia209qnhuyj30p012oq9k.jpg,5647938259,雨雨雨雨雨下雨了zhang,f,https://m.weibo.cn/u/5647938259?launchid=10000360-page_H5,"https://tvax2.sinaimg.cn/crop.0.0.1080.1080.180/006aeaKnly8gxtv6pyj7tj30u00u1446.jpg?KID=imgbed,tva&Expires=1770461104&ssig=cSrspUGcWC"
5263696180809879,1770475227,2026-02-07 14:40:27+08:00,QqHt8iq1O,可以领两张,0,0,1770450304600,浙江,5263696180809879,https://wx2.sinaimg.cn/large/005ySoiVgy1ia209n8k3lj30og11tjxz.jpg,5096022725,来一只鱼丸,f,https://m.weibo.cn/u/5096022725?launchid=10000360-page_H5,"https://tvax3.sinaimg.cn/crop.0.0.1080.1080.180/005ySoiVly8hrmu71tbncj30u00u040t.jpg?KID=imgbed,tva&Expires=1770461104&ssig=4LrKs7PpvA"
5263691555802014,1770474124,2026-02-07 14:22:04+08:00,QqHt8iq1O,扫这个，可以领两张非常快，不会的问我，包你点上,0,0,1770450304601,湖南,5263691555802014,https://wx1.sinaimg.cn/large/006tSbHcgy1ia1zqflwtwj30q912wdmq.jpg,5938225410,十月芦苇,f,https://m.weibo.cn/u/5938225410?launchid=10000360-page_H5,"https://tvax2.sinaimg.cn/crop.0.0.996.996.180/006tSbHcly8go5ji91hu6j30ro0ro759.jpg?KID=imgbed,tva&Expires=1770461104&ssig=ddElSeAqOZ"
5263689817000619,1770473710,2026-02-07 14:15:10+08:00,QqHt8iq1O,扫码必得,0,0,1770450304603,广东,5263689817000619,https://wx1.sinaimg.cn/large/008wieuvgy1ia1zjbwbgkj30o911in3k.jpg,7806251019,没理由大王yu_,f,https://m.weibo.cn/u/7806251019?launchid=10000360-page_H5,"https://tvax1.sinaimg.cn/crop.0.0.832.832.180/008wieuvly8ht7isnm6n7j30n40n476d.jpg?KID=imgbed,tva&Expires=1770461104&ssig=eP7PAWBg93"
5263688787034441,1770473463,2026-02-07 14:11:03+08:00,QqHt8iq1O,扫码就喝,0,0,1770450304604,江西,5263688787034441,https://wx3.sinaimg.cn/large/008g9aFKgy1ia1zf1e9zoj30qm156ah8.jpg,7567670012,晚安小羊7,f,https://m.weibo.cn/u/7567670012?launchid=10000360-page_H5,"https://tvax4.sinaimg.cn/crop.0.0.1080.1080.180/008g9aFKly8hzddekmyfij30u00u0taw.jpg?KID=imgbed,tva&Expires=1770461104&ssig=JSctIQ0i1z"
5263688778383536,1770473461,2026-02-07 14:11:01+08:00,QqHt8iq1O,扫码就有 互助,0,0,1770450304605,安徽,5263688778383536,https://wx1.sinaimg.cn/large/007bJm8gly1ia1zew5bg6j30qr15d0zx.jpg,6586279360,pokin可瑞特,m,https://m.weibo.cn/u/6586279360?launchid=10000360-page_H5,"https://tvax3.sinaimg.cn/crop.0.0.1080.1080.180/007bJm8gly8i4ee44r70kj30u00u0di7.jpg?KID=imgbed,tva&Expires=1770461104&ssig=yqTQ8MikzE"
5263688021838452,1770473282,2026-02-07 14:08:02+08:00,QqHt8iq1O,图片评论,0,0,1770450404331,江苏,5263688021838452,https://wx4.sinaimg.cn/large/006PCiKRgy1ia1zby6g4pj310o27o7wh.jpg,6259518689,一闪意闪,f,https://m.weibo.cn/u/6259518689?launchid=10000360-page_H5,"https://tvax2.sinaimg.cn/crop.0.0.512.512.180/006PCiKRly8i2cpaxf5npj30e80e8wf2.jpg?KID=imgbed,tva&Expires=1770461204&ssig=Hh%2FTqz3ljo"
5263687251920384,1770473098,2026-02-07 14:04:58+08:00,QqHt8iq1O,扫码快,0,0,1770450404334,江西,5263687251920384,https://wx3.sinaimg.cn/large/008aXeBjgy1ia1z8liuqfj30mf0ypjvu.jpg,7490943497,小葵向太阳-,f,https://m.weibo.cn/u/7490943497?launchid=10000360-page_H5,"https://tvax3.sinaimg.cn/crop.0.0.1080.1080.180/008aXeBjly8i41sfkt4zij30u00u0dj2.jpg?KID=imgbed,tva&Expires=1770461204&ssig=B4WGwXRYez"
5263687002621648,1770473039,2026-02-07 14:03:59+08:00,QqHt8iq1O,免费还有15张,0,0,1770450404335,新疆,5263687002621648,https://wx3.sinaimg.cn/large/69430047ly1ia1z7qcfyrj20me0ymtd7.jpg,1765998663,Love1991me,m,https://m.weibo.cn/u/1765998663?launchid=10000360-page_H5,"https://tvax2.sinaimg.cn/crop.0.0.1080.1080.180/69430047ly8i88ine0uo0j20u00u0ju7.jpg?KID=imgbed,tva&Expires=1770461204&ssig=277dF7IwY8"
5263686520541048,1770472924,2026-02-07 14:02:04+08:00,QqHt8iq1O,确实,0,0,1770450404336,广东,5263686520541048,,6168707647,鲨人不Wink_a,f,https://m.weibo.cn/u/6168707647?launchid=10000360-page_H5,"https://tvax3.sinaimg.cn/crop.0.0.996.996.180/006JtgEDly8gwic0fkspkj30ro0rognq.jpg?KID=imgbed,tva&Expires=1770461204&ssig=ZmHtk1xYu%2F"
5263685057776657,1770472575,2026-02-07 13:56:15+08:00,QqHt8iq1O,我去试试，有时候这ai得训,0,0,1770450404337,北京,5263685057776657,,3268197993,煅岩,m,https://m.weibo.cn/u/3268197993?launchid=10000360-page_H5,"https://tvax3.sinaimg.cn/crop.0.0.828.828.180/c2ccbe69ly8i8qx5q3npej20n00n0jup.jpg?KID=imgbed,tva&Expires=1770461204&ssig=9cTnbHuh1Y"
5263684928800694,1770472544,2026-02-07 13:55:44+08:00,QqHt8iq1O,可以领两张,0,0,1770450404338,浙江,5263684928800694,https://wx3.sinaimg.cn/large/005ySoiVgy1ia1yz5booxj30og11tjxz.jpg,5096022725,来一只鱼丸,f,https://m.weibo.cn/u/5096022725?launchid=10000360-page_H5,"https://tvax3.sinaimg.cn/crop.0.0.1080.1080.180/005ySoiVly8hrmu71tbncj30u00u040t.jpg?KID=imgbed,tva&Expires=1770461204&ssig=rrhVDqqhpI"
5263684696018440,1770472489,2026-02-07 13:54:49+08:00,QqHt8iq1O,图片评论,0,0,1770450404340,江苏,5263684696018440,https://wx1.sinaimg.cn/large/006SVHMJgy1ia1yy7dif6j30u01sr79p.jpg,6308472145,一心想要瘦的我,f,https://m.weibo.cn/u/6308472145?launchid=10000360-page_H5,"https://tvax4.sinaimg.cn/crop.0.0.995.995.180/006SVHMJly8h7exx5eht6j30rn0rnjxd.jpg?KID=imgbed,tva&Expires=1770461204&ssig=OOjiJlFa3F"
5263684251421774,1770472383,2026-02-07 13:53:03+08:00,QqHt8iq1O,应该是p的,0,0,1770450404341,湖北,5263684251421774,,2485805173,是萝莉糖啊,f,https://m.weibo.cn/u/2485805173?launchid=10000360-page_H5,"https://tvax3.sinaimg.cn/crop.0.0.1080.1080.180/942a6075ly8hjki2tix16j20u00u177x.jpg?KID=imgbed,tva&Expires=1770461204&ssig=y5cknPJOpo"
5263683472853521,1770472197,2026-02-07 13:49:57+08:00,QqHt8iq1O,来薅,0,0,1770450404343,江苏,5263683472853521,https://wx3.sinaimg.cn/large/006SVXvFgy1ia1yt4yyi9j30u01ug7ab.jpg,6308532591,大口吃烤肉_,f,https://m.weibo.cn/u/6308532591?launchid=10000360-page_H5,"https://tvax4.sinaimg.cn/crop.36.0.887.887.180/006SVXvFly8hsyaej8t19j30qo0onmzs.jpg?KID=imgbed,tva&Expires=1770461204&ssig=cPrUTt6j4y"
5263683376647460,1770472174,2026-02-07 13:49:34+08:00,QqHt8iq1O,图片评论,0,0,1770450404344,四川,5263683376647460,https://wx1.sinaimg.cn/large/ea9dca1bgy1ia1ysqm3ovj20p012odmf.jpg,3936209435,几分之几__-,f,https://m.weibo.cn/u/3936209435?launchid=10000360-page_H5,"https://tvax4.sinaimg.cn/crop.0.0.1080.1080.180/ea9dca1bly8i0zpewhqy1j20u00u0ju6.jpg?KID=imgbed,tva&Expires=1770461204&ssig=NzmJQYkBK3"
5263683242694947,1770472142,2026-02-07 13:49:02+08:00,QqHt8iq1O,扫码必得免单券哦,0,0,1770450404345,浙江,5263683242694947,https://wx4.sinaimg.cn/large/007S0VQ4gy1ia1ys1ia7hj30og11twl1.jpg,7211074304,蛋机智,f,https://m.weibo.cn/u/7211074304?launchid=10000360-page_H5,"https://tvax4.sinaimg.cn/crop.0.0.1080.1080.180/007S0VQ4ly8i972ptehe0j30u00u0jsf.jpg?KID=imgbed,tva&Expires=1770461204&ssig=IWTreitN%2F0"
5263682390983093,1770471938,2026-02-07 13:45:38+08:00,QqHt8iq1O,图片评论,0,0,1770450404346,北京,5263682390983093,https://wx4.sinaimg.cn/large/008BHC6Aly1ia1yondrqej30rd16cwlu.jpg,7886181672,查理win,f,https://m.weibo.cn/u/7886181672?launchid=10000360-page_H5,"https://tvax1.sinaimg.cn/crop.0.0.688.688.180/008BHC6Aly8i7m6t67ns9j30j40j4gm5.jpg?KID=imgbed,tva&Expires=1770461204&ssig=XMQpaNXKXe"
5263681640204025,1770471760,2026-02-07 13:42:40+08:00,QqHt8iq1O,最新免单卡,0,0,1770450404347,北京,5263681640204025,https://wx1.sinaimg.cn/large/005ZNGLbly1ia1yliaqqoj30m00wktdz.jpg,5493863101,不要再皱眉辣,m,https://m.weibo.cn/u/5493863101?launchid=10000360-page_H5,"https://tvax3.sinaimg.cn/crop.0.0.999.999.180/005ZNGLbly8hy0kfxay5mj30rr0rrgop.jpg?KID=imgbed,tva&Expires=1770461204&ssig=EwfYAZ6K40"
5263680249792927,1770471429,2026-02-07 13:37:09+08:00,QqHt8iq1O,图片评论,0,0,1770450404349,陕西,5263680249792927,https://wx4.sinaimg.cn/large/005JHesHly1ia1yfthqtij30u01ucq97.jpg,5255902979,钗蝶,f,https://m.weibo.cn/u/5255902979?launchid=10000360-page_H5,"https://tvax4.sinaimg.cn/crop.0.0.1080.1080.180/005JHesHly8i9sx005rkcj30u00u0gqu.jpg?KID=imgbed,tva&Expires=1770461204&ssig=pmKNO%2BygDv"
5263679408308947,1770471227,2026-02-07 13:33:47+08:00,QqHt8iq1O,图片评论,0,0,1770450404350,湖南,5263679408308947,https://wx3.sinaimg.cn/large/008v4vvtgy1ia1ycbp2yij30me0yn0xn.jpg,7788203499,氢天养猫_,f,https://m.weibo.cn/u/7788203499?launchid=10000360-page_H5,"https://tvax2.sinaimg.cn/crop.0.0.1071.1071.180/008v4vvtly8i3i14owrt4j30tr0tr76q.jpg?KID=imgbed,tva&Expires=1770461204&ssig=NFowY9Hpy7"
5263677716695746,1770470825,2026-02-07 13:27:05+08:00,QqHt8iq1O,快来薅,0,0,1770450404351,广东,5263677716695746,https://wx1.sinaimg.cn/large/006jf9OFgy1ia1y5ccyqdj30qr15daha.jpg,5781160033,超燃棒棒棠,f,https://m.weibo.cn/u/5781160033?launchid=10000360-page_H5,"https://tvax2.sinaimg.cn/crop.0.0.1080.1080.180/006jf9OFgy1i49o4w9k3lj30u00u040z.jpg?KID=imgbed,tva&Expires=1770461204&ssig=5Hv7MHq7VY"
5263686983749812,1770473034,2026-02-07 14:03:54+08:00,QqIM7lLFm,我都已经喝完了,9,6,1770450506225,河北,5263686983749812,,7866315185,我要天上的星星不要世尘的爱情,m,https://m.weibo.cn/u/7866315185?launchid=10000360-page_H5,"https://tvax2.sinaimg.cn/crop.0.0.1080.1080.180/008AmfVnly8i8vct4a7nqj30u00u0gqv.jpg?KID=imgbed,tva&Expires=1770461306&ssig=hP1uHYIsqB"
5263687049023130,1770473050,2026-02-07 14:04:10+08:00,QqIM7lLFm,嘿嘿,6,6,1770450506227,山东,5263687049023130,https://wx2.sinaimg.cn/large/006QGK7yly1ia1z7vwx27j30mi140whs.jpg,6275353532,猪朱主煮祝,f,https://m.weibo.cn/u/6275353532?launchid=10000360-page_H5,"https://tvax2.sinaimg.cn/crop.0.0.1080.1080.180/006QGK7yly8hci4wb8gj2j30u00u0gnf.jpg?KID=imgbed,tva&Expires=1770461306&ssig=YcWiElbxlq"
5263686616743977,1770472946,2026-02-07 14:02:26+08:00,QqIM7lLFm,还有我李姐周末愉快呀,0,67,1770450506228,山东,5263686616743977,,1279546101,GeekPeak极峰评测,m,https://m.weibo.cn/u/1279546101?launchid=10000360-page_H5,"https://tvax2.sinaimg.cn/crop.0.0.1080.1080.180/4c4452f5ly8i7wvs8rz0yj20u00u0q62.jpg?KID=imgbed,tva&Expires=1770461306&ssig=gydylf8BkL"
5263687155976962,1770473075,2026-02-07 14:04:35+08:00,QqIM7lLFm,为什么我的0.01拿不下，需要凑单,1,3,1770450506229,江西,5263687155976962,,6549512629,炸鸡可乐肥宅水,f,https://m.weibo.cn/u/6549512629?launchid=10000360-page_H5,"https://tvax3.sinaimg.cn/crop.0.0.1002.1002.180/0079f5qtly8gsumbh9ro9j60ru0run0502.jpg?KID=imgbed,tva&Expires=1770461306&ssig=9JWVixLdHx"
5263695401979648,1770475041,2026-02-07 14:37:21+08:00,QqIM7lLFm,都点不上吧，估计人人太多了，给人服务器干崩溃了,1,3,1770450506231,浙江,5263695401979648,,6084900007,向阳--gg,m,https://m.weibo.cn/u/6084900007?launchid=10000360-page_H5,"https://tvax4.sinaimg.cn/crop.0.0.643.643.180/006DNCsvly8h0ula94n9wj30hv0hv3zg.jpg?KID=imgbed,tva&Expires=1770461306&ssig=kj3or1DNan"
5263689261515552,1770473576,2026-02-07 14:12:56+08:00,QqIM7lLFm,昨天我弄了好几个小时长喝上,1,1,1770450506232,河北,5263689261515552,,7716457152,想要捧一手星星枕星河同眠,f,https://m.weibo.cn/u/7716457152?launchid=10000360-page_H5,"https://tvax3.sinaimg.cn/crop.0.0.1080.1080.180/008qdt0kly8i1mt18ps5jj30u00u040c.jpg?KID=imgbed,tva&Expires=1770461306&ssig=V46AgDSs7Q"
5263687495192440,1770473156,2026-02-07 14:05:56+08:00,QqIM7lLFm,我已经喝上第二杯了,1,0,1770450506234,江西,5263687495192440,,5643920191,Shern云,f,https://m.weibo.cn/u/5643920191?launchid=10000360-page_H5,"https://tvax4.sinaimg.cn/crop.0.0.1080.1080.180/0069XjsPly8i8xon9aswqj30u00u0jte.jpg?KID=imgbed,tva&Expires=1770461306&ssig=y3chHXYqy9"
5263695934390544,1770475167,2026-02-07 14:39:27+08:00,QqIM7lLFm,我也一样,0,0,1770450506235,山东,5263695934390544,,2130576035,就一小市民,m,https://m.weibo.cn/u/2130576035?launchid=10000360-page_H5,"https://tvax1.sinaimg.cn/crop.0.0.1080.1080.180/7efe02a3ly8i9ajpos1ydj20u00u0gnc.jpg?KID=imgbed,tva&Expires=1770461306&ssig=gXvwDqyDeg"
5263692994445670,1770474466,2026-02-07 14:27:46+08:00,QqIM7lLFm,我没有弄,1,0,1770450506236,云南,5263692994445670,,5043347144,数码小男孩,m,https://m.weibo.cn/u/5043347144?launchid=10000360-page_H5,"https://tvax1.sinaimg.cn/crop.0.0.512.512.180/005vjmYMly8freovsqjvbj30e80e8aaa.jpg?KID=imgbed,tva&Expires=1770461306&ssig=eIlIj7dRjr"
5263688169690729,1770473317,2026-02-07 14:08:37+08:00,QqIM7lLFm,哈哈哈哈哈哈哈哈想喝杯免费的奶茶不容易啊,0,0,1770450506238,上海,5263688169690729,,7509529131,Carinligirl-丽,f,https://m.weibo.cn/u/7509529131?launchid=10000360-page_H5,"https://tvax1.sinaimg.cn/crop.0.0.939.939.180/008cddzBly8i3fw19volrj30q30q3gnk.jpg?KID=imgbed,tva&Expires=1770461306&ssig=cLRGAbgHCk"
5263710335796916,1770478602,2026-02-07 15:36:42+08:00,QqIM7lLFm,要的自取,1,1,1770450506239,陕西,5263710335796916,https://wx4.sinaimg.cn/large/774fa9a5ly1ia21w41hvmj20n01dsafi.jpg,2001709477,-biu2333,f,https://m.weibo.cn/u/2001709477?launchid=10000360-page_H5,"https://tvax1.sinaimg.cn/crop.0.0.828.828.180/774fa9a5ly8h82inexz8lj20n00n0jsq.jpg?KID=imgbed,tva&Expires=1770461306&ssig=QODGBD6hup"
5263713011500963,1770479240,2026-02-07 15:47:20+08:00,QqIM7lLFm,速度,1,0,1770450506240,河北,5263713011500963,https://wx1.sinaimg.cn/large/00846EDtly1ia2279a7ktj30og11t43d.jpg,7389754175,悲伤玉米粥312,m,https://m.weibo.cn/u/7389754175?launchid=10000360-page_H5,"https://tvax3.sinaimg.cn/crop.0.0.1080.1080.180/00846EDtly8hud7bk3thzj30u00u0gnb.jpg?KID=imgbed,tva&Expires=1770461306&ssig=6joaZ%2FSasm"
5263712688803016,1770479163,2026-02-07 15:46:03+08:00,QqIM7lLFm,自取,1,0,1770450506242,甘肃,5263712688803016,https://wx2.sinaimg.cn/large/008tFJ1nly1ia225xrc32j30u01v0qch.jpg,7767520913,烟花响八月-,f,https://m.weibo.cn/u/7767520913?launchid=10000360-page_H5,"https://tvax2.sinaimg.cn/crop.0.0.700.700.180/008tFJ1nly8hhj48we7y6j30jg0jgmy5.jpg?KID=imgbed,tva&Expires=1770461306&ssig=P%2FIM%2F38OS%2F"
5263702819606593,1770476810,2026-02-07 15:06:50+08:00,QqIM7lLFm,已删除，,0,0,1770450506243,广东,5263702819606593,,3957221412,文然阁,m,https://m.weibo.cn/u/3957221412?launchid=10000360-page_H5,"https://tvax4.sinaimg.cn/crop.0.0.1079.1079.180/ebde6824ly8i4uk63tvb4j20tz0u0q6q.jpg?KID=imgbed,tva&Expires=1770461306&ssig=VEdwkSYaBb"
5263696726331193,1770475357,2026-02-07 14:42:37+08:00,QqIM7lLFm,我也没点上,0,0,1770450506245,江苏,5263696726331193,,5544907470,是胡依萍呀丶,f,https://m.weibo.cn/u/5544907470?launchid=10000360-page_H5,"https://tvax3.sinaimg.cn/crop.0.0.1080.1080.180/0063fRJsly8i6asbi6h93j30u00u0dhw.jpg?KID=imgbed,tva&Expires=1770461306&ssig=0jXxtxh3FV"
5263689372402418,1770473603,2026-02-07 14:13:23+08:00,QqIM7lLFm,我也没有喝到,0,0,1770450506246,山西,5263689372402418,https://wx3.sinaimg.cn/large/008wKKDrly1ia1zhiyedjj30u01ucn35.jpg,7813047765,虚拟碳水精灵吖,f,https://m.weibo.cn/u/7813047765?launchid=10000360-page_H5,"https://tvax2.sinaimg.cn/crop.0.0.511.511.180/008wKKDrly8hmw2hwxpqvj30e70e7mxq.jpg?KID=imgbed,tva&Expires=1770461306&ssig=G49X6glA9u"
5263687919339080,1770473257,2026-02-07 14:07:37+08:00,QqIM7lLFm,我还是没有喝到奶茶,0,0,1770450506247,山西,5263687919339080,,5865877751,HimuraTomoe,f,https://m.weibo.cn/u/5865877751?launchid=10000360-page_H5,"https://tvax2.sinaimg.cn/crop.0.0.1080.1080.180/006oYCLtly8hkwwz1uxufj30u00u0juh.jpg?KID=imgbed,tva&Expires=1770461306&ssig=xcqpODcuNI"
5263687725357090,1770473211,2026-02-07 14:06:51+08:00,QqIM7lLFm,不要气馁我也没喝到,0,0,1770450506249,山西,5263687725357090,,7713320527,小不点多喝热水,f,https://m.weibo.cn/u/7713320527?launchid=10000360-page_H5,"https://tvax4.sinaimg.cn/crop.0.0.1080.1080.180/008q0j1Bly8hzwf8by692j30u00u0mzl.jpg?KID=imgbed,tva&Expires=1770461306&ssig=giYwfDyv%2F4"
5263687392693266,1770473132,2026-02-07 14:05:32+08:00,QqIM7lLFm,一直下单都不成功，只能过两天试试了,0,0,1770450506250,江西,5263687392693266,,5853458257,糖豆青橙,f,https://m.weibo.cn/u/5853458257?launchid=10000360-page_H5,"https://tvax1.sinaimg.cn/crop.0.0.1080.1080.180/006o8vT3ly8h9o2hbwz3ej30u00u0n0f.jpg?KID=imgbed,tva&Expires=1770461306&ssig=o00EqHKXzN"
5263687306182908,1770473110,2026-02-07 14:05:10+08:00,QqIM7lLFm,喝的我快吐了 第一次奶茶这么自由,0,0,1770450506252,山东,5263687306182908,,7562763176,山楂没有树下,m,https://m.weibo.cn/u/7562763176?launchid=10000360-page_H5,"https://tvax3.sinaimg.cn/crop.0.0.1080.1080.180/008fOAbely8hci4s14ob1j30u00u0tbu.jpg?KID=imgbed,tva&Expires=1770461306&ssig=fuFF9YZ3Xe"
5263688212680823,1770473327,2026-02-07 14:08:47+08:00,QqIM7lLFm,@我不胖也好看,0,0,1770450532163,上海,5263686983749812,,7509529131,Carinligirl-丽,f,https://m.weibo.cn/u/7509529131?launchid=10000360-page_H5,"https://tvax1.sinaimg.cn/crop.0.0.939.939.180/008cddzBly8i3fw19volrj30q30q3gnk.jpg?KID=imgbed,tva&Expires=1770461306&ssig=cLRGAbgHCk"
5263687204998421,1770473087,2026-02-07 14:04:47+08:00,QqIM7lLFm,羡慕，神速度,0,0,1770450532165,江西,5263686983749812,,6549512629,炸鸡可乐肥宅水,f,https://m.weibo.cn/u/6549512629?launchid=10000360-page_H5,"https://tvax3.sinaimg.cn/crop.0.0.1002.1002.180/0079f5qtly8gsumbh9ro9j60ru0run0502.jpg?KID=imgbed,tva&Expires=1770461306&ssig=9JWVixLdHx"
5263687532155249,1770473165,2026-02-07 14:06:05+08:00,QqIM7lLFm,哇哇哇,0,0,1770450532166,江西,5263687049023130,,5643920191,Shern云,f,https://m.weibo.cn/u/5643920191?launchid=10000360-page_H5,"https://tvax4.sinaimg.cn/crop.0.0.1080.1080.180/0069XjsPly8i8xon9aswqj30u00u0jte.jpg?KID=imgbed,tva&Expires=1770461306&ssig=y3chHXYqy9"
5263689142767102,1770473549,2026-02-07 14:12:29+08:00,QqIM7lLFm,哇 两大桶,0,0,1770450532167,河北,5263687049023130,,7866315185,我要天上的星星不要世尘的爱情,m,https://m.weibo.cn/u/7866315185?launchid=10000360-page_H5,"https://tvax2.sinaimg.cn/crop.0.0.1080.1080.180/008AmfVnly8i8vct4a7nqj30u00u0gqv.jpg?KID=imgbed,tva&Expires=1770461306&ssig=hP1uHYIsqB"
5263708461995011,1770478155,2026-02-07 15:29:15+08:00,QqIM7lLFm,我这个可以 评论配图,0,0,1770450532169,广东,5263687155976962,,5992566616,亦芷,f,https://m.weibo.cn/u/5992566616?launchid=10000360-page_H5,"https://tvax3.sinaimg.cn/crop.0.0.1080.1080.180/006xyckgly8hpgu9bc3p4j30u00u0tdb.jpg?KID=imgbed,tva&Expires=1770461306&ssig=vi6P3dbYl4"
5263708503671210,1770478164,2026-02-07 15:29:24+08:00,QqIM7lLFm,我的可以点 评论配图,0,0,1770450532170,广东,5263695401979648,,5992566616,亦芷,f,https://m.weibo.cn/u/5992566616?launchid=10000360-page_H5,"https://tvax3.sinaimg.cn/crop.0.0.1080.1080.180/006xyckgly8hpgu9bc3p4j30u00u0tdb.jpg?KID=imgbed,tva&Expires=1770461306&ssig=vi6P3dbYl4"
5263710694412652,1770478687,2026-02-07 15:38:07+08:00,QqIM7lLFm,这个可以 评论配图,0,0,1770450532171,广东,5263689261515552,,5992566616,亦芷,f,https://m.weibo.cn/u/5992566616?launchid=10000360-page_H5,"https://tvax3.sinaimg.cn/crop.0.0.1080.1080.180/006xyckgly8hpgu9bc3p4j30u00u0tdb.jpg?KID=imgbed,tva&Expires=1770461306&ssig=vi6P3dbYl4"
5263708587824686,1770478185,2026-02-07 15:29:45+08:00,QqIM7lLFm,让我也喝上第二杯吧 评论配图,0,0,1770450532172,广东,5263687495192440,,5992566616,亦芷,f,https://m.weibo.cn/u/5992566616?launchid=10000360-page_H5,"https://tvax3.sinaimg.cn/crop.0.0.1080.1080.180/006xyckgly8hpgu9bc3p4j30u00u0tdb.jpg?KID=imgbed,tva&Expires=1770461306&ssig=vi6P3dbYl4"
5263713089356655,1770479258,2026-02-07 15:47:38+08:00,QqIM7lLFm,扫这个码，不仅限于奶茶，还可以点吃的 评论配图,0,0,1770450532174,重庆,5263692994445670,,7653995532,米欢儿_,f,https://m.weibo.cn/u/7653995532?launchid=10000360-page_H5,"https://tvax3.sinaimg.cn/crop.0.0.132.132.180/008lZnSQly4gspo4bbvvaj303o03odfn.jpg?KID=imgbed,tva&Expires=1770461306&ssig=kMOzuFX6dM"
5263710416800437,1770478621,2026-02-07 15:37:01+08:00,QqIM7lLFm,太多了喝不了,0,0,1770450532176,陕西,5263710335796916,,2001709477,-biu2333,f,https://m.weibo.cn/u/2001709477?launchid=10000360-page_H5,"https://tvax1.sinaimg.cn/crop.0.0.828.828.180/774fa9a5ly8h82inexz8lj20n00n0jsq.jpg?KID=imgbed,tva&Expires=1770461306&ssig=QODGBD6hup"
5263713028541703,1770479244,2026-02-07 15:47:24+08:00,QqIM7lLFm,,0,0,1770450532177,河北,5263713011500963,,7389754175,悲伤玉米粥312,m,https://m.weibo.cn/u/7389754175?launchid=10000360-page_H5,"https://tvax3.sinaimg.cn/crop.0.0.1080.1080.180/00846EDtly8hud7bk3thzj30u00u0gnb.jpg?KID=imgbed,tva&Expires=1770461306&ssig=6joaZ%2FSasm"
5263712776880415,1770479183,2026-02-07 15:46:23+08:00,QqIM7lLFm,秒点,0,0,1770450532178,甘肃,5263712688803016,,7767520913,烟花响八月-,f,https://m.weibo.cn/u/7767520913?launchid=10000360-page_H5,"https://tvax2.sinaimg.cn/crop.0.0.700.700.180/008tFJ1nly8hhj48we7y6j30jg0jgmy5.jpg?KID=imgbed,tva&Expires=1770461306&ssig=P%2FIM%2F38OS%2F"
5263712848185958,1770479201,2026-02-07 15:46:41+08:00,QqIM7lLFm,dd,0,0,1770450532592,宁夏,5263712848185958,https://wx1.sinaimg.cn/large/008AySqMly1ia226kjaldj30mf0yo78q.jpg,7869323140,快乐男给给,m,https://m.weibo.cn/u/7869323140?launchid=10000360-page_H5,"https://tvax1.sinaimg.cn/crop.0.0.1080.1080.180/008AySqMly1i9wmklpiqnj30u00u0dj2.jpg?KID=imgbed,tva&Expires=1770461332&ssig=vuqaj4GCrE"
5263712648430028,1770479152,2026-02-07 15:45:52+08:00,QqIM7lLFm,图片评论,0,0,1770450532594,云南,5263712648430028,https://wx3.sinaimg.cn/large/008cj6Sdgy1ia225r5ppoj30z61iewo4.jpg,7510933345,无知且不自知,f,https://m.weibo.cn/u/7510933345?launchid=10000360-page_H5,"https://tvax2.sinaimg.cn/crop.0.0.1080.1080.180/008cj6Sdly8i2xqorfg2oj30u00u176r.jpg?KID=imgbed,tva&Expires=1770461332&ssig=s0B5xRAqtE"
5263709540978394,1770478412,2026-02-07 15:33:32+08:00,QqIM7lLFm,图片评论,0,0,1770450532595,安徽,5263709540978394,https://wx3.sinaimg.cn/large/008G9iejly1ia21swxo35j30me0yn77z.jpg,7951883799,屿奕each,f,https://m.weibo.cn/u/7951883799?launchid=10000360-page_H5,"https://tvax4.sinaimg.cn/crop.0.0.512.512.180/008G9iejly8i173zx96r2j30e80e8js3.jpg?KID=imgbed,tva&Expires=1770461332&ssig=sIB8WL921W"
5263708380990219,1770478136,2026-02-07 15:28:56+08:00,QqIM7lLFm,图片评论 查看图片,0,0,1770450532596,甘肃,5263708380990219,https://wx3.sinaimg.cn/large/008BVpwJly1ia21o4n3f7j30og11tgs8.jpg,7889469913,丢丢小猪咪,f,https://m.weibo.cn/u/7889469913?launchid=10000360-page_H5,"https://tvax1.sinaimg.cn/crop.0.0.1080.1080.180/008BVpwJly8i9r9dpci0uj30u00u03zj.jpg?KID=imgbed,tva&Expires=1770461332&ssig=NypwfjTMwT"
5263710127915505,1770478551,2026-02-07 15:35:51+08:00,QqIM7lLFm,扫码就能领啦 还有十张,0,1,1770450532597,安徽,5263710127915505,https://wx1.sinaimg.cn/large/0082PthQly1ia21v8wu43j30p012ojw5.jpg,7370882638,好运Kitty-,f,https://m.weibo.cn/u/7370882638?launchid=10000360-page_H5,"https://tvax4.sinaimg.cn/crop.0.0.512.512.180/0082PthQly8hnrz87zk3ij30e80e874r.jpg?KID=imgbed,tva&Expires=1770461332&ssig=n03Oh%2BOcOW"
5263707723531608,1770477979,2026-02-07 15:26:19+08:00,QqIM7lLFm,扫这个喝了三杯啦 查看图片,0,1,1770450532599,湖南,5263707723531608,https://wx2.sinaimg.cn/large/006OyGx9gy1ia21lb238jj30me0yn78p.jpg,6243880447,莫斯科没有眼泪wan,f,https://m.weibo.cn/u/6243880447?launchid=10000360-page_H5,"https://tvax4.sinaimg.cn/crop.0.0.1024.1024.180/006OyGx9ly8hf71gwiwfuj30sg0sgn11.jpg?KID=imgbed,tva&Expires=1770461332&ssig=eoIiYsPBR3"
5263713217021852,1770479289,2026-02-07 15:48:09+08:00,QqIM7lLFm,可自取，还有十杯,0,0,1770450532600,河北,5263713217021852,https://wx4.sinaimg.cn/large/006IQQuCly1ia2284c1ybj30me0yndkq.jpg,6159550618,待饲的伯爵C,f,https://m.weibo.cn/u/6159550618?launchid=10000360-page_H5,"https://tvax1.sinaimg.cn/crop.0.0.1080.1080.180/006IQQuCly8h3svv1fcd3j30u00u1mzh.jpg?KID=imgbed,tva&Expires=1770461332&ssig=b79qdC5YPL"
5263713215187296,1770479288,2026-02-07 15:48:08+08:00,QqIM7lLFm,可以点的,0,0,1770450532601,江西,5263713215187296,https://wx3.sinaimg.cn/large/008wuWHOgy1ia22808wvgj30q414en3q.jpg,7809280916,一串鱼丸ya,f,https://m.weibo.cn/u/7809280916?launchid=10000360-page_H5,"https://tvax1.sinaimg.cn/crop.0.0.962.962.180/008wuWHOly8hxfs1lswvnj30qr0qqdh6.jpg?KID=imgbed,tva&Expires=1770461332&ssig=JOmS9zm%2B43"
5263713112425336,1770479264,2026-02-07 15:47:44+08:00,QqIM7lLFm,多点几次就可以了，我试了七八次就成功了,0,0,1770450532602,江苏,5263713112425336,,1884869403,缥缈的青春,f,https://m.weibo.cn/u/1884869403?launchid=10000360-page_H5,"https://tva3.sinaimg.cn/crop.0.0.180.180.180/7058d31bjw1e8qgp5bmzyj2050050aa8.jpg?KID=imgbed,tva&Expires=1770461332&ssig=KRzsK5qef1"
5263713024347636,1770479243,2026-02-07 15:47:23+08:00,QqIM7lLFm,互相助力，助力完我给你助力。,0,0,1770450532603,浙江,5263713024347636,https://wx1.sinaimg.cn/large/008ruS6mgy1ia227a2yecj30tv1a67bx.jpg,7735381538,啧啧鱼茜味厨刀,f,https://m.weibo.cn/u/7735381538?launchid=10000360-page_H5,"https://tvax3.sinaimg.cn/crop.0.0.1064.1064.180/008ruS6mly8i0qrk8wa4rj30tk0tkq73.jpg?KID=imgbed,tva&Expires=1770461332&ssig=rGrpctFoQ3"
5263712594430322,1770479140,2026-02-07 15:45:40+08:00,QqIM7lLFm,我一次就成功了，1分钟点上，15分钟喝上,0,0,1770450532605,湖北,5263712594430322,,1795586821,--漪,f,https://m.weibo.cn/u/1795586821?launchid=10000360-page_H5,"https://tvax3.sinaimg.cn/crop.0.0.360.360.180/6b067b05ly8hkln3ryuw2j20a00a00sy.jpg?KID=imgbed,tva&Expires=1770461332&ssig=kUtkbOItVu"
5263712555634392,1770479131,2026-02-07 15:45:31+08:00,QqIM7lLFm,图片评论,0,0,1770450532606,北京,5263712555634392,https://wx4.sinaimg.cn/large/c4946203ly1ia225dqilaj20o911i0xf.jpg,3298058755,0o沉伦,f,https://m.weibo.cn/u/3298058755?launchid=10000360-page_H5,"https://tva2.sinaimg.cn/crop.0.0.1328.1328.180/c4946203jw8f8agkewpvmj210w10wtbm.jpg?KID=imgbed,tva&Expires=1770461332&ssig=UVGucEHY2L"
5263712518671141,1770479122,2026-02-07 15:45:22+08:00,QqIM7lLFm,快抢啊,0,0,1770450532608,山东,5263712518671141,https://wx2.sinaimg.cn/large/006ksgTMly1ia22588v4nj30ps13vtf5.jpg,5799061858,情歌vir,m,https://m.weibo.cn/u/5799061858?launchid=10000360-page_H5,"https://tva1.sinaimg.cn/crop.0.0.664.664.180/006ksgTMjw8f57tu3k586j30ig0igwft.jpg?KID=imgbed,tva&Expires=1770461332&ssig=LtppOXJ5Cb"
5263712401493136,1770479094,2026-02-07 15:44:54+08:00,QqIM7lLFm,可以了,0,0,1770450532610,辽宁,5263712401493136,https://wx3.sinaimg.cn/large/85f6dca1ly1ia224qkds0j20q414eaf5.jpg,2247548065,撒哈拉zyx,f,https://m.weibo.cn/u/2247548065?launchid=10000360-page_H5,"https://tvax3.sinaimg.cn/crop.0.0.1080.1080.180/85f6dca1ly8i7qix887kej20u00u042n.jpg?KID=imgbed,tva&Expires=1770461332&ssig=1IeoFs%2BmVW"
5263712055199683,1770479012,2026-02-07 15:43:32+08:00,QqIM7lLFm,自取,0,0,1770450532611,上海,5263712055199683,https://wx3.sinaimg.cn/large/006Du80Xgy1ia223ageuoj30p012ogs9.jpg,6080254747,小反知星意,f,https://m.weibo.cn/u/6080254747?launchid=10000360-page_H5,"https://tvax4.sinaimg.cn/crop.0.0.1080.1080.180/006Du80Xly8hoxrdpzhyzj30u00u0413.jpg?KID=imgbed,tva&Expires=1770461332&ssig=xpySKexVZI"
5263711872747098,1770478968,2026-02-07 15:42:48+08:00,QqIM7lLFm,图片评论,0,0,1770450532612,辽宁,5263711872747098,https://wx2.sinaimg.cn/large/008fBY99ly1ia222jqet0j30u01uodq5.jpg,7559757039,离歌清緣02599,f,https://m.weibo.cn/u/7559757039?launchid=10000360-page_H5,"https://tvax3.sinaimg.cn/crop.0.0.818.818.180/008fBY99ly8h02q0nah5hj30mq0mqjs0.jpg?KID=imgbed,tva&Expires=1770461332&ssig=cthycE3rJu"
5263711705236902,1770478928,2026-02-07 15:42:08+08:00,QqIM7lLFm,一样的，就是不让点了。我看我这里商家订单也没爆单，就是不让点。,0,0,1770450532613,浙江,5263711705236902,,7396327506,昵称-还没好,m,https://m.weibo.cn/u/7396327506?launchid=10000360-page_H5,"https://tvax3.sinaimg.cn/crop.0.0.1080.1080.180/0084yeEWly8i2oilvpi18j30u00u0dhp.jpg?KID=imgbed,tva&Expires=1770461332&ssig=XL3078ChQr"
5263711665392372,1770478919,2026-02-07 15:41:59+08:00,QqIM7lLFm,还有8张，速度,0,0,1770450532614,陕西,5263711665392372,https://wx3.sinaimg.cn/large/006raPkXly1ia221lc6vlj30qr15dwln.jpg,5898338687,9_12un,f,https://m.weibo.cn/u/5898338687?launchid=10000360-page_H5,"https://tvax1.sinaimg.cn/crop.0.0.1080.1080.180/006raPkXly8hovatzcpkwj30u00u0abr.jpg?KID=imgbed,tva&Expires=1770461332&ssig=SkKX4opH4A"
5263711300223731,1770478832,2026-02-07 15:40:32+08:00,QqIM7lLFm,扫码必得,0,0,1770450532615,河南,5263711300223731,https://wx2.sinaimg.cn/large/0062CTpTly1ia2204zdh5j30o911ijxs.jpg,5535619153,桔子ck3707,m,https://m.weibo.cn/u/5535619153?launchid=10000360-page_H5,"https://tvax3.sinaimg.cn/crop.0.0.512.512.180/0062CTpTly8hie12jmqe9j30e80e80tq.jpg?KID=imgbed,tva&Expires=1770461332&ssig=ChOmuLdhIn"
5263711268769417,1770478824,2026-02-07 15:40:24+08:00,QqIM7lLFm,扫码领免单奶茶,0,0,1770450532617,新疆,5263711268769417,https://wx2.sinaimg.cn/large/007969IVly1ia2200xk3zj30p012odmh.jpg,6547384197,爱吃酸奶的怪物,f,https://m.weibo.cn/u/6547384197?launchid=10000360-page_H5,"https://tvax4.sinaimg.cn/crop.0.0.1080.1080.180/007969IVly8i9aj5gxojij30u00u0n0q.jpg?KID=imgbed,tva&Expires=1770461332&ssig=8kNRs0ajS0"
5263710964680796,1770478752,2026-02-07 15:39:12+08:00,QqIM7lLFm,嘿嘿,0,0,1770450611062,湖北,5263710964680796,https://wx2.sinaimg.cn/large/006nwBrIgy1ia21yt75m9j30q414ek03.jpg,5844423162,小李同学_嘻嘻,f,https://m.weibo.cn/u/5844423162?launchid=10000360-page_H5,"https://tvax3.sinaimg.cn/crop.0.0.1080.1080.180/006nwBrIly8i9kxupwv37j30u00u0gp3.jpg?KID=imgbed,tva&Expires=1770461411&ssig=fNc5FWLp8N"
5263710788780283,1770478709,2026-02-07 15:38:29+08:00,QqIM7lLFm,扫这个码，不仅限于奶茶，还可以点吃的。,0,0,1770450611064,河南,5263710788780283,https://wx1.sinaimg.cn/large/008xpt8Ily1ia21xwxva8j30qm156tg1.jpg,7822751960,收敛水w_,f,https://m.weibo.cn/u/7822751960?launchid=10000360-page_H5,"https://tvax2.sinaimg.cn/crop.0.0.496.496.180/008xpt8Ily8i9u01s0cj7j30ds0dsjri.jpg?KID=imgbed,tva&Expires=1770461411&ssig=uD0ex9RSZL"
5263710735828379,1770478697,2026-02-07 15:38:17+08:00,QqIM7lLFm,6r收助力,0,0,1770450611065,广东,5263710735828379,https://wx2.sinaimg.cn/large/007DkjsZgy1ia21xoycs0j30qm156tdy.jpg,6994048321,肥美多汁537,f,https://m.weibo.cn/u/6994048321?launchid=10000360-page_H5,"https://tvax3.sinaimg.cn/crop.0.0.1080.1080.180/007DkjsZly8i62sul991zj30u00u0q83.jpg?KID=imgbed,tva&Expires=1770461411&ssig=oJAybeVakw"
5263710668981303,1770478681,2026-02-07 15:38:01+08:00,QqIM7lLFm,都有都有,0,0,1770450611067,广东,5263710668981303,https://wx2.sinaimg.cn/large/008dMSYqgy1ia21xk7r17j30u01uotet.jpg,7532806090,争不过朝夕1,m,https://m.weibo.cn/u/7532806090?launchid=10000360-page_H5,"https://tvax3.sinaimg.cn/crop.0.0.512.512.180/008dMSYqly8heupqt3573j30e80e80tp.jpg?KID=imgbed,tva&Expires=1770461411&ssig=wW3ckdIHkP"
5263710621010479,1770478670,2026-02-07 15:37:50+08:00,QqIM7lLFm,这个ok,0,0,1770450611068,山东,5263710621010479,https://wx3.sinaimg.cn/large/0084sit0ly1ia21xbk905j30p012o455.jpg,7394912174,超能汀_,m,https://m.weibo.cn/u/7394912174?launchid=10000360-page_H5,"https://tvax2.sinaimg.cn/crop.0.0.393.393.180/0084sit0ly8h9cvyy6b9jj30ax0axq32.jpg?KID=imgbed,tva&Expires=1770461411&ssig=TpRr%2FAz1IZ"
5263710610524810,1770478667,2026-02-07 15:37:47+08:00,QqIM7lLFm,这个可以，巨快，奶茶吃的都可以,0,0,1770450611069,新疆,5263710610524810,https://wx4.sinaimg.cn/large/0084u1iWly1ia21x4o5g7j30me0ynjvb.jpg,7395322858,-过期小可爱-,f,https://m.weibo.cn/u/7395322858?launchid=10000360-page_H5,"https://tvax1.sinaimg.cn/crop.0.0.996.996.180/0084u1iWly8gqyhjx7m8aj30ro0rotch.jpg?KID=imgbed,tva&Expires=1770461411&ssig=oRP%2F9VwJ5h"
5263710596894096,1770478664,2026-02-07 15:37:44+08:00,QqIM7lLFm,帮我助力一下吧，谢谢,0,0,1770450611071,广东,5263710596894096,https://wx2.sinaimg.cn/large/006xyckggy1ia21xaakzdj30mi0ytgpj.jpg,5992566616,亦芷,f,https://m.weibo.cn/u/5992566616?launchid=10000360-page_H5,"https://tvax3.sinaimg.cn/crop.0.0.1080.1080.180/006xyckgly8hpgu9bc3p4j30u00u0tdb.jpg?KID=imgbed,tva&Expires=1770461411&ssig=TAoyr3GumY"
5263710539222436,1770478650,2026-02-07 15:37:30+08:00,QqIM7lLFm,扫我这个，秒点上,0,0,1770450611072,广东,5263710539222436,https://wx2.sinaimg.cn/large/007TALv7gy1ia21wxurprj30qa14m7ax.jpg,7234390709,想饮碗街口嘅皮蛋瘦肉粥作宵夜,f,https://m.weibo.cn/u/7234390709?launchid=10000360-page_H5,"https://tvax4.sinaimg.cn/crop.0.0.996.996.180/007TALv7ly8gq345ynu18j30ro0rotai.jpg?KID=imgbed,tva&Expires=1770461411&ssig=oTBvl%2FyqVC"
5263710265542658,1770478585,2026-02-07 15:36:25+08:00,QqIM7lLFm,来领奶茶,0,0,1770450611073,江西,5263710265542658,https://wx4.sinaimg.cn/large/0075REnFgy1ia21vweu2cj30mf0yo7a2.jpg,6499598115,野菠萝窝,f,https://m.weibo.cn/u/6499598115?launchid=10000360-page_H5,"https://tvax2.sinaimg.cn/crop.0.0.1002.1002.180/0075REnFly8g414dfts01j30ru0rugn5.jpg?KID=imgbed,tva&Expires=1770461411&ssig=wTEWygZUl1"
5263710203676001,1770478570,2026-02-07 15:36:10+08:00,QqIM7lLFm,快领一次直接领20张，不要错过啊,0,0,1770450611074,河南,5263710203676001,https://wx4.sinaimg.cn/large/dffc23ebly1ia21vbqb17j20qr15dgqy.jpg,3757843435,有你我就安好啊,m,https://m.weibo.cn/u/3757843435?launchid=10000360-page_H5,"https://tvax4.sinaimg.cn/crop.0.0.1080.1080.180/dffc23ebly8gdgeqif20dj20u00u0ab6.jpg?KID=imgbed,tva&Expires=1770461411&ssig=kToCb83x30"
5263710155442267,1770478559,2026-02-07 15:35:59+08:00,QqIM7lLFm,5r收千问新用户 成功秒结,0,0,1770450611075,河南,5263710155442267,,7891043959,扬逗崽,m,https://m.weibo.cn/u/7891043959?launchid=10000360-page_H5,"https://tvax2.sinaimg.cn/crop.0.0.800.800.180/008C210zly8hqup7hes8yj30m80m8mzq.jpg?KID=imgbed,tva&Expires=1770461411&ssig=zCjE5UtsM6"
5263709968009078,1770478514,2026-02-07 15:35:14+08:00,QqIM7lLFm,扫这个码，不仅限于奶茶，还可以点吃的,0,0,1770450611076,福建,5263709968009078,https://wx2.sinaimg.cn/large/0077fZWugy1ia21uolu72j30x61fbn5s.jpg,6520177206,在下毛毛雨u_u-,f,https://m.weibo.cn/u/6520177206?launchid=10000360-page_H5,"https://tvax3.sinaimg.cn/crop.0.0.1080.1080.180/0077fZWuly8i44k5x2t2bj30u00u0tam.jpg?KID=imgbed,tva&Expires=1770461411&ssig=xC16qavWbf"
5263709924493914,1770478504,2026-02-07 15:35:04+08:00,QqIM7lLFm,我也点不上，一次都没有,0,0,1770450611077,湖南,5263709924493914,,5790847795,陈哲远呀呀,f,https://m.weibo.cn/u/5790847795?launchid=10000360-page_H5,"https://tvax1.sinaimg.cn/crop.0.0.1080.1080.180/006jTO2Tly8hft736krbpj30u00u0tb9.jpg?KID=imgbed,tva&Expires=1770461411&ssig=JW6YkvVq%2Fa"
5263709882811187,1770478494,2026-02-07 15:34:54+08:00,QqIM7lLFm,这个可以,0,0,1770450611079,吉林,5263709882811187,https://wx3.sinaimg.cn/large/005IA3u5ly1ia21ua7swxj30p012ojy1.jpg,5239416149,Ambition-Bessie,f,https://m.weibo.cn/u/5239416149?launchid=10000360-page_H5,"https://tvax2.sinaimg.cn/crop.0.0.512.512.180/005IA3u5ly8hb2w7ujfr7j30e80e874v.jpg?KID=imgbed,tva&Expires=1770461411&ssig=l5hbuOoJSd"
5263709477798448,1770478396,2026-02-07 15:33:16+08:00,QqIM7lLFm,图片评论,0,0,1770450611080,安徽,5263709477798448,https://wx1.sinaimg.cn/large/55606583ly1ia21sn02waj20og11ttfc.jpg,1432380803,资深离退休老萝莉,f,https://m.weibo.cn/u/1432380803?launchid=10000360-page_H5,"https://tva2.sinaimg.cn/crop.0.0.1242.1242.180/55606583jw8fbqj4s1mf9j20yi0yiaca.jpg?KID=imgbed,tva&Expires=1770461411&ssig=zkB01wFfN4"
5263708394618958,1770478138,2026-02-07 15:28:58+08:00,QqIM7lLFm,求求了，点一下吧,0,0,1770450611082,广东,5263708394618958,https://wx1.sinaimg.cn/large/006xyckggy1ia21o6647zj30pb135gqk.jpg,5992566616,亦芷,f,https://m.weibo.cn/u/5992566616?launchid=10000360-page_H5,"https://tvax3.sinaimg.cn/crop.0.0.1080.1080.180/006xyckgly8hpgu9bc3p4j30u00u0tdb.jpg?KID=imgbed,tva&Expires=1770461411&ssig=TAoyr3GumY"
5263708340093107,1770478125,2026-02-07 15:28:45+08:00,QqIM7lLFm,扫码领了刚点了杯,0,0,1770450611083,浙江,5263708340093107,https://wx3.sinaimg.cn/large/6adcadefgy1ia21ns730vj20qk153gs2.jpg,1792847343,李小小小-,f,https://m.weibo.cn/u/1792847343?launchid=10000360-page_H5,"https://tva4.sinaimg.cn/crop.8.583.1392.1392.180/6adcadefgw1eq5bb92vghj219c1wgtzu.jpg?KID=imgbed,tva&Expires=1770461411&ssig=MoEXVNNd42"
5263708211381912,1770478095,2026-02-07 15:28:15+08:00,QqIM7lLFm,！！！20张,0,0,1770450611085,广西,5263708211381912,https://wx3.sinaimg.cn/large/006YVlpzgy1ia21ney1t2j30me0ynjv5.jpg,6397044157,M十七今天早睡了吗,f,https://m.weibo.cn/u/6397044157?launchid=10000360-page_H5,"https://tvax2.sinaimg.cn/crop.0.0.1023.1023.180/006YVlpzly8hesxwzev7yj30sg0sf779.jpg?KID=imgbed,tva&Expires=1770461411&ssig=hXUS154mPk"
5263708118581588,1770478072,2026-02-07 15:27:52+08:00,QqIM7lLFm,来,0,0,1770450611086,浙江,5263708118581588,https://wx1.sinaimg.cn/large/007UFhPKgy1ia21muftkkj30og11tjw7.jpg,7250244644,7anis-,f,https://m.weibo.cn/u/7250244644?launchid=10000360-page_H5,"https://tvax2.sinaimg.cn/crop.0.0.1080.1080.180/007UFhPKly8i5uwji8ffnj30u00u0gnc.jpg?KID=imgbed,tva&Expires=1770461411&ssig=f3oMG7CRem"
5263708080570865,1770478063,2026-02-07 15:27:43+08:00,QqIM7lLFm,扫这个喝了吃了超级多啦,0,0,1770450611087,广东,5263708080570865,https://wx1.sinaimg.cn/large/006ApnzDgy1ia21mr1y7vj30h60qkdhz.jpg,6034793909,塔斯汀重度依赖者,f,https://m.weibo.cn/u/6034793909?launchid=10000360-page_H5,"https://tvax1.sinaimg.cn/crop.0.0.936.936.180/006ApnzDly8i9ck6eqj8xj30q00q0ack.jpg?KID=imgbed,tva&Expires=1770461411&ssig=oBIU2LDCiZ"
5263707765999263,1770477989,2026-02-07 15:26:29+08:00,QqIM7lLFm,还有几张！,0,0,1770450708657,安徽,5263707765999263,https://wx4.sinaimg.cn/large/008GKao2ly1ia21lfg2hkj30me0yndkq.jpg,7960671786,守护心软之妻_硬核版,f,https://m.weibo.cn/u/7960671786?launchid=10000360-page_H5,"https://tvax3.sinaimg.cn/crop.0.0.1080.1080.180/008GKao2ly8i9t42dt88jj30u00u0790.jpg?KID=imgbed,tva&Expires=1770461508&ssig=lPo%2BfhA9g%2F"
5263706879691173,1770477778,2026-02-07 15:22:58+08:00,QqIM7lLFm,图片评论,0,0,1770450708659,湖北,5263706879691173,https://wx1.sinaimg.cn/large/007iToYegy1ia21hxbuydj30me0ynjv5.jpg,6692107902,遥遥生79237,m,https://m.weibo.cn/u/6692107902?launchid=10000360-page_H5,"https://tvax1.sinaimg.cn/crop.0.0.996.996.180/007iToYely8gu1lff0eq8j60ro0rojt402.jpg?KID=imgbed,tva&Expires=1770461508&ssig=yVjwAqxZ43"
5263687981466827,1770473272,2026-02-07 14:07:52+08:00,QqIM7lLFm,奶茶在哪里你的毅力就在哪里,0,0,1770450708660,山西,5263687981466827,,7912305113,云朵上浅尝风的味道,f,https://m.weibo.cn/u/7912305113?launchid=10000360-page_H5,"https://tvax1.sinaimg.cn/crop.0.0.1080.1080.180/008Dte0ply8ho9fmvr31aj30u00u0n1x.jpg?KID=imgbed,tva&Expires=1770461508&ssig=tjr%2Bv913uM"
5263687943980088,1770473262,2026-02-07 14:07:42+08:00,QqIM7lLFm,太多人了还没喝到奶茶,0,0,1770450708661,山西,5263687943980088,,7871709040,熊玲玲爱睡觉,f,https://m.weibo.cn/u/7871709040?launchid=10000360-page_H5,"https://tvax4.sinaimg.cn/crop.0.0.768.768.180/008AIT72ly8hzvdhtliw5j30lc0lcdgo.jpg?KID=imgbed,tva&Expires=1770461508&ssig=b%2Ft2%2FpIOoV"
5263687669778382,1770473198,2026-02-07 14:06:38+08:00,QqIM7lLFm,已喝上,0,0,1770450708663,四川,5263687669778382,https://wx3.sinaimg.cn/large/007hvnAygy1ia1za8ilxoj30qr15d43c.jpg,6671606382,干了这碗鸽笋汤,f,https://m.weibo.cn/u/6671606382?launchid=10000360-page_H5,"https://tvax1.sinaimg.cn/crop.0.0.1080.1080.180/007hvnAyly8gylivhrdvaj30u00u076x.jpg?KID=imgbed,tva&Expires=1770461508&ssig=pclRxUNH%2B7"
5263710277863484,1770478588,2026-02-07 15:36:28+08:00,QqIM7lLFm,刚点完！用这个可以！,0,0,1770450708664,山东,5263710277863484,https://wx3.sinaimg.cn/large/005IqcjCly1ia21vs2bflj30o911idm8.jpg,5237066816,来火的河豚,f,https://m.weibo.cn/u/5237066816?launchid=10000360-page_H5,"https://tvax4.sinaimg.cn/crop.0.0.864.864.180/005IqcjCly8i495vepyy5j30o00o03zl.jpg?KID=imgbed,tva&Expires=1770461508&ssig=Tw9o4Fa0AD"
5263713194216240,1770479283,2026-02-07 15:48:03+08:00,QqIM7lLFm,我点上了,0,0,1770450708665,江苏,5263713194216240,https://wx4.sinaimg.cn/large/007Z6ahSgy1ia227zn7v8j30pb12f79d.jpg,7315755836,用户0431225476,f,https://m.weibo.cn/u/7315755836?launchid=10000360-page_H5,"https://tvax2.sinaimg.cn/crop.0.0.1010.1010.180/007Z6ahSly8ho4egwtzj0j30s20s2q59.jpg?KID=imgbed,tva&Expires=1770461508&ssig=YpxvkGRDmj"
5263712757484841,1770479179,2026-02-07 15:46:19+08:00,QqIM7lLFm,要的可以扫,0,0,1770450708666,江西,5263712757484841,https://wx2.sinaimg.cn/large/008Eovwugy1ia2267yy6hj30u01uo0yr.jpg,7925957146,用户7925957146,f,https://m.weibo.cn/u/7925957146?launchid=10000360-page_H5,"https://tvax2.sinaimg.cn/crop.0.0.940.940.180/008Eovwuly8ia223li6hlj30q40q4dhh.jpg?KID=imgbed,tva&Expires=1770461508&ssig=jw4cp8eR2b"
5263712483017001,1770479113,2026-02-07 15:45:13+08:00,QqIM7lLFm,来,0,0,1770450708667,江西,5263712483017001,https://wx1.sinaimg.cn/large/008d1ZZXgy1ia2252dxwwj30q414e7au.jpg,7521631677,螃凯丫,m,https://m.weibo.cn/u/7521631677?launchid=10000360-page_H5,"https://tvax4.sinaimg.cn/crop.0.0.1080.1080.180/008d1ZZXly8hgnfp31lfhj30u00u0gn4.jpg?KID=imgbed,tva&Expires=1770461508&ssig=o8bq9YN5s7"
5263711757666625,1770478941,2026-02-07 15:42:21+08:00,QqIM7lLFm,跟他说  给老子点杯奶茶，不然卸载你,0,0,1770450708668,湖南,5263711757666625,,5690579808,beeu-fu,m,https://m.weibo.cn/u/5690579808?launchid=10000360-page_H5,"https://tva4.sinaimg.cn/crop.0.0.640.640.180/006d75Lijw8ew46nnaq0fj30hs0hs3zj.jpg?KID=imgbed,tva&Expires=1770461508&ssig=Llc6XAyguy"
5263711553455192,1770478892,2026-02-07 15:41:32+08:00,QqIM7lLFm,要强硬点,0,0,1770450708670,湖南,5263711553455192,,5690579808,beeu-fu,m,https://m.weibo.cn/u/5690579808?launchid=10000360-page_H5,"https://tva4.sinaimg.cn/crop.0.0.640.640.180/006d75Lijw8ew46nnaq0fj30hs0hs3zj.jpg?KID=imgbed,tva&Expires=1770461508&ssig=Llc6XAyguy"
5263711430248948,1770478863,2026-02-07 15:41:03+08:00,QqIM7lLFm,图片评论,0,0,1770450708671,湖南,5263711430248948,https://wx2.sinaimg.cn/large/008zaV0Xgy1ia220qnliuj30me0yn0wg.jpg,7848836863,贝斯余_-,f,https://m.weibo.cn/u/7848836863?launchid=10000360-page_H5,"https://tvax2.sinaimg.cn/crop.0.0.960.960.180/008zaV0Xly8hmvicoqt9ij30qo0qojvm.jpg?KID=imgbed,tva&Expires=1770461508&ssig=Xv9pvJ%2Bmt%2B"
5263711300224669,1770478832,2026-02-07 15:40:32+08:00,QqIM7lLFm,图片评论,0,0,1770450708673,浙江,5263711300224669,https://wx1.sinaimg.cn/large/0086rYcIgy1ia2206lbuxj30p012odmh.jpg,7424386956,用户7424386956,m,https://m.weibo.cn/u/7424386956?launchid=10000360-page_H5,"https://tvax4.sinaimg.cn/crop.0.0.132.132.180/0086rYcIly4gdbm9rrwrsj303o03oglh.jpg?KID=imgbed,tva&Expires=1770461508&ssig=WVRsltCd%2B9"
5263711270863382,1770478824,2026-02-07 15:40:24+08:00,QqIM7lLFm,扫码可以领到啊,0,0,1770450708673,广东,5263711270863382,https://wx4.sinaimg.cn/large/008zCgg4gy1ia21zxki6uj30me0ynwk8.jpg,7855353380,起名有点费脑子,m,https://m.weibo.cn/u/7855353380?launchid=10000360-page_H5,"https://tvax3.sinaimg.cn/crop.0.0.1002.1002.180/008zCgg4ly8i3zp74sx6lj30ru0rugns.jpg?KID=imgbed,tva&Expires=1770461508&ssig=51B5lmMOf%2B"
5263711104403618,1770478785,2026-02-07 15:39:45+08:00,QqIM7lLFm,有bug，现在扫码，一次给两张了,0,0,1770450708675,河南,5263711104403618,https://wx3.sinaimg.cn/large/008iPBU0ly1ia21zdl3qzj30rf16faek.jpg,7607337132,用户7607337132,m,https://m.weibo.cn/u/7607337132?launchid=10000360-page_H5,"https://tvax4.sinaimg.cn/crop.0.0.1069.1069.180/008iPBU0ly8i0iz46o08qj30tp0tp42a.jpg?KID=imgbed,tva&Expires=1770461508&ssig=eM%2BYB54jBY"
5263710830723899,1770478720,2026-02-07 15:38:40+08:00,QqIM7lLFm,图片评论,0,0,1770450708676,湖南,5263710830723899,https://wx3.sinaimg.cn/large/008zbeIMgy1ia21y8yd2uj30me0yn0wg.jpg,7848912616,我不多余y,f,https://m.weibo.cn/u/7848912616?launchid=10000360-page_H5,"https://tvax3.sinaimg.cn/crop.0.0.960.960.180/008zbeIMly8hmvije2juwj30qo0qojuu.jpg?KID=imgbed,tva&Expires=1770461508&ssig=oJua0WJzmO"
5263710514056038,1770478644,2026-02-07 15:37:24+08:00,QqIM7lLFm,试试,0,0,1770450708677,江苏,5263710514056038,https://wx4.sinaimg.cn/large/008FLnYRgy1ia21wxv8u4j30ow12hagd.jpg,7946186033,略略咯_,f,https://m.weibo.cn/u/7946186033?launchid=10000360-page_H5,"https://tvax1.sinaimg.cn/crop.0.0.1080.1080.180/008FLnYRly8i9q4xh4676j30u00u0ach.jpg?KID=imgbed,tva&Expires=1770461508&ssig=KGsX3Q2ej2"
5263709354330703,1770478368,2026-02-07 15:32:48+08:00,QqIM7lLFm,拿走,0,0,1770450708678,湖北,5263709354330703,https://wx2.sinaimg.cn/large/0080tntogy1ia21s58o31j30qr15dafe.jpg,7336064402,bling宝贝呀,f,https://m.weibo.cn/u/7336064402?launchid=10000360-page_H5,"https://tvax1.sinaimg.cn/crop.0.0.1080.1080.180/0080tntoly8h5k7ks4b5sj30u00u0gn5.jpg?KID=imgbed,tva&Expires=1770461508&ssig=KtV0IWc%2FDU"
5263708485848902,1770478161,2026-02-07 15:29:21+08:00,QqIM7lLFm,扫这个，真的巨快巨好用外卖，年货，零食，奶茶，咖啡都可以,0,0,1770450708680,辽宁,5263708485848902,https://wx3.sinaimg.cn/large/0089yQaYly1ia21o1ol3bj30o911iagf.jpg,7470353400,哎呦呵咋是你啊,m,https://m.weibo.cn/u/7470353400?launchid=10000360-page_H5,"https://tvax4.sinaimg.cn/crop.0.0.1080.1080.180/0089yQaYly8gfp74ibgsbj30u00u00vc.jpg?KID=imgbed,tva&Expires=1770461508&ssig=JXoi2Q6XEU"
5263688392508215,1770473370,2026-02-07 14:09:30+08:00,QqIM7lLFm,刚喝完，免费的奶茶真香,0,0,1770450708681,上海,5263688392508215,,7768192253,Yu-抹茶小团子,m,https://m.weibo.cn/u/7768192253?launchid=10000360-page_H5,"https://tvax4.sinaimg.cn/crop.0.0.640.640.180/008tIxFrly8i6b1rf1ojej30hs0hs74w.jpg?KID=imgbed,tva&Expires=1770461508&ssig=zg5Y%2BMSJg9"
5263713586381972,1770479377,2026-02-07 15:49:37+08:00,QqIM7lLFm,我的可以,0,0,1770450792925,福建,5263713586381972,https://wx1.sinaimg.cn/large/008lja07gy1ia229n9v7vj30me0yndjm.jpg,7643932391,白菜饺子馅_,f,https://m.weibo.cn/u/7643932391?launchid=10000360-page_H5,"https://tvax1.sinaimg.cn/crop.0.0.1080.1080.180/008lja07ly8hsq17id9chj30u00u0n2p.jpg?KID=imgbed,tva&Expires=1770461593&ssig=qjZotjuuRM"
5263714413446316,1770479574,2026-02-07 15:52:54+08:00,QqIM7lLFm,可以领2张,0,0,1770450792927,陕西,5263714413446316,https://wx3.sinaimg.cn/large/008vpC4Ply1ia22crzzi9j30og11tdmf.jpg,7793233643,1ocko,f,https://m.weibo.cn/u/7793233643?launchid=10000360-page_H5,"https://tvax2.sinaimg.cn/crop.0.0.1080.1080.180/008vpC4Ply8i9bm84725rj30u00u041a.jpg?KID=imgbed,tva&Expires=1770461593&ssig=kVGALcvJud"
5263714171227567,1770479516,2026-02-07 15:51:56+08:00,QqIM7lLFm,俺也一样,0,0,1770450792928,河北,5263714171227567,,7755599700,西蒙甜甜哒315,f,https://m.weibo.cn/u/7755599700?launchid=10000360-page_H5,"https://tvax3.sinaimg.cn/crop.0.0.1080.1080.180/008sRHLKly8hthdvh3p75j30u00u040u.jpg?KID=imgbed,tva&Expires=1770461593&ssig=%2FQ0tHfy0nx"
5263714148156788,1770479511,2026-02-07 15:51:51+08:00,QqIM7lLFm,免费领奶茶，很快,0,0,1770450792929,上海,5263714148156788,https://wx4.sinaimg.cn/large/0083Zgofgy1ia22byzsxjj30mi0ytaf8.jpg,7387992679,爱吃破忒头的rose-yu,f,https://m.weibo.cn/u/7387992679?launchid=10000360-page_H5,"https://tvax1.sinaimg.cn/crop.0.0.1080.1080.180/0083Zgofly8i90a9c2uq1j30u00u0diw.jpg?KID=imgbed,tva&Expires=1770461593&ssig=9o%2BeZMiOVl"
5263713743669001,1770479414,2026-02-07 15:50:14+08:00,QqIM7lLFm,扫这个,0,0,1770450792930,山东,5263713743669001,https://wx4.sinaimg.cn/large/008Fg6Uqly1ia229zw5z3j30q414e452.jpg,7938732242,无忧无虑的阿丢,f,https://m.weibo.cn/u/7938732242?launchid=10000360-page_H5,"https://tvax2.sinaimg.cn/crop.0.0.960.960.180/008Fg6Uqly8hvp7prf0hfj30qo0qotbu.jpg?KID=imgbed,tva&Expires=1770461593&ssig=lOthCT9obZ"
5263713586122955,1770479377,2026-02-07 15:49:37+08:00,QqIM7lLFm,试一试,0,0,1770450792932,浙江,5263713586122955,https://wx2.sinaimg.cn/large/007mxgOjgy1ia229n9gdij30h60qkq73.jpg,6745938663,椿叙鑫芝助,f,https://m.weibo.cn/u/6745938663?launchid=10000360-page_H5,"https://tvax3.sinaimg.cn/crop.0.0.1080.1080.180/007mxgOjly8hh35erv77gj30u00u0tdp.jpg?KID=imgbed,tva&Expires=1770461593&ssig=H1Fp%2FXSOZH"
5263713574585639,1770479374,2026-02-07 15:49:34+08:00,QqIM7lLFm,自取,0,0,1770450792933,湖北,5263713574585639,https://wx2.sinaimg.cn/large/005QVAK1gy1ia229l4unoj30pc137796.jpg,5362759565,绀香有偲,f,https://m.weibo.cn/u/5362759565?launchid=10000360-page_H5,"https://tvax4.sinaimg.cn/crop.0.0.960.960.180/005QVAK1ly8hdr57v3adyj30qo0qota6.jpg?KID=imgbed,tva&Expires=1770461593&ssig=ZBujvgIuTc"
5263687090702784,1770473060,2026-02-07 14:04:20+08:00,QqIM5Apm6,已经喝上了,11,4,1770450843778,广西,5263687090702784,https://wx4.sinaimg.cn/large/008tglF9gy1ia1z83j19jj30zc25swo6.jpg,7761472923,咖啡味的531,f,https://m.weibo.cn/u/7761472923?launchid=10000360-page_H5,"https://tvax4.sinaimg.cn/crop.0.0.1080.1080.180/008tglF9ly8i2xr0ebua1j30u00u0tdl.jpg?KID=imgbed,tva&Expires=1770461643&ssig=oc9%2B4oUZ10"
5263686895930257,1770473013,2026-02-07 14:03:33+08:00,QqIM5Apm6,我已经领到啦,7,5,1770450843779,广东,5263686895930257,,7870018626,Peach_冷颜兔来信,f,https://m.weibo.cn/u/7870018626?launchid=10000360-page_H5,"https://tvax3.sinaimg.cn/crop.0.0.1080.1080.180/008ABNmily8i9u1465bu8j30u00u0ac7.jpg?KID=imgbed,tva&Expires=1770461643&ssig=eVxxxye5bB"
5263692283513657,1770474298,2026-02-07 14:24:58+08:00,QqIM5Apm6,千问是啥呀,9,1,1770450843781,湖南,5263692283513657,,7810436065,雨季逢爱诗,f,https://m.weibo.cn/u/7810436065?launchid=10000360-page_H5,"https://tvax2.sinaimg.cn/crop.0.0.1080.1080.180/008wzNdfly8i6wznss2elj30u00u00w2.jpg?KID=imgbed,tva&Expires=1770461643&ssig=rgYrQLaK%2B9"
5263688193804637,1770473323,2026-02-07 14:08:43+08:00,QqIM5Apm6,我靠真的假的,2,1,1770450843782,辽宁,5263688193804637,,7747020807,允许你叫我太子妃,f,https://m.weibo.cn/u/7747020807?launchid=10000360-page_H5,"https://tvax1.sinaimg.cn/crop.0.0.1080.1080.180/008shI0vly8i8qpgpkjguj30u00u0goh.jpg?KID=imgbed,tva&Expires=1770461643&ssig=F7QMvmrxEh"
5263693333925561,1770474548,2026-02-07 14:29:08+08:00,QqIM5Apm6,,2,1,1770450843784,广东,5263693333925561,https://wx2.sinaimg.cn/large/008EEs9bgy1ia1zxwnihej30u01p4tfb.jpg,7929757417,天菜小包,m,https://m.weibo.cn/u/7929757417?launchid=10000360-page_H5,"https://tvax1.sinaimg.cn/crop.0.0.1080.1080.180/008EEs9bly8ia19lhn3y0j30u00u0ad4.jpg?KID=imgbed,tva&Expires=1770461643&ssig=nCEkwOZX2T"
5263687686558073,1770473202,2026-02-07 14:06:42+08:00,QqIM5Apm6,真假？我试试,1,1,1770450843785,江苏,5263687686558073,,7927174986,NUAN_哼,f,https://m.weibo.cn/u/7927174986?launchid=10000360-page_H5,"https://tvax3.sinaimg.cn/crop.0.0.1080.1080.180/008EtCl4ly8i44c62d2ujj30u00u0gor.jpg?KID=imgbed,tva&Expires=1770461643&ssig=CaHxLLEOgG"
5263696399437031,1770475279,2026-02-07 14:41:19+08:00,QqIM5Apm6,我同学都吃到了,1,1,1770450843786,广西,5263696399437031,,6561101416,与鞠心弦共鸣,f,https://m.weibo.cn/u/6561101416?launchid=10000360-page_H5,"https://tvax1.sinaimg.cn/crop.0.0.1080.1080.180/007a1Icoly8i8qgj2zfesj30u00u0juf.jpg?KID=imgbed,tva&Expires=1770461643&ssig=jbiVeO%2BSKL"
5263687084413408,1770473058,2026-02-07 14:04:18+08:00,QqIM5Apm6,不知道啊,1,1,1770450843787,海南,5263687084413408,,7857707726,蘭色赤绊,f,https://m.weibo.cn/u/7857707726?launchid=10000360-page_H5,"https://tvax2.sinaimg.cn/crop.0.0.1080.1080.180/008zM8Joly8ia14dzp19ej30u00u0myt.jpg?KID=imgbed,tva&Expires=1770461643&ssig=EQ%2BIwEpjwB"
5263709209364646,1770478333,2026-02-07 15:32:13+08:00,QqIM5Apm6,哇塞太棒了,0,1,1770450843788,吉林,5263709209364646,,7800628447,简婧媛_,f,https://m.weibo.cn/u/7800628447?launchid=10000360-page_H5,"https://tvax2.sinaimg.cn/crop.0.0.1080.1080.180/008vUDNRly8ia21sxxyq3j30u00u0dj4.jpg?KID=imgbed,tva&Expires=1770461643&ssig=sik1D4HrNJ"
5263704674277185,1770477252,2026-02-07 15:14:12+08:00,QqIM5Apm6,哇塞,0,1,1770450843789,湖北,5263704674277185,,7893926145,kiku双马尾本性,f,https://m.weibo.cn/u/7893926145?launchid=10000360-page_H5,"https://tvax4.sinaimg.cn/crop.0.0.1080.1080.180/008Ce6Nrly8ia14f4qqivj30u00u0wk5.jpg?KID=imgbed,tva&Expires=1770461643&ssig=cOOQOPw7vG"
5263701936178884,1770476599,2026-02-07 15:03:19+08:00,QqIM5Apm6,善待农村人,0,1,1770450843790,河南,5263701936178884,,7485411663,屿时衍,f,https://m.weibo.cn/u/7485411663?launchid=10000360-page_H5,"https://tvax4.sinaimg.cn/crop.0.1.1078.1078.180/008aA1wbly8i93ovuw207j30ty0u0wgp.jpg?KID=imgbed,tva&Expires=1770461643&ssig=cYG6p8rAYm"
5263701425000870,1770476477,2026-02-07 15:01:17+08:00,QqIM5Apm6,哇塞,0,1,1770450843791,浙江,5263701425000870,,5695800481,Yuki企鹅_,f,https://m.weibo.cn/u/5695800481?launchid=10000360-page_H5,"https://tvax4.sinaimg.cn/crop.0.0.1080.1080.180/006dsZTHly8i82w6fyfbcj30u00u0mzm.jpg?KID=imgbed,tva&Expires=1770461643&ssig=w9Mgw7YBBS"
5263696699853509,1770475351,2026-02-07 14:42:31+08:00,QqIM5Apm6,速速，这个一次性20张,1,2,1770450843793,浙江,5263696699853509,https://wx3.sinaimg.cn/large/005IdCQCgy1ia20btyptij30rd16cq9d.jpg,5234070542,皮皮一图,m,https://m.weibo.cn/u/5234070542?launchid=10000360-page_H5,"https://tvax3.sinaimg.cn/crop.0.0.500.500.180/005IdCQCly8i94evxhctqj30dw0dw3zn.jpg?KID=imgbed,tva&Expires=1770461643&ssig=q1mdWUjt4B"
5263695699509565,1770475111,2026-02-07 14:38:31+08:00,QqIM5Apm6,,0,1,1770450843795,广西,5263695699509565,,7933354343,又双7,f,https://m.weibo.cn/u/7933354343?launchid=10000360-page_H5,"https://tvax3.sinaimg.cn/crop.0.0.1080.1080.180/008ETxS7ly8i9wkg6648nj30u00u0dj2.jpg?KID=imgbed,tva&Expires=1770461643&ssig=NPXqIyOMc9"
5263693197611112,1770474516,2026-02-07 14:28:36+08:00,QqIM5Apm6,正在喝～,0,1,1770450843796,海南,5263693197611112,,7936147639,筱祎欣Xin,f,https://m.weibo.cn/u/7936147639?launchid=10000360-page_H5,"https://tvax3.sinaimg.cn/crop.0.0.1080.1080.180/008F5gxhly8i8st0ryonrj30u00u040o.jpg?KID=imgbed,tva&Expires=1770461643&ssig=d07xgIdsFV"
5263692455216432,1770474339,2026-02-07 14:25:39+08:00,QqIM5Apm6,是的，昨天还崩了,0,1,1770450843797,湖南,5263692455216432,,7818883718,尽枳远周,f,https://m.weibo.cn/u/7818883718?launchid=10000360-page_H5,"https://tvax3.sinaimg.cn/crop.0.0.1080.1080.180/008x9ePIly8i9pcwy4qrzj30u00u078e.jpg?KID=imgbed,tva&Expires=1770461643&ssig=0PwjSneQo8"
5263691411099557,1770474090,2026-02-07 14:21:30+08:00,QqIM5Apm6,我不行了,0,1,1770450843799,四川,5263691411099557,,7770500986,kiku_眼角爱心痣,f,https://m.weibo.cn/u/7770500986?launchid=10000360-page_H5,"https://tvax3.sinaimg.cn/crop.0.0.1080.1080.180/008tSeh4ly8i9lxdeqh5ej30u00u0whj.jpg?KID=imgbed,tva&Expires=1770461643&ssig=6t3weTAS7s"
5263690444048808,1770473859,2026-02-07 14:17:39+08:00,QqIM5Apm6,,0,1,1770450843800,广东,5263690444048808,,7779909215,TingTing-kiku,f,https://m.weibo.cn/u/7779909215?launchid=10000360-page_H5,"https://tvax1.sinaimg.cn/crop.0.0.1080.1080.180/008uvHMHly8ia1vh77j2uj30u00u0gor.jpg?KID=imgbed,tva&Expires=1770461643&ssig=SVbVp1TebU"
5263689712141478,1770473685,2026-02-07 14:14:45+08:00,QqIM5Apm6,我也要试试,1,1,1770450843801,山东,5263689712141478,,7637399449,料理鼠王JS,m,https://m.weibo.cn/u/7637399449?launchid=10000360-page_H5,"https://tvax1.sinaimg.cn/crop.0.0.919.919.180/008kRKu5ly8ia1748bwfbj30pj0pjab2.jpg?KID=imgbed,tva&Expires=1770461643&ssig=rIabcg9TDt"
5263689380790841,1770473605,2026-02-07 14:13:25+08:00,QqIM5Apm6,哇哦,0,1,1770450843803,贵州,5263689380790841,,7890122057,鞠恋柒,f,https://m.weibo.cn/u/7890122057?launchid=10000360-page_H5,"https://tvax1.sinaimg.cn/crop.0.0.1080.1080.180/008BY9bbly8ia21u9ay9zj30u00u0acp.jpg?KID=imgbed,tva&Expires=1770461643&ssig=JTY6Uv2pjU"
5263696773517567,1770475368,2026-02-07 14:42:48+08:00,QqIM5Apm6,这个快 评论配图,0,0,1770450860474,浙江,5263687090702784,,5234070542,皮皮一图,m,https://m.weibo.cn/u/5234070542?launchid=10000360-page_H5,"https://tvax3.sinaimg.cn/crop.0.0.500.500.180/005IdCQCly8i94evxhctqj30dw0dw3zn.jpg?KID=imgbed,tva&Expires=1770461643&ssig=q1mdWUjt4B"
5263696856088615,1770475387,2026-02-07 14:43:07+08:00,QqIM5Apm6,还有几个，刚补完，速来 评论配图,0,0,1770450860476,河北,5263687090702784,,6315665746,每日娱闻,f,https://m.weibo.cn/u/6315665746?launchid=10000360-page_H5,"https://tvax4.sinaimg.cn/crop.0.0.699.699.180/006TpTayly8hg4o5apug6j30jf0jf3yz.jpg?KID=imgbed,tva&Expires=1770461643&ssig=8XBOlQxlEj"
5263697662707011,1770475580,2026-02-07 14:46:20+08:00,QqIM5Apm6,刚补完，还有几个，速冲啊 评论配图,0,0,1770450860478,河北,5263686895930257,,6315665746,每日娱闻,f,https://m.weibo.cn/u/6315665746?launchid=10000360-page_H5,"https://tvax4.sinaimg.cn/crop.0.0.699.699.180/006TpTayly8hg4o5apug6j30jf0jf3yz.jpg?KID=imgbed,tva&Expires=1770461643&ssig=8XBOlQxlEj"
5263700795856683,1770476327,2026-02-07 14:58:47+08:00,QqIM5Apm6,来吧来吧 评论配图,0,0,1770450860479,福建,5263686895930257,,3558510981,赫格洛里,f,https://m.weibo.cn/u/3558510981?launchid=10000360-page_H5,"https://tvax1.sinaimg.cn/crop.0.0.1080.1080.180/d41a9185ly8i2l6bipwgsj20u00u0jv7.jpg?KID=imgbed,tva&Expires=1770461643&ssig=St3fSAk01V"
5263711960826372,1770478988,2026-02-07 15:43:08+08:00,QqIM5Apm6,扫这个就可以免费喝奶茶 评论配图,0,0,1770450860480,山东,5263692283513657,,7394912174,超能汀_,m,https://m.weibo.cn/u/7394912174?launchid=10000360-page_H5,"https://tvax2.sinaimg.cn/crop.0.0.393.393.180/0084sit0ly8h9cvyy6b9jj30ax0axq32.jpg?KID=imgbed,tva&Expires=1770461643&ssig=fmBtawzbB8"
5263700567002002,1770476273,2026-02-07 14:57:53+08:00,QqIM5Apm6,扫码就可以领到一张25的券 评论配图,0,0,1770450860482,广西,5263692283513657,,6983839584,小顾太可爱了,f,https://m.weibo.cn/u/6983839584?launchid=10000360-page_H5,"https://tvax3.sinaimg.cn/crop.0.0.996.996.180/007CDtHWly8gniv2s0jfrj30ro0rogno.jpg?KID=imgbed,tva&Expires=1770461643&ssig=8DWf2zQtBA"
5263712160318878,1770479037,2026-02-07 15:43:57+08:00,QqIM5Apm6,真的 扫了就可以领劵也没吃咖啡 盒马年货都可以哒 评论配图,0,0,1770450860482,山东,5263688193804637,,7394912174,超能汀_,m,https://m.weibo.cn/u/7394912174?launchid=10000360-page_H5,"https://tvax2.sinaimg.cn/crop.0.0.393.393.180/0084sit0ly8h9cvyy6b9jj30ax0axq32.jpg?KID=imgbed,tva&Expires=1770461643&ssig=fmBtawzbB8"
5263699847679812,1770476101,2026-02-07 14:55:01+08:00,QqIM5Apm6,大家都能有一张25外卖券，奶茶水果都能买，券后只要0.01夯 评论配图,0,0,1770450860484,江苏,5263693333925561,,7479232737,_-你没事吧-_,m,https://m.weibo.cn/u/7479232737?launchid=10000360-page_H5,"https://tvax4.sinaimg.cn/crop.0.0.1080.1080.180/008aa665ly8htl0cudb68j30u00u0jsk.jpg?KID=imgbed,tva&Expires=1770461643&ssig=xOrY%2BGqYzE"
5263700038519312,1770476147,2026-02-07 14:55:47+08:00,QqIM5Apm6,领到了 评论配图,0,0,1770450860485,广东,5263693333925561,,7295396850,xiaoruange,m,https://m.weibo.cn/u/7295396850?launchid=10000360-page_H5,"https://tvax4.sinaimg.cn/crop.0.0.1002.1002.180/007XIJZ8ly8gpkdzm05mkj30ru0rvdjw.jpg?KID=imgbed,tva&Expires=1770461643&ssig=A%2FliW1iHSY"
5263712521029693,1770479123,2026-02-07 15:45:23+08:00,QqIM5Apm6,真的扫一下就可以领劵啦 评论配图,0,0,1770450860487,山东,5263687686558073,,7394912174,超能汀_,m,https://m.weibo.cn/u/7394912174?launchid=10000360-page_H5,"https://tvax2.sinaimg.cn/crop.0.0.393.393.180/0084sit0ly8h9cvyy6b9jj30ax0axq32.jpg?KID=imgbed,tva&Expires=1770461643&ssig=fmBtawzbB8"
5263708706048280,1770478213,2026-02-07 15:30:13+08:00,QqIM5Apm6,图片评论 评论配图,0,0,1770450860488,安徽,5263696399437031,,6471057074,Q一u一i一t一e,f,https://m.weibo.cn/u/6471057074?launchid=10000360-page_H5,"https://tvax1.sinaimg.cn/crop.0.0.1080.1080.180/0073VTyily8heektophbij30u00u0mz5.jpg?KID=imgbed,tva&Expires=1770461643&ssig=oWKJJQZbdA"
5263710943710214,1770478747,2026-02-07 15:39:07+08:00,QqIM5Apm6,没下载过千问的 去下载后扫这个码可以免费点一次25元的外卖 不止点奶茶 评论配图,0,0,1770450860489,河南,5263687084413408,,7822751960,收敛水w_,f,https://m.weibo.cn/u/7822751960?launchid=10000360-page_H5,"https://tvax2.sinaimg.cn/crop.0.0.496.496.180/008xpt8Ily8i9u01s0cj7j30ds0dsjri.jpg?KID=imgbed,tva&Expires=1770461643&ssig=3GmlAehwTd"
5263696716890162,1770475354,2026-02-07 14:42:34+08:00,QqIM5Apm6,,0,0,1770450860490,浙江,5263696699853509,,5234070542,皮皮一图,m,https://m.weibo.cn/u/5234070542?launchid=10000360-page_H5,"https://tvax3.sinaimg.cn/crop.0.0.500.500.180/005IdCQCly8i94evxhctqj30dw0dw3zn.jpg?KID=imgbed,tva&Expires=1770461643&ssig=q1mdWUjt4B"
5263704274766980,1770477157,2026-02-07 15:12:37+08:00,QqIM5Apm6,图片评论 评论配图,0,0,1770450860492,甘肃,5263689712141478,,7806484242,不会26笺,f,https://m.weibo.cn/u/7806484242?launchid=10000360-page_H5,"https://tvax2.sinaimg.cn/crop.0.0.1080.1080.180/008wjdaaly8i85zqnjaeoj30u00u0mzx.jpg?KID=imgbed,tva&Expires=1770461643&ssig=Z3tPDdiJKC"
5263689257324478,1770473576,2026-02-07 14:12:56+08:00,QqIM5Apm6,是啊,0,2,1770450860836,河南,5263689257324478,,7933796862,橘念猫痣submerge,f,https://m.weibo.cn/u/7933796862?launchid=10000360-page_H5,"https://tvax4.sinaimg.cn/crop.0.0.1080.1080.180/008EVoZwly8ia107ua4btj30u00u07cf.jpg?KID=imgbed,tva&Expires=1770461660&ssig=kaVfzzJQAy"
5263688753220902,1770473456,2026-02-07 14:10:56+08:00,QqIM5Apm6,哇塞,0,1,1770450860837,云南,5263688753220902,,7799965055,姜芸溫,f,https://m.weibo.cn/u/7799965055?launchid=10000360-page_H5,"https://tvax1.sinaimg.cn/crop.0.0.1080.1080.180/008vRRdZly8i8pq9s2yv0j30u00u0diq.jpg?KID=imgbed,tva&Expires=1770461660&ssig=3mRIrs8bEt"
5263687880280131,1770473248,2026-02-07 14:07:28+08:00,QqIM5Apm6,上热门了,0,1,1770450860839,山东,5263687880280131,,7735619014,鞠然是婧禕啊,f,https://m.weibo.cn/u/7735619014?launchid=10000360-page_H5,"https://tvax1.sinaimg.cn/crop.0.0.1080.1080.180/008rvRSCly8i9zyuh0tzjj30u00u0n02.jpg?KID=imgbed,tva&Expires=1770461660&ssig=at8%2BysWe59"
5263687258740213,1770473100,2026-02-07 14:05:00+08:00,QqIM5Apm6,哇塞！,0,2,1770450860840,浙江,5263687258740213,,7875854805,Y-鞠皖妍,f,https://m.weibo.cn/u/7875854805?launchid=10000360-page_H5,"https://tvax3.sinaimg.cn/crop.0.0.1080.1080.180/008B0hCdly8ia16k9n4mkj30u00u0wlj.jpg?KID=imgbed,tva&Expires=1770461660&ssig=NRaFRmxVKy"
5263686941541077,1770473024,2026-02-07 14:03:44+08:00,QqIM5Apm6,哇塞,0,1,1770450860841,江西,5263686941541077,,7858120222,磊的心-1992,m,https://m.weibo.cn/u/7858120222?launchid=10000360-page_H5,"https://tvax4.sinaimg.cn/crop.0.0.1080.1080.180/008zNS2yly8hwnw3msqfwj30u00u0q48.jpg?KID=imgbed,tva&Expires=1770461660&ssig=BGvOY1qGWj"
5263686885180495,1770473011,2026-02-07 14:03:31+08:00,QqIM5Apm6,是的,0,1,1770450860842,山东,5263686885180495,,7889440617,媚骨天成_Autism,f,https://m.weibo.cn/u/7889440617?launchid=10000360-page_H5,"https://tvax2.sinaimg.cn/crop.0.0.1080.1080.180/008BVhUdly8i8l2ic9uh4j30u00u00vc.jpg?KID=imgbed,tva&Expires=1770461660&ssig=GDukdaUKhv"
5263686723962033,1770472972,2026-02-07 14:02:52+08:00,QqIM5Apm6,哇塞,0,1,1770450860844,湖北,5263686723962033,,6041238161,Faiug_su,f,https://m.weibo.cn/u/6041238161?launchid=10000360-page_H5,"https://tvax4.sinaimg.cn/crop.0.0.1080.1080.180/006AQq1bly8ia11dprqqsj30u00u0dhj.jpg?KID=imgbed,tva&Expires=1770461660&ssig=d6CY%2FsEkb3"
5263686722655119,1770472972,2026-02-07 14:02:52+08:00,QqIM5Apm6,哇塞,0,1,1770450860846,湖北,5263686722655119,,7900866872,Bailu-十宜my,f,https://m.weibo.cn/u/7900866872?launchid=10000360-page_H5,"https://tvax3.sinaimg.cn/crop.0.0.1080.1080.180/008CHeoEly8ia1z6yxmczj30u00u078f.jpg?KID=imgbed,tva&Expires=1770461660&ssig=5sQ0%2FV3L9U"
5263686631165971,1770472950,2026-02-07 14:02:30+08:00,QqIM5Apm6,,0,1,1770450860847,广东,5263686631165971,,7841848241,Komorbi_雾染挽秋慕池笙,f,https://m.weibo.cn/u/7841848241?launchid=10000360-page_H5,"https://tvax1.sinaimg.cn/crop.0.0.1080.1080.180/008yHAXfly8i9xm9ncx34j30u00u0dkl.jpg?KID=imgbed,tva&Expires=1770461660&ssig=hiBfmZ7O3p"
5263712510280585,1770479120,2026-02-07 15:45:20+08:00,QqIM5Apm6,对,0,1,1770450860847,河北,5263712510280585,,7786156364,Eternity-夏末,m,https://m.weibo.cn/u/7786156364?launchid=10000360-page_H5,"https://tvax4.sinaimg.cn/crop.0.0.1080.1080.180/008uVUXaly8ia1tdh2crej30u00u0758.jpg?KID=imgbed,tva&Expires=1770461660&ssig=kWGU9KVhru"
5263693164054514,1770474508,2026-02-07 14:28:28+08:00,QqIM5Apm6,哇塞,0,1,1770450860849,广西,5263693164054514,,7838523186,春日如遇祎,f,https://m.weibo.cn/u/7838523186?launchid=10000360-page_H5,"https://tvax1.sinaimg.cn/crop.0.0.1080.1080.180/008ytDXkly8i9sl9y5rufj30u00u0n1o.jpg?KID=imgbed,tva&Expires=1770461660&ssig=%2BD1s%2FRPEi6"
5263687954991029,1770473266,2026-02-07 14:07:46+08:00,QqIM5Apm6,沪上的一个活动，我朋友圈刷到的,0,1,1770450860851,江西,5263687954991029,https://wx4.sinaimg.cn/large/007W9lAIgy1ia1zbi4o4oj30vu0u0dif.jpg,7272185264,和婧祎在海边走,f,https://m.weibo.cn/u/7272185264?launchid=10000360-page_H5,"https://tvax2.sinaimg.cn/crop.0.0.1080.1080.180/007W9lAIly8i9x5psl8u0j30u00u0gpq.jpg?KID=imgbed,tva&Expires=1770461660&ssig=JhXWk0zTFh"
5263686554095761,1770472932,2026-02-07 14:02:12+08:00,QqIM5Apm6,十七！,0,2,1770450860852,浙江,5263686554095761,,7976762132,婧祎的眸,f,https://m.weibo.cn/u/7976762132?launchid=10000360-page_H5,"https://tvax3.sinaimg.cn/crop.0.0.1080.1080.180/008HPGdKly8ia20mqlnz1j30u00u0gop.jpg?KID=imgbed,tva&Expires=1770461660&ssig=LhIYVG6d%2B8"
5263705017159386,1770477334,2026-02-07 15:15:34+08:00,QqIM5Apm6,哇塞,0,1,1770450860853,陕西,5263705017159386,,7873698331,cecily_屿海颂祎曲,f,https://m.weibo.cn/u/7873698331?launchid=10000360-page_H5,"https://tvax1.sinaimg.cn/crop.0.0.1080.1080.180/008AReCnly8ia13okyz85j30u00u0wkq.jpg?KID=imgbed,tva&Expires=1770461660&ssig=tR5wNgr69R"
5263699463898802,1770476010,2026-02-07 14:53:30+08:00,QqIM5Apm6,哇塞,0,1,1770450860854,河南,5263699463898802,,7874534468,Cecily_瑾绾祎,f,https://m.weibo.cn/u/7874534468?launchid=10000360-page_H5,"https://tvax3.sinaimg.cn/crop.0.0.1080.1080.180/008AUK8sly8ia0swht8n4j30u00u0wi8.jpg?KID=imgbed,tva&Expires=1770461660&ssig=F2ZOnafd8K"
5263701439680813,1770476481,2026-02-07 15:01:21+08:00,QqIM5Apm6,这个快,0,2,1770450860855,广东,5263701439680813,https://wx3.sinaimg.cn/large/d41abf94gy1ia20vev75cj20rd16cjyq.jpg,3558522772,哪有直女,m,https://m.weibo.cn/u/3558522772?launchid=10000360-page_H5,"https://tvax3.sinaimg.cn/crop.0.0.708.708.180/d41abf94ly8i8j1lkm2g1j20jo0jota7.jpg?KID=imgbed,tva&Expires=1770461660&ssig=VZFzoVbdcA"
5263697784081754,1770475609,2026-02-07 14:46:49+08:00,QqIM5Apm6,刚刚补完，还有几个，速冲啊,1,3,1770450860856,河北,5263697784081754,https://wx1.sinaimg.cn/large/006TpTayly1ia20gaq8kaj30me0yngqk.jpg,6315665746,每日娱闻,f,https://m.weibo.cn/u/6315665746?launchid=10000360-page_H5,"https://tvax4.sinaimg.cn/crop.0.0.699.699.180/006TpTayly8hg4o5apug6j30jf0jf3yz.jpg?KID=imgbed,tva&Expires=1770461660&ssig=Zv84avvePa"
5263697142350541,1770475456,2026-02-07 14:44:16+08:00,QqIM5Apm6,一上午买了7单 除了奶茶还能买吃的🙉 而且一点没卡我 这里超级丝滑,0,2,1770450860857,山东,5263697142350541,https://wx1.sinaimg.cn/large/008rLKioly1ia20dm9k6lj30nc103n3b.jpg,7739403108,一盆兔叽,f,https://m.weibo.cn/u/7739403108?launchid=10000360-page_H5,"https://tvax3.sinaimg.cn/crop.0.0.1080.1080.180/008rLKioly8i63zc73iu4j30u00u0djr.jpg?KID=imgbed,tva&Expires=1770461660&ssig=NuWrhrziMi"
5263698831870787,1770475859,2026-02-07 14:50:59+08:00,QqIM5Apm6,,0,1,1770450860859,河南,5263698831870787,,7826843826,祎坛天子笑,f,https://m.weibo.cn/u/7826843826?launchid=10000360-page_H5,"https://tvax3.sinaimg.cn/crop.0.0.939.939.180/008xGDCyly8i3jekkh9xzj30q30q3q3u.jpg?KID=imgbed,tva&Expires=1770461660&ssig=NoqXd0TCl5"
5263697830217475,1770475620,2026-02-07 14:47:00+08:00,QqIM5Apm6,,0,0,1770450883787,河北,5263697784081754,,6315665746,每日娱闻,f,https://m.weibo.cn/u/6315665746?launchid=10000360-page_H5,"https://tvax4.sinaimg.cn/crop.0.0.699.699.180/006TpTayly8hg4o5apug6j30jf0jf3yz.jpg?KID=imgbed,tva&Expires=1770461660&ssig=Zv84avvePa"
5263688992821444,1770473513,2026-02-07 14:11:53+08:00,QqIM5Apm6,有的有的,0,1,1770450884186,上海,5263688992821444,,7814321311,Sky乌龙,m,https://m.weibo.cn/u/7814321311?launchid=10000360-page_H5,"https://tvax2.sinaimg.cn/crop.0.0.1080.1080.180/008wQ5Wvly8i7nbx5uk7rj30u00u0tet.jpg?KID=imgbed,tva&Expires=1770461684&ssig=nIROYqpgal"
5263699946245552,1770476125,2026-02-07 14:55:25+08:00,QqIM5Apm6,图片评论,0,1,1770450884188,湖南,5263699946245552,https://wx2.sinaimg.cn/large/008rOYYDgy1ia20p9bwl2j30me0yngpd.jpg,7740174527,余想吃香菜,f,https://m.weibo.cn/u/7740174527?launchid=10000360-page_H5,"https://tvax1.sinaimg.cn/crop.0.0.1080.1080.180/008rOYYDly8i9v95p2puqj30u00u0juy.jpg?KID=imgbed,tva&Expires=1770461684&ssig=5yRikrnjDA"
5263710543153779,1770478651,2026-02-07 15:37:31+08:00,QqIM5Apm6,扫码就能领啦 还有十张,0,2,1770450884190,安徽,5263710543153779,https://wx1.sinaimg.cn/large/0082PthQly1ia21wyyovnj30p012ojw5.jpg,7370882638,好运Kitty-,f,https://m.weibo.cn/u/7370882638?launchid=10000360-page_H5,"https://tvax4.sinaimg.cn/crop.0.0.512.512.180/0082PthQly8hnrz87zk3ij30e80e874r.jpg?KID=imgbed,tva&Expires=1770461684&ssig=NJxYN9Aq3D"
5263710496231219,1770478640,2026-02-07 15:37:20+08:00,QqIM5Apm6,要的自取,0,2,1770450884191,陕西,5263710496231219,https://wx3.sinaimg.cn/large/774fa9a5ly1ia21wt7xz6j20n01dsafi.jpg,2001709477,-biu2333,f,https://m.weibo.cn/u/2001709477?launchid=10000360-page_H5,"https://tvax1.sinaimg.cn/crop.0.0.828.828.180/774fa9a5ly8h82inexz8lj20n00n0jsq.jpg?KID=imgbed,tva&Expires=1770461684&ssig=Jl6hng2%2B80"
5263707487604019,1770477923,2026-02-07 15:25:23+08:00,QqIM5Apm6,人手一份,0,2,1770450884192,天津,5263707487604019,https://wx1.sinaimg.cn/large/007aVrETly1ia21kcph2tj30ex0n3gol.jpg,6574384203,Red是我本命,m,https://m.weibo.cn/u/6574384203?launchid=10000360-page_H5,"https://tvax1.sinaimg.cn/crop.0.0.1080.1080.180/007aVrETly8i74242exdyj30u00u0jvk.jpg?KID=imgbed,tva&Expires=1770461684&ssig=fnbIjMOxM3"
5263707341063829,1770477888,2026-02-07 15:24:48+08:00,QqIM5Apm6,速扫一起喝,0,2,1770450884193,湖南,5263707341063829,https://wx3.sinaimg.cn/large/006cryNJgy1ia21jnmlcuj30nc0px445.jpg,5680681659,来一碗不加糖的粥,f,https://m.weibo.cn/u/5680681659?launchid=10000360-page_H5,"https://tvax3.sinaimg.cn/crop.0.0.1002.1002.180/006cryNJly8h47l8op80bj30ru0rutap.jpg?KID=imgbed,tva&Expires=1770461684&ssig=osF0iARMwd"
5263705031840151,1770477337,2026-02-07 15:15:37+08:00,QqIM5Apm6,扫这个喝了两杯 查看图片,0,2,1770450884194,湖南,5263705031840151,https://wx1.sinaimg.cn/large/006OyGx9gy1ia21a4dvc3j30me0yn78p.jpg,6243880447,莫斯科没有眼泪wan,f,https://m.weibo.cn/u/6243880447?launchid=10000360-page_H5,"https://tvax4.sinaimg.cn/crop.0.0.1024.1024.180/006OyGx9ly8hf71gwiwfuj30sg0sgn11.jpg?KID=imgbed,tva&Expires=1770461684&ssig=wFxFCcr3qD"
5263701223672519,1770476429,2026-02-07 15:00:29+08:00,QqIM5Apm6,他们说可以卡bug，一次20张↓,0,2,1770450884195,辽宁,5263701223672519,https://wx1.sinaimg.cn/large/903d82dfly1ia20u4wycdj20me0yntdn.jpg,2419950303,十榴岁,f,https://m.weibo.cn/u/2419950303?launchid=10000360-page_H5,"https://tva3.sinaimg.cn/crop.0.0.640.640.180/903d82dfjw8ez65awf9hlj20hs0ht40k.jpg?KID=imgbed,tva&Expires=1770461684&ssig=fTzVc4%2BYV1"
5263696150399249,1770475220,2026-02-07 14:40:20+08:00,QqIM5Apm6,图片评论,0,2,1770450884197,山西,5263696150399249,https://wx4.sinaimg.cn/large/006KstY0ly1ia209k79alj30ex0n3acb.jpg,6183296828,孤僻蘑菇_,m,https://m.weibo.cn/u/6183296828?launchid=10000360-page_H5,"https://tvax4.sinaimg.cn/crop.0.0.827.827.180/006KstY0ly8gyzhvpquqsj30mz0mz0tq.jpg?KID=imgbed,tva&Expires=1770461684&ssig=numqV%2B0E5J"
5263713137591049,1770479270,2026-02-07 15:47:50+08:00,QqIM5Apm6,谁来？下载千问app用相机扫,0,1,1770450884198,四川,5263713137591049,https://wx3.sinaimg.cn/large/a6c8709fgy1ia227r03p1j20og11t454.jpg,2798153887,菊花就像向日葵,f,https://m.weibo.cn/u/2798153887?launchid=10000360-page_H5,"https://tvax2.sinaimg.cn/crop.0.0.1080.1080.180/a6c8709fly8hbn1drofokj20u00u00uc.jpg?KID=imgbed,tva&Expires=1770461684&ssig=IAEzFYmcf7"
5263712543049801,1770479128,2026-02-07 15:45:28+08:00,QqIM5Apm6,图片评论,0,1,1770450884199,新疆,5263712543049801,https://wx1.sinaimg.cn/large/006UNA21ly1ia225bvcyoj30me0ynaf0.jpg,6336088389,AAA不羡仙在逃大鹅,f,https://m.weibo.cn/u/6336088389?launchid=10000360-page_H5,"https://tvax2.sinaimg.cn/crop.0.0.1080.1080.180/006UNA21ly8i3pfiwgx82j30u00u0773.jpg?KID=imgbed,tva&Expires=1770461684&ssig=8GSb00sPT9"
5263712013258736,1770479002,2026-02-07 15:43:22+08:00,QqIM5Apm6,快来试试 刚刚喝到了,0,2,1770450884200,黑龙江,5263712013258736,https://wx3.sinaimg.cn/large/005XuxC3ly1ia2235epm8j30pr13udmp.jpg,5459747035,dnj-nfbr_,f,https://m.weibo.cn/u/5459747035?launchid=10000360-page_H5,"https://tvax2.sinaimg.cn/crop.0.0.1024.1024.180/005XuxC3ly8ia1ab7xoi1j30sg0sgae8.jpg?KID=imgbed,tva&Expires=1770461684&ssig=1oo5lOa5Bc"
5263711730403971,1770478934,2026-02-07 15:42:14+08:00,QqIM5Apm6,还有最后俩名额,0,1,1770450884201,浙江,5263711730403971,https://wx3.sinaimg.cn/large/c520bc85gy1ia221t9wb8j20rd16cafl.jpg,3307256965,鱼老师的ss,f,https://m.weibo.cn/u/3307256965?launchid=10000360-page_H5,"https://tvax1.sinaimg.cn/crop.0.0.762.762.180/c520bc85ly8hng5zr21w1j20l60l6tae.jpg?KID=imgbed,tva&Expires=1770461684&ssig=aSeJPEcJBA"
5263711503910677,1770478880,2026-02-07 15:41:20+08:00,QqIM5Apm6,图片评论,0,1,1770450884203,辽宁,5263711503910677,https://wx1.sinaimg.cn/large/c3217251ly1ia22112nvbj20y0254ami.jpg,3273749073,一大份芋头泥,f,https://m.weibo.cn/u/3273749073?launchid=10000360-page_H5,"https://tvax2.sinaimg.cn/crop.0.0.1080.1080.180/c3217251ly8hxnov9b5dij20u00u0jtx.jpg?KID=imgbed,tva&Expires=1770461684&ssig=izbxN6I0OX"
5263711461181249,1770478870,2026-02-07 15:41:10+08:00,QqIM5Apm6,扫这个码，一次二十张，已到手,0,1,1770450884204,广西,5263711461181249,https://wx2.sinaimg.cn/large/006p8s3kgy1ia220uuvrsj30mf0ypwhy.jpg,5868219854,那只是梦7,m,https://m.weibo.cn/u/5868219854?launchid=10000360-page_H5,"https://tvax2.sinaimg.cn/crop.0.0.1080.1080.180/006p8s3kly8h0pykn7rpqj30u00u0ae6.jpg?KID=imgbed,tva&Expires=1770461684&ssig=RCRID7%2Bh18"
5263711410849625,1770478858,2026-02-07 15:40:58+08:00,QqIM5Apm6,快来快来,0,1,1770450884206,湖北,5263711410849625,https://wx3.sinaimg.cn/large/007DtypBgy1ia220ndg8ej30rd16cahf.jpg,6996250723,可可豆175,f,https://m.weibo.cn/u/6996250723?launchid=10000360-page_H5,"https://tvax2.sinaimg.cn/crop.0.0.664.664.180/007DtypBly8g06t8sapwcj30ig0ig754.jpg?KID=imgbed,tva&Expires=1770461684&ssig=Y8n4R4U9Kt"
5263711319361077,1770478836,2026-02-07 15:40:36+08:00,QqIM5Apm6,图片评论,0,1,1770450884207,广东,5263711319361077,https://wx3.sinaimg.cn/large/007ekNQ1gy1ia2209kq27j30mf0yogq2.jpg,6624756669,没蜡笔的小新HJH,f,https://m.weibo.cn/u/6624756669?launchid=10000360-page_H5,"https://tvax3.sinaimg.cn/crop.0.0.664.664.180/007ekNQ1ly8gn7r361zg4j30ig0igta7.jpg?KID=imgbed,tva&Expires=1770461684&ssig=0cYhn0pw1T"
5263710757063279,1770478702,2026-02-07 15:38:22+08:00,QqIM5Apm6,都有都有,0,1,1770450884209,广东,5263710757063279,https://wx3.sinaimg.cn/large/008dMSYqgy1ia21xxui6zj30u01uotet.jpg,7532806090,争不过朝夕1,m,https://m.weibo.cn/u/7532806090?launchid=10000360-page_H5,"https://tvax3.sinaimg.cn/crop.0.0.512.512.180/008dMSYqly8heupqt3573j30e80e80tp.jpg?KID=imgbed,tva&Expires=1770461684&ssig=DXQwqXIp96"
5263710593482945,1770478662,2026-02-07 15:37:42+08:00,QqIM5Apm6,还有十个名额可扫,0,1,1770450884210,河北,5263710593482945,https://wx4.sinaimg.cn/large/006IQQuCly1ia21x8pm8zj30me0yndkq.jpg,6159550618,待饲的伯爵C,f,https://m.weibo.cn/u/6159550618?launchid=10000360-page_H5,"https://tvax1.sinaimg.cn/crop.0.0.1080.1080.180/006IQQuCly8h3svv1fcd3j30u00u1mzh.jpg?KID=imgbed,tva&Expires=1770461684&ssig=92u28s2YNs"
5263710499373245,1770478640,2026-02-07 15:37:20+08:00,QqIM5Apm6,图片评论,0,1,1770450981934,天津,5263710499373245,https://wx3.sinaimg.cn/large/007kXonqly1ia21wve0bjj30o911iq9c.jpg,6722611604,LG-113,f,https://m.weibo.cn/u/6722611604?launchid=10000360-page_H5,"https://tvax4.sinaimg.cn/crop.0.0.1080.1080.180/007kXonqly8hmz3dh31obj30u00u0jsi.jpg?KID=imgbed,tva&Expires=1770461782&ssig=QQsR6p1Rve"
5263710399761004,1770478617,2026-02-07 15:36:57+08:00,QqIM5Apm6,用千问扫这个可以直接领取,0,1,1770450981936,广西,5263710399761004,https://wx2.sinaimg.cn/large/008fLds9gy1ia21wgwg7ej30ra167jvr.jpg,7561960829,yxuan狸53,f,https://m.weibo.cn/u/7561960829?launchid=10000360-page_H5,"https://tvax1.sinaimg.cn/crop.0.0.1080.1080.180/008fLds9ly8hnklixfo5lj30u00u0ac1.jpg?KID=imgbed,tva&Expires=1770461782&ssig=wgtaqeKNsP"
5263709941271756,1770478508,2026-02-07 15:35:08+08:00,QqIM5Apm6,扫这个码，不仅限于奶茶，还可以点吃的。,0,1,1770450981938,河南,5263709941271756,https://wx4.sinaimg.cn/large/008xpt8Ily1ia21uerz4wj30qm156tg1.jpg,7822751960,收敛水w_,f,https://m.weibo.cn/u/7822751960?launchid=10000360-page_H5,"https://tvax2.sinaimg.cn/crop.0.0.496.496.180/008xpt8Ily8i9u01s0cj7j30ds0dsjri.jpg?KID=imgbed,tva&Expires=1770461782&ssig=VVKcb36LjF"
5263709725525806,1770478456,2026-02-07 15:34:16+08:00,QqIM5Apm6,速！,0,1,1770450981939,广东,5263709725525806,https://wx1.sinaimg.cn/large/0076yCL7gy1ia21si2ydwj30o911itf5.jpg,6509839985,欢乐马可666,f,https://m.weibo.cn/u/6509839985?launchid=10000360-page_H5,"https://tvax4.sinaimg.cn/crop.0.0.736.736.180/0076yCL7ly8go9jgee16fj30kg0kggmv.jpg?KID=imgbed,tva&Expires=1770461782&ssig=w5kl7SFtj2"
5263709666805017,1770478442,2026-02-07 15:34:02+08:00,QqIM5Apm6,图片评论,0,1,1770450981940,山东,5263709666805017,https://wx1.sinaimg.cn/large/827c5f35ly1ia21tfc0wzj20qr15daff.jpg,2189188917,看番只看纯爱番_,f,https://m.weibo.cn/u/2189188917?launchid=10000360-page_H5,"https://tvax4.sinaimg.cn/crop.0.0.455.455.180/827c5f35ly8hvq6xpf1vuj20cn0cnglw.jpg?KID=imgbed,tva&Expires=1770461782&ssig=JPQjWrAOmX"
5263709288273785,1770478352,2026-02-07 15:32:32+08:00,QqIM5Apm6,来来来,0,1,1770450981942,广东,5263709288273785,https://wx2.sinaimg.cn/large/005TdZSpgy1ia21rq7j79j30o911i7an.jpg,5396698761,忪礼遇雨_,m,https://m.weibo.cn/u/5396698761?launchid=10000360-page_H5,"https://tvax2.sinaimg.cn/crop.0.0.1080.1080.180/005TdZSply8i2lpocp2asj30u00u078g.jpg?KID=imgbed,tva&Expires=1770461782&ssig=fYJCqwIvhI"
5263708848652383,1770478246,2026-02-07 15:30:46+08:00,QqIM5Apm6,扫码直接领哦，我已经成功了,0,1,1770450981943,安徽,5263708848652383,https://wx1.sinaimg.cn/large/0073VTyily1ia21pmcubtj30rd16cgt0.jpg,6471057074,Q一u一i一t一e,f,https://m.weibo.cn/u/6471057074?launchid=10000360-page_H5,"https://tvax1.sinaimg.cn/crop.0.0.1080.1080.180/0073VTyily8heektophbij30u00u0mz5.jpg?KID=imgbed,tva&Expires=1770461782&ssig=xb7Ulg0JmB"
5263708442070001,1770478150,2026-02-07 15:29:10+08:00,QqIM5Apm6,来喝奶茶！,0,1,1770450981944,北京,5263708442070001,https://wx1.sinaimg.cn/large/8245915aly1ia21o5rvs4j20p012ogs6.jpg,2185597274,小原十二时,f,https://m.weibo.cn/u/2185597274?launchid=10000360-page_H5,"https://tvax1.sinaimg.cn/crop.0.0.512.512.180/8245915aly8hl6byca7u5j20e80e874l.jpg?KID=imgbed,tva&Expires=1770461782&ssig=txj47cIBWx"
5263708425294236,1770478146,2026-02-07 15:29:06+08:00,QqIM5Apm6,扫码领了喝上啦,0,1,1770450981945,浙江,5263708425294236,https://wx1.sinaimg.cn/large/6adcadefgy1ia21o7be33j20qk153gs2.jpg,1792847343,李小小小-,f,https://m.weibo.cn/u/1792847343?launchid=10000360-page_H5,"https://tva4.sinaimg.cn/crop.8.583.1392.1392.180/6adcadefgw1eq5bb92vghj219c1wgtzu.jpg?KID=imgbed,tva&Expires=1770461782&ssig=wh%2FqLgrfec"
5263708336951147,1770478125,2026-02-07 15:28:45+08:00,QqIM5Apm6,快来领二十张卷,0,1,1770450981947,江西,5263708336951147,https://wx1.sinaimg.cn/large/007aayBhgy1ia21notqwej30k00uydia.jpg,6563209471,爱U酱,f,https://m.weibo.cn/u/6563209471?launchid=10000360-page_H5,"https://tvax2.sinaimg.cn/crop.0.0.1080.1080.180/007aayBhly8hs9rrqi8ifj30u00u0dhj.jpg?KID=imgbed,tva&Expires=1770461782&ssig=F4acYYF1G5"
5263707783563017,1770477993,2026-02-07 15:26:33+08:00,QqIM5Apm6,图片评论,0,1,1770450981948,广东,5263707783563017,https://wx1.sinaimg.cn/large/008uowG3gy1ia21lgf95nj30me0yn42a.jpg,7778198223,asdfqazrfv,m,https://m.weibo.cn/u/7778198223?launchid=10000360-page_H5,"https://tvax4.sinaimg.cn/crop.0.0.960.960.180/008uowG3ly8heej1fz0cgj30qo0qodki.jpg?KID=imgbed,tva&Expires=1770461782&ssig=RXyUvxzadV"
5263707665074036,1770477965,2026-02-07 15:26:05+08:00,QqIM5Apm6,图片评论,0,1,1770450981949,广东,5263707665074036,https://wx4.sinaimg.cn/large/008thDC9gy1ia21l5qqu4j30ra167q7c.jpg,7761780257,用户7761780257,m,https://m.weibo.cn/u/7761780257?launchid=10000360-page_H5,"https://tvax1.sinaimg.cn/default/images/default_avatar_male_180.gif?KID=imgbed,tva&Expires=1770461782&ssig=7jfqK6H8se"
5263707579876772,1770477945,2026-02-07 15:25:45+08:00,QqIM5Apm6,确实有,0,1,1770450981950,广东,5263707579876772,https://wx3.sinaimg.cn/large/aa3f2de0gy1ia21kt4vcdj20me0ynn22.jpg,2856267232,非表面E人,f,https://m.weibo.cn/u/2856267232?launchid=10000360-page_H5,"https://tvax1.sinaimg.cn/crop.0.0.1080.1080.180/aa3f2de0ly8hnxk5pa496j20u00u0n3z.jpg?KID=imgbed,tva&Expires=1770461782&ssig=E7FCUrKgPK"
5263707429144428,1770477909,2026-02-07 15:25:09+08:00,QqIM5Apm6,dd,0,1,1770450981951,吉林,5263707429144428,https://wx1.sinaimg.cn/large/005ugJJoly1ia21k4lrihj30og11tagl.jpg,5027943282,6nwhisper,f,https://m.weibo.cn/u/5027943282?launchid=10000360-page_H5,"https://tvax4.sinaimg.cn/crop.0.0.1080.1080.180/005ugJJoly8hjngji7efrj30u00u0whm.jpg?KID=imgbed,tva&Expires=1770461782&ssig=l83GLI3cO2"
5263707345259022,1770477889,2026-02-07 15:24:49+08:00,QqIM5Apm6,图片评论,0,1,1770450981953,江苏,5263707345259022,https://wx3.sinaimg.cn/large/0081Fh2igy1ia21ju8z5cj30p012o0zd.jpg,7353675930,巴鼻丫丫,f,https://m.weibo.cn/u/7353675930?launchid=10000360-page_H5,"https://tvax4.sinaimg.cn/crop.0.0.664.664.180/0081Fh2ily8g9u293qts1j30ig0ihgll.jpg?KID=imgbed,tva&Expires=1770461782&ssig=iUVcnEK4ue"
5263705652593781,1770477485,2026-02-07 15:18:05+08:00,QqIM5Apm6,扫这个 领一张,0,1,1770450981954,辽宁,5263705652593781,https://wx2.sinaimg.cn/large/008wS6pRly1ia21ctjgdyj30rd16c7bp.jpg,7814799787,V1呀呀呀呀呀,f,https://m.weibo.cn/u/7814799787?launchid=10000360-page_H5,"https://tvax2.sinaimg.cn/crop.0.0.1080.1080.180/008wS6pRly8hm3xqvhzyvj30u00u0tam.jpg?KID=imgbed,tva&Expires=1770461782&ssig=iIEWmkwms8"
5263705119656672,1770477358,2026-02-07 15:15:58+08:00,QqIM5Apm6,求互助,0,1,1770450981955,云南,5263705119656672,https://wx1.sinaimg.cn/large/67ce4042gy1ia21akmxnpj20o911i437.jpg,1741570114,better一off,f,https://m.weibo.cn/u/1741570114?launchid=10000360-page_H5,"https://tvax2.sinaimg.cn/crop.0.0.512.512.180/67ce4042ly8hrjdw8w2ocj20e80e83z2.jpg?KID=imgbed,tva&Expires=1770461782&ssig=TQv3z4nsnL"
5263704514105091,1770477214,2026-02-07 15:13:34+08:00,QqIM5Apm6,可以的 还有十五个名额,0,1,1770450981956,广西,5263704514105091,https://wx2.sinaimg.cn/large/007T5GfLgy1ia2180u325j30nc1030yw.jpg,7226982369,藍_1111,f,https://m.weibo.cn/u/7226982369?launchid=10000360-page_H5,"https://tvax4.sinaimg.cn/crop.0.0.1080.1080.180/007T5GfLly8i9s2hunf75j30u00u0751.jpg?KID=imgbed,tva&Expires=1770461782&ssig=5us5NAOjX4"
5263703658203182,1770477010,2026-02-07 15:10:10+08:00,QqIM5Apm6,不仅限于奶茶，还可以点吃的,0,1,1770450981957,山东,5263703658203182,https://wx1.sinaimg.cn/large/006F5Ptuly1ia214loi8xj30me0yngqj.jpg,6104016280,何惧情-,m,https://m.weibo.cn/u/6104016280?launchid=10000360-page_H5,"https://tvax2.sinaimg.cn/crop.0.0.996.996.180/006F5Ptuly8fpteqj3p6uj30ro0rodj4.jpg?KID=imgbed,tva&Expires=1770461782&ssig=FiHPYmIZ0K"
5263703547052469,1770476982,2026-02-07 15:09:42+08:00,QqIM5Apm6,免费扫码，下午茶走起,0,1,1770451079426,广西,5263703547052469,https://wx2.sinaimg.cn/large/aa300de0gy1ia2143fotij20o911itf1.jpg,2855276000,找男神专号,f,https://m.weibo.cn/u/2855276000?launchid=10000360-page_H5,"https://tva2.sinaimg.cn/crop.0.0.720.720.180/aa300de0jw8elmg4c5q7ej20k00k0t9l.jpg?KID=imgbed,tva&Expires=1770461879&ssig=ei7qFAjboS"
5263702808596020,1770476807,2026-02-07 15:06:47+08:00,QqIM5Apm6,扫码领 25元券,0,1,1770451079436,广东,5263702808596020,https://wx3.sinaimg.cn/large/9171d46egy1ia2112vls6j20tv1a6jxb.jpg,2440156270,LetmeLoveYIU,f,https://m.weibo.cn/u/2440156270?launchid=10000360-page_H5,"https://tvax2.sinaimg.cn/crop.0.0.1002.1002.180/9171d46ely8gtotosulilj20ru0ruju1.jpg?KID=imgbed,tva&Expires=1770461879&ssig=DeQoP78b7J"
5263701443873068,1770476482,2026-02-07 15:01:22+08:00,QqIM5Apm6,图片评论,0,1,1770451079437,北京,5263701443873068,https://wx4.sinaimg.cn/large/0073EpjUly1ia20vg1h5qj30qi14zdk0.jpg,6466889286,o小严老师,m,https://m.weibo.cn/u/6466889286?launchid=10000360-page_H5,"https://tvax1.sinaimg.cn/crop.1.0.1078.1078.180/0073EpjUly8ia20xsks8hj30u00ty777.jpg?KID=imgbed,tva&Expires=1770461879&ssig=WmRKXNSIeD"
5263701263255716,1770476439,2026-02-07 15:00:39+08:00,QqIM5Apm6,你一张我一张大家一起喝奶茶,0,1,1770451079439,江苏,5263701263255716,https://wx4.sinaimg.cn/large/e44c7c8agy1ia20un0isij20o911iagj.jpg,3830217866,墨卿之_triste,f,https://m.weibo.cn/u/3830217866?launchid=10000360-page_H5,"https://tvax3.sinaimg.cn/crop.0.0.996.996.180/e44c7c8aly8gn8h5ecg8fj20ro0rojsp.jpg?KID=imgbed,tva&Expires=1770461879&ssig=Chh4LeeYiD"
5263701263257867,1770476439,2026-02-07 15:00:39+08:00,QqIM5Apm6,现在有bug快点扫 新用户直接得20张,0,1,1770451079440,广东,5263701263257867,https://wx3.sinaimg.cn/large/008vxYZdgy1ia20uozy7uj30qm156ahd.jpg,7795228331,内向小学生偷穿帅哥裤衩,m,https://m.weibo.cn/u/7795228331?launchid=10000360-page_H5,"https://tvax4.sinaimg.cn/crop.0.0.1080.1080.180/008vxYZdly8hcb0zrku72j30u00u03zd.jpg?KID=imgbed,tva&Expires=1770461879&ssig=clUVcN4sNY"
5263701026275587,1770476381,2026-02-07 14:59:41+08:00,QqIM5Apm6,扫这个很快,0,1,1770451079442,湖南,5263701026275587,https://wx2.sinaimg.cn/large/0085qZdqgy1ia20to0ylgj30wi1yc1kx.jpg,7409376180,那我再等-等你吧,f,https://m.weibo.cn/u/7409376180?launchid=10000360-page_H5,"https://tvax2.sinaimg.cn/crop.0.0.1022.1022.180/0085qZdqly8hdghni97suj30se0se76x.jpg?KID=imgbed,tva&Expires=1770461879&ssig=0vD712I9yC"
5263701000328526,1770476376,2026-02-07 14:59:36+08:00,QqIM5Apm6,快扫,0,1,1770451079443,河南,5263701000328526,https://wx4.sinaimg.cn/large/654e894ely1ia20tii65tj20pc13744u.jpg,1699645774,vickilw,f,https://m.weibo.cn/u/1699645774?launchid=10000360-page_H5,"https://tva4.sinaimg.cn/crop.524.0.1228.1228.180/654e894etw1edp5kumxlhj21kw16o1kx.jpg?KID=imgbed,tva&Expires=1770461879&ssig=8M7CjZ3%2FSd"
5263700481280260,1770476252,2026-02-07 14:57:32+08:00,QqIM5Apm6,冲啦，喝上了,0,1,1770451079444,上海,5263700481280260,https://wx2.sinaimg.cn/large/51e69d31gy1ia20r94r3ij20og11tq7r.jpg,1374068017,为ni微xiao,f,https://m.weibo.cn/u/1374068017?launchid=10000360-page_H5,"https://tva1.sinaimg.cn/crop.0.0.996.996.180/51e69d31jw8ezdhgsku6gj20ro0rotat.jpg?KID=imgbed,tva&Expires=1770461879&ssig=iNFFOMINsC"
5263676287225679,1770470484,2026-02-07 13:21:24+08:00,QqIfiBgFg,我还没下载,84,7,1770451135235,江西,5263676287225679,,7638648707,SINGER小樹-,f,https://m.weibo.cn/u/7638648707?launchid=10000360-page_H5,"https://tvax2.sinaimg.cn/crop.0.0.1080.1080.180/008kWZtply8ia18atco89j30u00u0jv1.jpg?KID=imgbed,tva&Expires=1770461935&ssig=Q3exVEZuKV"
5263678430515836,1770470995,2026-02-07 13:29:55+08:00,QqIfiBgFg,我是新人，谁扫,45,1,1770451135236,广东,5263678430515836,,7721899451,火烈鸟粉日出大道_13,m,https://m.weibo.cn/u/7721899451?launchid=10000360-page_H5,"https://tvax1.sinaimg.cn/crop.0.0.902.902.180/008qAiNlly8i7566wdbb6j30p20p2whh.jpg?KID=imgbed,tva&Expires=1770461935&ssig=Z23x%2F6xXgg"
5263674147080199,1770469974,2026-02-07 13:12:54+08:00,QqIfiBgFg,真好骗 我也骗一下,8,7,1770451135238,吉林,5263674147080199,,7367206896,李知恩恋爱关IU什么事,f,https://m.weibo.cn/u/7367206896?launchid=10000360-page_H5,"https://tvax1.sinaimg.cn/crop.0.0.1080.1080.180/0082A33Gly8ia1vtcusnlj30u00u00v7.jpg?KID=imgbed,tva&Expires=1770461935&ssig=%2Bd%2FifSIvlD"
5263674441994926,1770470044,2026-02-07 13:14:04+08:00,QqIfiBgFg,,13,1,1770451135239,四川,5263674441994926,,7652392813,呆呆欣u,f,https://m.weibo.cn/u/7652392813?launchid=10000360-page_H5,"https://tvax1.sinaimg.cn/crop.0.0.1080.1080.180/008lSEWxly8hzdb30kweaj30u00u00ts.jpg?KID=imgbed,tva&Expires=1770461935&ssig=x31jmdVJHV"
5263666581606893,1770468170,2026-02-07 12:42:50+08:00,QqIfiBgFg,这个哦~,15,1,1770451135240,陕西,5263666581606893,https://wx3.sinaimg.cn/large/006ebnSIly1ia1wv8li7sj30q414edmc.jpg,5706379108,小猫六月雪,f,https://m.weibo.cn/u/5706379108?launchid=10000360-page_H5,"https://tvax3.sinaimg.cn/crop.0.0.1080.1080.180/006ebnSIly8i9v0le26q2j30u00u00w1.jpg?KID=imgbed,tva&Expires=1770461935&ssig=P4a3otwgys"
5263669336211782,1770468826,2026-02-07 12:53:46+08:00,QqIfiBgFg,不知道啊我还没下载千问,11,5,1770451135241,辽宁,5263669336211782,,5476998756,雾港柏铃,f,https://m.weibo.cn/u/5476998756?launchid=10000360-page_H5,"https://tvax2.sinaimg.cn/crop.0.0.1079.1079.180/005YEVzCly8i6sku540l8j30tz0u0n05.jpg?KID=imgbed,tva&Expires=1770461935&ssig=JakmVANK7Z"
5263678280564742,1770470958,2026-02-07 13:29:18+08:00,QqIfiBgFg,来呀,5,1,1770451135242,北京,5263678280564742,https://wx4.sinaimg.cn/large/005EI7zMly1ia1y7mj1r3j30me0ynwll.jpg,5182233158,雪儿爱追星12,f,https://m.weibo.cn/u/5182233158?launchid=10000360-page_H5,"https://tvax3.sinaimg.cn/crop.0.0.1080.1080.180/005EI7zMly8i9vfbwxof4j30u00u0acp.jpg?KID=imgbed,tva&Expires=1770461935&ssig=8IFFUiNtKA"
5263674562578809,1770470073,2026-02-07 13:14:33+08:00,QqIfiBgFg,不知道啊 我没搞懂这玩意儿,6,2,1770451135243,四川,5263674562578809,,6580361896,羊子山路,m,https://m.weibo.cn/u/6580361896?launchid=10000360-page_H5,"https://tvax4.sinaimg.cn/crop.0.0.1080.1080.180/007bkwJily8ia12kq7xjoj30u00u0422.jpg?KID=imgbed,tva&Expires=1770461935&ssig=DM%2B74AC2zb"
5263704977310074,1770477323,2026-02-07 15:15:23+08:00,QqIfiBgFg,咋这么火啊,0,0,1770451135245,河南,5263704977310074,,7202956157,禾归月晏,f,https://m.weibo.cn/u/7202956157?launchid=10000360-page_H5,"https://tvax2.sinaimg.cn/crop.0.0.743.743.180/007RsRWdly8i9wy1ges4kj30kn0knabd.jpg?KID=imgbed,tva&Expires=1770461935&ssig=Jappi29KXK"
5263689626161820,1770473664,2026-02-07 14:14:24+08:00,QqIfiBgFg,诡秘你好🔥,0,0,1770451135246,四川,5263689626161820,,7652392813,呆呆欣u,f,https://m.weibo.cn/u/7652392813?launchid=10000360-page_H5,"https://tvax1.sinaimg.cn/crop.0.0.1080.1080.180/008lSEWxly8hzdb30kweaj30u00u00ts.jpg?KID=imgbed,tva&Expires=1770461935&ssig=x31jmdVJHV"
5263698421612628,1770475760,2026-02-07 14:49:20+08:00,QqIfiBgFg,给你爽到了,0,0,1770451135247,江西,5263698421612628,,6465944520,会飞的猪bacon,m,https://m.weibo.cn/u/6465944520?launchid=10000360-page_H5,"https://tvax3.sinaimg.cn/crop.0.0.1080.1080.180/0073ArxKly8i3ss5d64d7j30u00u0gor.jpg?KID=imgbed,tva&Expires=1770461935&ssig=8r%2Fjc5zM7Z"
5263673085920846,1770469721,2026-02-07 13:08:41+08:00,QqIfiBgFg,我一会试试,3,1,1770451135248,江西,5263673085920846,,7620782936,17天然呆TwT_,f,https://m.weibo.cn/u/7620782936?launchid=10000360-page_H5,"https://tvax1.sinaimg.cn/crop.0.0.1080.1080.180/008jK1LOly8i9yskuxnryj30u00u0428.jpg?KID=imgbed,tva&Expires=1770461935&ssig=o5y5ZHeiAZ"
5263666682531764,1770468194,2026-02-07 12:43:14+08:00,QqIfiBgFg,有个🐴，但是我没存,3,1,1770451135250,四川,5263666682531764,,7864049763,禾谷孰也oc-,f,https://m.weibo.cn/u/7864049763?launchid=10000360-page_H5,"https://tvax2.sinaimg.cn/crop.0.0.1080.1080.180/008AcKAjly8i9p4ho1feej30u00u176p.jpg?KID=imgbed,tva&Expires=1770461935&ssig=1d0WndLhCu"
5263687179048289,1770473081,2026-02-07 14:04:41+08:00,QqIfiBgFg,有没有新人我教你 扫码咱俩各得一张 一起喝[懵],3,1,1770451135251,广东,5263687179048289,,7700200916,北极熊爱吃煎蛋,m,https://m.weibo.cn/u/7700200916?launchid=10000360-page_H5,"https://tvax4.sinaimg.cn/crop.0.0.500.500.180/008p7g0Yly8i8qwufdq6sj30dw0dwwfl.jpg?KID=imgbed,tva&Expires=1770461935&ssig=ZME%2BwwSRj0"
5263674799557761,1770470129,2026-02-07 13:15:29+08:00,QqIfiBgFg,这里 查看图片,3,5,1770451135252,福建,5263674799557761,https://wx2.sinaimg.cn/large/008lEqVAgy1ia1xt8t005j30u01t2jw9.jpg,7649002346,callmynameinsummer,f,https://m.weibo.cn/u/7649002346?launchid=10000360-page_H5,"https://tvax3.sinaimg.cn/crop.0.0.1080.1080.180/008lEqVAly8i8tzh23mzwj30u00u0js8.jpg?KID=imgbed,tva&Expires=1770461935&ssig=gkuYZJ9tBh"
5263684477912383,1770472437,2026-02-07 13:53:57+08:00,QqIfiBgFg,先保存图片，再下载打开就行了,1,0,1770451135254,江苏,5263684477912383,https://wx3.sinaimg.cn/large/005Q4d4Fgy1ia1ywi16djj30qr15dwlp.jpg,5350037205,歪梨小鹿,m,https://m.weibo.cn/u/5350037205?launchid=10000360-page_H5,"https://tvax4.sinaimg.cn/crop.0.0.1080.1080.180/005Q4d4Fly8i7t6nmzzqtj30u00u0mzc.jpg?KID=imgbed,tva&Expires=1770461935&ssig=OggW3FsyAe"
5263688967913848,1770473506,2026-02-07 14:11:46+08:00,QqIfiBgFg,还有8杯谁还没喝上,1,3,1770451135255,山东,5263688967913848,https://wx3.sinaimg.cn/large/007aKQx1ly1ia1zfubz26j30o911i421.jpg,6571858207,纯情雾气,f,https://m.weibo.cn/u/6571858207?launchid=10000360-page_H5,"https://tvax2.sinaimg.cn/crop.0.0.1080.1080.180/007aKQx1ly8i438bp84lgj30u00u0n0d.jpg?KID=imgbed,tva&Expires=1770461935&ssig=SuD22O5vg5"
5263682514715594,1770471969,2026-02-07 13:46:09+08:00,QqIfiBgFg,谁还没喝，还有10杯,1,2,1770451135256,山东,5263682514715594,https://wx1.sinaimg.cn/large/008z94SEly1ia1yozq00oj30me0yn0xk.jpg,7848398132,一个勇敢的小饼干,f,https://m.weibo.cn/u/7848398132?launchid=10000360-page_H5,"https://tvax2.sinaimg.cn/crop.0.0.960.960.180/008z94SEly8i1qfcphycyj30qo0qo76d.jpg?KID=imgbed,tva&Expires=1770461935&ssig=mDjgJpomNq"
5263679090066757,1770471151,2026-02-07 13:32:31+08:00,QqIfiBgFg,这里 扫了就有 啥都能点,0,2,1770451135257,广东,5263679090066757,https://wx1.sinaimg.cn/large/006zMq6Ngy1ia1yandxt5j30q414e7au.jpg,6025508861,蔡里葵气_kk,f,https://m.weibo.cn/u/6025508861?launchid=10000360-page_H5,"https://tvax2.sinaimg.cn/crop.0.0.1080.1080.180/006zMq6Nly8i6v02uy3vqj30u00u0ado.jpg?KID=imgbed,tva&Expires=1770461935&ssig=JvW%2BedRwbE"
5263690385588704,1770473844,2026-02-07 14:17:24+08:00,QqIfiBgFg,全都是套路，全都是泡沫。,0,1,1770451135258,北京,5263690385588704,,1954319437,公众号少年疯了,m,https://m.weibo.cn/u/1954319437?launchid=10000360-page_H5,"https://tvax1.sinaimg.cn/crop.0.0.1005.1005.180/747c8c4dly8i92ix4b6qkj20rx0rxtba.jpg?KID=imgbed,tva&Expires=1770461935&ssig=7K6uLXPsvD"
5263678802757461,1770471084,2026-02-07 13:31:24+08:00,QqIfiBgFg,我都不知道她们咋搞的,0,0,1770451170516,湖南,5263676287225679,,7625817909,_热恋进行曲_,f,https://m.weibo.cn/u/7625817909?launchid=10000360-page_H5,"https://tvax2.sinaimg.cn/crop.0.0.1080.1080.180/008k59B3ly8i5i91dgm8uj30u00u00uu.jpg?KID=imgbed,tva&Expires=1770461935&ssig=hG%2FfbmK0D3"
5263683603404303,1770472228,2026-02-07 13:50:28+08:00,QqIfiBgFg,速速，这个超级快 评论配图,0,0,1770451170518,浙江,5263676287225679,,5234070542,皮皮一图,m,https://m.weibo.cn/u/5234070542?launchid=10000360-page_H5,"https://tvax3.sinaimg.cn/crop.0.0.500.500.180/005IdCQCly8i94evxhctqj30dw0dw3zn.jpg?KID=imgbed,tva&Expires=1770461935&ssig=ms0FD9MXud"
5263683299311776,1770472155,2026-02-07 13:49:15+08:00,QqIfiBgFg,不知道咋搞的,0,0,1770451170519,湖南,5263678430515836,,7625817909,_热恋进行曲_,f,https://m.weibo.cn/u/7625817909?launchid=10000360-page_H5,"https://tvax2.sinaimg.cn/crop.0.0.1080.1080.180/008k59B3ly8i5i91dgm8uj30u00u00uu.jpg?KID=imgbed,tva&Expires=1770461935&ssig=hG%2FfbmK0D3"
5263683699083361,1770472251,2026-02-07 13:50:51+08:00,QqIfiBgFg,速速，这个超级快 评论配图,0,0,1770451170521,浙江,5263678430515836,,5234070542,皮皮一图,m,https://m.weibo.cn/u/5234070542?launchid=10000360-page_H5,"https://tvax3.sinaimg.cn/crop.0.0.500.500.180/005IdCQCly8i94evxhctqj30dw0dw3zn.jpg?KID=imgbed,tva&Expires=1770461935&ssig=ms0FD9MXud"
5263678869868727,1770471100,2026-02-07 13:31:40+08:00,QqIfiBgFg,你去试试,0,0,1770451170521,湖南,5263674147080199,,7625817909,_热恋进行曲_,f,https://m.weibo.cn/u/7625817909?launchid=10000360-page_H5,"https://tvax2.sinaimg.cn/crop.0.0.1080.1080.180/008k59B3ly8i5i91dgm8uj30u00u00uu.jpg?KID=imgbed,tva&Expires=1770461935&ssig=hG%2FfbmK0D3"
5263701630256500,1770476526,2026-02-07 15:02:06+08:00,QqIfiBgFg,确实有0.01的奶茶 评论配图,0,0,1770451170523,广东,5263674147080199,,7348131150,Foryouforever_,f,https://m.weibo.cn/u/7348131150?launchid=10000360-page_H5,"https://tvax4.sinaimg.cn/crop.0.0.690.690.180/0081i0Amly8htqpgf6yowj30j60j6gmn.jpg?KID=imgbed,tva&Expires=1770461935&ssig=w1fvLSMYTS"
5263678836573248,1770471092,2026-02-07 13:31:32+08:00,QqIfiBgFg,你弄了吗,0,0,1770451170525,湖南,5263674441994926,,7625817909,_热恋进行曲_,f,https://m.weibo.cn/u/7625817909?launchid=10000360-page_H5,"https://tvax2.sinaimg.cn/crop.0.0.1080.1080.180/008k59B3ly8i5i91dgm8uj30u00u00uu.jpg?KID=imgbed,tva&Expires=1770461935&ssig=hG%2FfbmK0D3"
5263697192943721,1770475467,2026-02-07 14:44:27+08:00,QqIfiBgFg,刚刚补完，还有几个，速冲 评论配图,0,0,1770451170526,河北,5263674441994926,,6315665746,每日娱闻,f,https://m.weibo.cn/u/6315665746?launchid=10000360-page_H5,"https://tvax4.sinaimg.cn/crop.0.0.699.699.180/006TpTayly8hg4o5apug6j30jf0jf3yz.jpg?KID=imgbed,tva&Expires=1770461935&ssig=hf2IG0FIAH"
5263667748405977,1770468448,2026-02-07 12:47:28+08:00,QqIfiBgFg,好的！,0,0,1770451170526,湖南,5263666581606893,,7625817909,_热恋进行曲_,f,https://m.weibo.cn/u/7625817909?launchid=10000360-page_H5,"https://tvax2.sinaimg.cn/crop.0.0.1080.1080.180/008k59B3ly8i5i91dgm8uj30u00u00uu.jpg?KID=imgbed,tva&Expires=1770461935&ssig=hG%2FfbmK0D3"
5263677112715837,1770470681,2026-02-07 13:24:41+08:00,QqIfiBgFg,领到了! 评论配图,0,0,1770451170528,上海,5263666581606893,,7740661936,答案会有的s,f,https://m.weibo.cn/u/7740661936?launchid=10000360-page_H5,"https://tvax4.sinaimg.cn/crop.0.0.1080.1080.180/008rR1M4ly8ia110p0jnej30u00u044a.jpg?KID=imgbed,tva&Expires=1770461935&ssig=ujLH7c1QXP"
5263674040126128,1770469948,2026-02-07 13:12:28+08:00,QqIfiBgFg,图片评论 评论配图,0,0,1770451170530,辽宁,5263669336211782,,6979552193,小严管的严o,f,https://m.weibo.cn/u/6979552193?launchid=10000360-page_H5,"https://tvax2.sinaimg.cn/crop.0.0.964.964.180/007Clumtly8h9rn4pg0pqj30qs0qs3zb.jpg?KID=imgbed,tva&Expires=1770461935&ssig=w8PBAwnqFv"
5263711742985472,1770478937,2026-02-07 15:42:17+08:00,QqIfiBgFg,图片评论 评论配图,0,0,1770451170531,陕西,5263669336211782,,7502743366,纸鹤e,f,https://m.weibo.cn/u/7502743366?launchid=10000360-page_H5,"https://tvax4.sinaimg.cn/crop.0.0.888.888.180/008bKKhMly8i4cmpbpjgtj30oo0oomyt.jpg?KID=imgbed,tva&Expires=1770461935&ssig=8OOXRY6BWi"
5263689357985107,1770473600,2026-02-07 14:13:20+08:00,QqIfiBgFg,快来薅 评论配图,0,0,1770451170532,山西,5263678280564742,,2185748450,烊的小漂亮,f,https://m.weibo.cn/u/2185748450?launchid=10000360-page_H5,"https://tvax2.sinaimg.cn/crop.0.0.1080.1080.180/8247dfe2ly8i5irsbr16uj20u00u0taw.jpg?KID=imgbed,tva&Expires=1770461935&ssig=%2F88YV4iEyb"
5263678309401477,1770470965,2026-02-07 13:29:25+08:00,QqIfiBgFg,,0,0,1770451170533,北京,5263678280564742,,5182233158,雪儿爱追星12,f,https://m.weibo.cn/u/5182233158?launchid=10000360-page_H5,"https://tvax3.sinaimg.cn/crop.0.0.1080.1080.180/005EI7zMly8i9vfbwxof4j30u00u0acp.jpg?KID=imgbed,tva&Expires=1770461935&ssig=8IFFUiNtKA"
5263680638027734,1770471521,2026-02-07 13:38:41+08:00,QqIfiBgFg,下载app扫码就好咯 评论配图,0,0,1770451170535,江西,5263674562578809,,6117057634,香香虾虾球,f,https://m.weibo.cn/u/6117057634?launchid=10000360-page_H5,"https://tvax1.sinaimg.cn/crop.0.0.996.996.180/006FYy7Uly8gbychqyo8uj30ro0ron0t.jpg?KID=imgbed,tva&Expires=1770461935&ssig=m21V%2B8wgaJ"
5263715754576333,1770479894,2026-02-07 15:58:14+08:00,QqIfiBgFg,扫码下载就是25元券 评论配图,0,0,1770451170536,江苏,5263674562578809,,7632548924,甜赞090595,f,https://m.weibo.cn/u/7632548924?launchid=10000360-page_H5,"https://tvax1.sinaimg.cn/crop.0.0.1080.1080.180/008kxoDOly8i961of0ybnj30u00u0q4y.jpg?KID=imgbed,tva&Expires=1770461935&ssig=76vrhu2rof"
5263689465988066,1770473625,2026-02-07 14:13:45+08:00,QqIfiBgFg,快来薅 评论配图,0,0,1770451170537,山西,5263673085920846,,2185748450,烊的小漂亮,f,https://m.weibo.cn/u/2185748450?launchid=10000360-page_H5,"https://tvax2.sinaimg.cn/crop.0.0.1080.1080.180/8247dfe2ly8i5irsbr16uj20u00u0taw.jpg?KID=imgbed,tva&Expires=1770461935&ssig=%2F88YV4iEyb"
5263710964943742,1770478752,2026-02-07 15:39:12+08:00,QqIfiBgFg,下载这个千问，扫这个就行了 评论配图,0,0,1770451170538,江苏,5263673085920846,,6003565133,懒惰的星空-987,f,https://m.weibo.cn/u/6003565133?launchid=10000360-page_H5,"https://tvax4.sinaimg.cn/crop.0.0.1080.1080.180/006yilxHly8i910wfz5bfj30u00u00va.jpg?KID=imgbed,tva&Expires=1770461935&ssig=4ACyCIj%2FU9"
5263689411723946,1770473613,2026-02-07 14:13:33+08:00,QqIfiBgFg,快来薅 评论配图,0,0,1770451170540,山西,5263666682531764,,2185748450,烊的小漂亮,f,https://m.weibo.cn/u/2185748450?launchid=10000360-page_H5,"https://tvax2.sinaimg.cn/crop.0.0.1080.1080.180/8247dfe2ly8i5irsbr16uj20u00u0taw.jpg?KID=imgbed,tva&Expires=1770461935&ssig=%2F88YV4iEyb"
5263679394417466,1770471225,2026-02-07 13:33:45+08:00,QqIfiBgFg,扫这个就行 评论配图,0,0,1770451170542,浙江,5263666682531764,,2961790747,不告你昵称,f,https://m.weibo.cn/u/2961790747?launchid=10000360-page_H5,"https://tvax4.sinaimg.cn/crop.0.0.512.512.180/b089571bly8g10fo4znu9j20e80e874z.jpg?KID=imgbed,tva&Expires=1770461935&ssig=uQt%2BOLFFeF"
5263710273933159,1770478587,2026-02-07 15:36:27+08:00,QqIfiBgFg,快来快来还有5个名额一分钱喝奶茶了 评论配图,0,0,1770451170544,广东,5263687179048289,,7700200916,北极熊爱吃煎蛋,m,https://m.weibo.cn/u/7700200916?launchid=10000360-page_H5,"https://tvax4.sinaimg.cn/crop.0.0.500.500.180/008p7g0Yly8i8qwufdq6sj30dw0dwwfl.jpg?KID=imgbed,tva&Expires=1770461935&ssig=ZME%2BwwSRj0"
5263689562719041,1770473649,2026-02-07 14:14:09+08:00,QqIfiBgFg,快来薅 评论配图,0,0,1770451170544,山西,5263674799557761,,2185748450,烊的小漂亮,f,https://m.weibo.cn/u/2185748450?launchid=10000360-page_H5,"https://tvax2.sinaimg.cn/crop.0.0.1080.1080.180/8247dfe2ly8i5irsbr16uj20u00u0taw.jpg?KID=imgbed,tva&Expires=1770461935&ssig=%2F88YV4iEyb"
5263675005076393,1770470178,2026-02-07 13:16:18+08:00,QqIfiBgFg,谢谢哇,0,0,1770451170546,福建,5263674799557761,,7060563801,冬昱圆,f,https://m.weibo.cn/u/7060563801?launchid=10000360-page_H5,"https://tvax1.sinaimg.cn/crop.0.0.1080.1080.180/007HPpbjly8ia17c3kxjoj30u00u0tbl.jpg?KID=imgbed,tva&Expires=1770461935&ssig=I4B%2FY1irmP"
5263689294023706,1770473585,2026-02-07 14:13:05+08:00,QqIfiBgFg,快来薅 评论配图,0,0,1770451170547,山西,5263684477912383,,2185748450,烊的小漂亮,f,https://m.weibo.cn/u/2185748450?launchid=10000360-page_H5,"https://tvax2.sinaimg.cn/crop.0.0.1080.1080.180/8247dfe2ly8i5irsbr16uj20u00u0taw.jpg?KID=imgbed,tva&Expires=1770461935&ssig=%2F88YV4iEyb"
5263688983646529,1770473511,2026-02-07 14:11:51+08:00,QqIfiBgFg,速速,0,0,1770451170548,山东,5263688967913848,,6571858207,纯情雾气,f,https://m.weibo.cn/u/6571858207?launchid=10000360-page_H5,"https://tvax2.sinaimg.cn/crop.0.0.1080.1080.180/007aKQx1ly8i438bp84lgj30u00u0n0d.jpg?KID=imgbed,tva&Expires=1770461935&ssig=SuD22O5vg5"
5263682532802926,1770471972,2026-02-07 13:46:12+08:00,QqIfiBgFg,,0,0,1770451170550,山东,5263682514715594,,7848398132,一个勇敢的小饼干,f,https://m.weibo.cn/u/7848398132?launchid=10000360-page_H5,"https://tvax2.sinaimg.cn/crop.0.0.960.960.180/008z94SEly8i1qfcphycyj30qo0qo76d.jpg?KID=imgbed,tva&Expires=1770461935&ssig=mDjgJpomNq"
5263686516347055,1770472923,2026-02-07 14:02:03+08:00,QqIfiBgFg,我的至少可以领两张！大家赶快去领,0,1,1770451170952,上海,5263686516347055,https://wx3.sinaimg.cn/large/00853VQcgy1ia1z5n6d1wj30lk0xcaiq.jpg,7403881664,秋枫原,f,https://m.weibo.cn/u/7403881664?launchid=10000360-page_H5,"https://tvax1.sinaimg.cn/crop.0.0.1080.1080.180/00853VQcly8hg5t3e3f0sj30u00u0tbl.jpg?KID=imgbed,tva&Expires=1770461971&ssig=V5HkaT08W5"
5263683412296597,1770472183,2026-02-07 13:49:43+08:00,QqIfiBgFg,喝上了 查看图片,0,1,1770451170953,辽宁,5263683412296597,https://wx4.sinaimg.cn/large/005X4ptrly1ia1ysvtsg4j30u01ub7c1.jpg,5453519221,刘宇宁的昀朵,f,https://m.weibo.cn/u/5453519221?launchid=10000360-page_H5,"https://tvax4.sinaimg.cn/crop.0.0.600.600.180/005X4ptrly8ht16ecpxxcj30go0gowfh.jpg?KID=imgbed,tva&Expires=1770461971&ssig=F%2F9%2FEMEi07"
5263684492068500,1770472440,2026-02-07 13:54:00+08:00,QqIfiBgFg,现在「千问请客」参与人数有点多，商家和骑手都在忙。我知道现在让你等，很不应该。 春节免单活动上线后，参与热度远超预期。为了给大家预留充裕的使用时间，免单卡有效期将由2月23日延长至2月28日。 免单卡支持多品类：除奶茶咖啡零食外，也可用于在千问内购买天猫超市、盒马的生鲜百货和各类年货！,1,0,1770451170955,上海,5263684492068500,,2126681007,吳丶冊那,m,https://m.weibo.cn/u/2126681007?launchid=10000360-page_H5,"https://tvax1.sinaimg.cn/crop.0.0.1080.1080.180/7ec293afly8g2cnp0900bj20u00u042o.jpg?KID=imgbed,tva&Expires=1770461971&ssig=B5Go0mKzie"
5263668728039509,1770468682,2026-02-07 12:51:22+08:00,QqIfiBgFg,我终于也是喝到了免费奶茶了,0,1,1770451170956,福建,5263668728039509,,7213096838,princek1n,m,https://m.weibo.cn/u/7213096838?launchid=10000360-page_H5,"https://tvax4.sinaimg.cn/crop.0.0.1080.1080.180/007S9pZAly8i9xorp7w4uj30u00u0goo.jpg?KID=imgbed,tva&Expires=1770461971&ssig=1IOP1qHiY3"
5263709585804597,1770478423,2026-02-07 15:33:43+08:00,QqIfiBgFg,图片评论,0,0,1770451170957,安徽,5263709585804597,https://wx4.sinaimg.cn/large/008G9iejly1ia21t3rx9tj30me0yn77z.jpg,7951883799,屿奕each,f,https://m.weibo.cn/u/7951883799?launchid=10000360-page_H5,"https://tvax4.sinaimg.cn/crop.0.0.512.512.180/008G9iejly8i173zx96r2j30e80e8js3.jpg?KID=imgbed,tva&Expires=1770461971&ssig=ahsB3ARTYf"
5263708460679330,1770478155,2026-02-07 15:29:15+08:00,QqIfiBgFg,图片评论 查看图片,0,0,1770451170958,甘肃,5263708460679330,https://wx4.sinaimg.cn/large/008BVpwJly1ia21og3w2bj30og11tgs8.jpg,7889469913,丢丢小猪咪,f,https://m.weibo.cn/u/7889469913?launchid=10000360-page_H5,"https://tvax1.sinaimg.cn/crop.0.0.1080.1080.180/008BVpwJly8i9r9dpci0uj30u00u03zj.jpg?KID=imgbed,tva&Expires=1770461971&ssig=zN3hjkiBnG"
5263706390266542,1770477661,2026-02-07 15:21:01+08:00,QqIfiBgFg,我这个真是 查看图片,0,0,1770451170960,广西,5263706390266542,https://wx2.sinaimg.cn/large/008vta6egy1ia21fsprwrj30o911igry.jpg,7794079410,甜豆花OxO,m,https://m.weibo.cn/u/7794079410?launchid=10000360-page_H5,"https://tvax3.sinaimg.cn/crop.0.0.1080.1080.180/008vta6ely8i7r5u13b9aj30u00u0wfn.jpg?KID=imgbed,tva&Expires=1770461971&ssig=Zn%2FPtQWBl7"
5263702660223388,1770476772,2026-02-07 15:06:12+08:00,QqIfiBgFg,图片评论,0,0,1770451170961,天津,5263702660223388,https://wx4.sinaimg.cn/large/006UFp7Kly1ia210h1kmsj30p012o454.jpg,6334139836,喜迎海洋,m,https://m.weibo.cn/u/6334139836?launchid=10000360-page_H5,"https://tvax3.sinaimg.cn/crop.0.0.512.512.180/006UFp7Kly8hsr2rj44vkj30e80e83zi.jpg?KID=imgbed,tva&Expires=1770461971&ssig=m8BlkdFVNQ"
5263702455485864,1770476723,2026-02-07 15:05:23+08:00,QqIfiBgFg,新码，有 20 张免费额度,0,0,1770451170963,上海,5263702455485864,https://wx1.sinaimg.cn/large/9c5f2430ly1ia20zm8gq8j20pc1377am.jpg,2623480880,芝阳酱,m,https://m.weibo.cn/u/2623480880?launchid=10000360-page_H5,"https://tva1.sinaimg.cn/crop.0.0.180.180.180/9c5f2430jw1e8qgp5bmzyj2050050aa8.jpg?KID=imgbed,tva&Expires=1770461971&ssig=he6ECCX01u"
5263702087697959,1770476635,2026-02-07 15:03:55+08:00,QqIfiBgFg,快来薅,0,0,1770451170964,河北,5263702087697959,https://wx4.sinaimg.cn/large/007ERoBEly1ia20y3dl4aj30lz0wkq8g.jpg,7016709238,沐沐出发啦,f,https://m.weibo.cn/u/7016709238?launchid=10000360-page_H5,"https://tvax1.sinaimg.cn/crop.0.0.1080.1080.180/007ERoBEly8htigyaa0hvj30u00u0aah.jpg?KID=imgbed,tva&Expires=1770461971&ssig=oniyPY9PqZ"
5263699984256967,1770476134,2026-02-07 14:55:34+08:00,QqIfiBgFg,图片评论,0,0,1770451170965,湖南,5263699984256967,https://wx3.sinaimg.cn/large/008rOYYDgy1ia20pezkxij30me0yngpd.jpg,7740174527,余想吃香菜,f,https://m.weibo.cn/u/7740174527?launchid=10000360-page_H5,"https://tvax1.sinaimg.cn/crop.0.0.1080.1080.180/008rOYYDly8i9v95p2puqj30u00u0juy.jpg?KID=imgbed,tva&Expires=1770461971&ssig=pB1H8%2BkaDd"
5263697310384942,1770475496,2026-02-07 14:44:56+08:00,QqIfiBgFg,一上午买了7单 除了奶茶还能买吃的🙉 而且一点没卡我 这里超级丝滑,0,0,1770451170966,山东,5263697310384942,https://wx4.sinaimg.cn/large/008rLKioly1ia20ebo9d9j30nc103n3b.jpg,7739403108,一盆兔叽,f,https://m.weibo.cn/u/7739403108?launchid=10000360-page_H5,"https://tvax3.sinaimg.cn/crop.0.0.1080.1080.180/008rLKioly8i63zc73iu4j30u00u0djr.jpg?KID=imgbed,tva&Expires=1770461971&ssig=D8OtYGIDtc"
5263696754642512,1770475364,2026-02-07 14:42:44+08:00,QqIfiBgFg,图片评论,0,0,1770451170967,广西,5263696754642512,https://wx1.sinaimg.cn/large/008xbrfxgy1ia20c22ux7j30rd16c7bq.jpg,7819408103,2026我要过5轮-200分130分,f,https://m.weibo.cn/u/7819408103?launchid=10000360-page_H5,"https://tvax3.sinaimg.cn/crop.0.0.512.512.180/008xbrfxly8i40fot2j2sj30e80e8q38.jpg?KID=imgbed,tva&Expires=1770461971&ssig=AdA1kyC%2FCL"
5263695552712454,1770475077,2026-02-07 14:37:57+08:00,QqIfiBgFg,,0,0,1770451170968,山东,5263695552712454,https://wx3.sinaimg.cn/large/006K5JOqly1ia207247lcj30o911idkh.jpg,6177876194,狗卷小糯,f,https://m.weibo.cn/u/6177876194?launchid=10000360-page_H5,"https://tvax2.sinaimg.cn/crop.0.0.1080.1080.180/006K5JOqly8i9xv8ka14sj30u00u0di7.jpg?KID=imgbed,tva&Expires=1770461971&ssig=jwOYmP4N2W"
5263693868696206,1770474676,2026-02-07 14:31:16+08:00,QqIfiBgFg,有人要吗,0,0,1770451170969,浙江,5263693868696206,https://wx4.sinaimg.cn/large/007DfCkogy1ia20047vkxj30q714i7c0.jpg,6992929184,一只野居岛虫虫虫虫虫,f,https://m.weibo.cn/u/6992929184?launchid=10000360-page_H5,"https://tvax2.sinaimg.cn/crop.0.0.996.996.180/007DfCkoly8gt9pnm8z4dj30ro0ro7an.jpg?KID=imgbed,tva&Expires=1770461971&ssig=jCzcZXlkzK"
5263690305897731,1770473826,2026-02-07 14:17:06+08:00,QqIfiBgFg,这个,0,0,1770451170971,山西,5263690305897731,https://wx3.sinaimg.cn/large/0074R2YLly1ia1zldhf1cj30q414e79e.jpg,6484678007,ICE_JENOLAY,f,https://m.weibo.cn/u/6484678007?launchid=10000360-page_H5,"https://tvax3.sinaimg.cn/crop.0.0.1080.1080.180/0074R2YLly8i9mc5qd39rj30u00u076q.jpg?KID=imgbed,tva&Expires=1770461971&ssig=E5IHBgPawG"
5263688094455486,1770473299,2026-02-07 14:08:19+08:00,QqIfiBgFg,来,0,1,1770451170972,广东,5263688094455486,https://wx4.sinaimg.cn/large/0076mvvCgy1ia1zc8mav1j30p012o0xf.jpg,6506952180,有馬厷生,m,https://m.weibo.cn/u/6506952180?launchid=10000360-page_H5,"https://tvax2.sinaimg.cn/crop.0.0.1080.1080.180/0076mvvCly8i3qpn8s342j30u00u0aas.jpg?KID=imgbed,tva&Expires=1770461971&ssig=UpF%2BdmLO0V"
5263686998692939,1770473038,2026-02-07 14:03:58+08:00,QqIfiBgFg,扫这个,0,0,1770451170974,江西,5263686998692939,https://wx1.sinaimg.cn/large/0074pAI2gy1ia1z7etedkj30me0yngpe.jpg,6478134482,芋圆圆沅,f,https://m.weibo.cn/u/6478134482?launchid=10000360-page_H5,"https://tvax2.sinaimg.cn/crop.0.0.1080.1080.180/0074pAI2ly8i907z66yxoj30u00u0mxo.jpg?KID=imgbed,tva&Expires=1770461971&ssig=15ZouvP2Rc"
5263686790546640,1770472988,2026-02-07 14:03:08+08:00,QqIfiBgFg,下载千问App，登录后，上面不是有个奶茶杯的瓜分30亿呢，点那个进去就可以了,0,0,1770451170974,甘肃,5263686790546640,,3176260147,时光已散了,f,https://m.weibo.cn/u/3176260147?launchid=10000360-page_H5,"https://tvax1.sinaimg.cn/crop.0.0.959.959.180/bd51e233ly8hvn74c5r3yj20qn0qntav.jpg?KID=imgbed,tva&Expires=1770461971&ssig=Va4E8JNEe8"
5263685195138784,1770472608,2026-02-07 13:56:48+08:00,QqIfiBgFg,扫码下载APP 可以免费喝奶茶哦,0,0,1770451170976,吉林,5263685195138784,https://wx4.sinaimg.cn/large/006xAEDJly1ia1yzu1u9gj30q414e0xu.jpg,5993152111,冰雪宁馨,f,https://m.weibo.cn/u/5993152111?launchid=10000360-page_H5,"https://tvax3.sinaimg.cn/crop.0.0.1008.1008.180/006xAEDJly8glv94qftofj30s00s0q3n.jpg?KID=imgbed,tva&Expires=1770461971&ssig=NSRatScPHz"
5263684545809591,1770472453,2026-02-07 13:54:13+08:00,QqIfiBgFg,我都点不了,0,0,1770451261132,上海,5263684492068500,,2126681007,吳丶冊那,m,https://m.weibo.cn/u/2126681007?launchid=10000360-page_H5,"https://tvax1.sinaimg.cn/crop.0.0.1080.1080.180/7ec293afly8g2cnp0900bj20u00u042o.jpg?KID=imgbed,tva&Expires=1770461971&ssig=B5Go0mKzie"
5263685121212916,1770472590,2026-02-07 13:56:30+08:00,QqIfiBgFg,领到好多张 查看图片,0,0,1770451261570,广东,5263685121212916,https://wx2.sinaimg.cn/large/8def35a7gy1ia1yzwqeiaj20me0yntd8.jpg,2381264295,幸运猫猫欧气满满upup,f,https://m.weibo.cn/u/2381264295?launchid=10000360-page_H5,"https://tvax4.sinaimg.cn/crop.0.0.1080.1080.180/8def35a7ly8h0xzmy0a1zj20u00u176e.jpg?KID=imgbed,tva&Expires=1770462061&ssig=yJbJaxMRm6"
5263684356277585,1770472408,2026-02-07 13:53:28+08:00,QqIfiBgFg,有没有热心网友 查看图片,0,0,1770451261572,甘肃,5263684356277585,https://wx2.sinaimg.cn/large/008BVpwJly1ia1ywnafpvj30og11tgs8.jpg,7889469913,丢丢小猪咪,f,https://m.weibo.cn/u/7889469913?launchid=10000360-page_H5,"https://tvax1.sinaimg.cn/crop.0.0.1080.1080.180/008BVpwJly8i9r9dpci0uj30u00u03zj.jpg?KID=imgbed,tva&Expires=1770462061&ssig=UbVJFCR8Jy"
5263683546776251,1770472215,2026-02-07 13:50:15+08:00,QqIfiBgFg,这个这个,0,0,1770451261573,江苏,5263683546776251,https://wx4.sinaimg.cn/large/008cgl8Cgy1ia1ytff6syj30rd16c45z.jpg,7510273194,去蔡徐坤岛摸鲨鱼482,f,https://m.weibo.cn/u/7510273194?launchid=10000360-page_H5,"https://tvax3.sinaimg.cn/crop.0.0.1080.1080.180/008cgl8Cly8i0j53dkc45j30u00u0dhs.jpg?KID=imgbed,tva&Expires=1770462061&ssig=GrrzusSl0E"
5263683321859382,1770472161,2026-02-07 13:49:21+08:00,QqIfiBgFg,这个真的可以！,0,0,1770451261574,江苏,5263683321859382,https://wx4.sinaimg.cn/large/006SVXvFgy1ia1ysdnoz5j30u01ug7ab.jpg,6308532591,大口吃烤肉_,f,https://m.weibo.cn/u/6308532591?launchid=10000360-page_H5,"https://tvax4.sinaimg.cn/crop.36.0.887.887.180/006SVXvFly8hsyaej8t19j30qo0onmzs.jpg?KID=imgbed,tva&Expires=1770462061&ssig=Bixc8L8Rma"
5263682995227228,1770472083,2026-02-07 13:48:03+08:00,QqIfiBgFg,图片评论,0,0,1770451261576,四川,5263682995227228,https://wx1.sinaimg.cn/large/ea9dca1bgy1ia1yr5pr1rj20p012odmf.jpg,3936209435,几分之几__-,f,https://m.weibo.cn/u/3936209435?launchid=10000360-page_H5,"https://tvax4.sinaimg.cn/crop.0.0.1080.1080.180/ea9dca1bly8i0zpewhqy1j20u00u0ju6.jpg?KID=imgbed,tva&Expires=1770462061&ssig=9rq4vympMq"
5263682531754639,1770471973,2026-02-07 13:46:13+08:00,QqIfiBgFg,扫免单卡啦,0,0,1770451261576,河南,5263682531754639,https://wx3.sinaimg.cn/large/007cTev3ly1ia1yp8qx7oj30pp13q7av.jpg,6603409637,龙笼416624,f,https://m.weibo.cn/u/6603409637?launchid=10000360-page_H5,"https://tvax2.sinaimg.cn/crop.0.0.480.480.180/007cTev3ly8hd2h7pwpcqj30dc0dc3yo.jpg?KID=imgbed,tva&Expires=1770462061&ssig=%2BlFtFzQHsW"
5263682212727428,1770471897,2026-02-07 13:44:57+08:00,QqIfiBgFg,赶紧,0,0,1770451261578,北京,5263682212727428,https://wx4.sinaimg.cn/large/008BHC6Aly1ia1ynwq17qj30rd16cwlu.jpg,7886181672,查理win,f,https://m.weibo.cn/u/7886181672?launchid=10000360-page_H5,"https://tvax1.sinaimg.cn/crop.0.0.688.688.180/008BHC6Aly8i7m6t67ns9j30j40j4gm5.jpg?KID=imgbed,tva&Expires=1770462061&ssig=QloMjhub2D"
5263681510181352,1770471729,2026-02-07 13:42:09+08:00,QqIfiBgFg,免单卡 薅,0,0,1770451261579,北京,5263681510181352,https://wx1.sinaimg.cn/large/005ZNGLbly1ia1ykxcsf4j30m00wktdz.jpg,5493863101,不要再皱眉辣,m,https://m.weibo.cn/u/5493863101?launchid=10000360-page_H5,"https://tvax3.sinaimg.cn/crop.0.0.999.999.180/005ZNGLbly8hy0kfxay5mj30rr0rrgop.jpg?KID=imgbed,tva&Expires=1770462061&ssig=%2F6jV0d0LDh"
5263680331582866,1770471448,2026-02-07 13:37:28+08:00,QqIfiBgFg,这个,0,0,1770451261580,福建,5263680331582866,https://wx4.sinaimg.cn/large/007etygfgy1ia1yg5eawuj30me0ynwjd.jpg,6626841743,一等小好,f,https://m.weibo.cn/u/6626841743?launchid=10000360-page_H5,"https://tvax1.sinaimg.cn/crop.0.0.1080.1080.180/007etygfly8i9e8hzejokj30u00u0n01.jpg?KID=imgbed,tva&Expires=1770462061&ssig=1v02CmnaN7"
5263679020861881,1770471136,2026-02-07 13:32:16+08:00,QqIfiBgFg,图片评论,0,0,1770451261581,江苏,5263679020861881,https://wx1.sinaimg.cn/large/008yTOf6gy1ia1yaql85ej30og11tagl.jpg,7844759256,SSoakk,f,https://m.weibo.cn/u/7844759256?launchid=10000360-page_H5,"https://tvax1.sinaimg.cn/crop.0.0.1080.1080.180/008yTOf6ly8i8ivlli203j30u00u0ac7.jpg?KID=imgbed,tva&Expires=1770462061&ssig=Yp3ySiYYoR"
5263677561504289,1770470787,2026-02-07 13:26:27+08:00,QqIfiBgFg,图片评论,0,0,1770451261583,云南,5263677561504289,https://wx4.sinaimg.cn/large/008cj6Sdgy1ia1y4oyhkbj30mf0ypjwx.jpg,7510933345,无知且不自知,f,https://m.weibo.cn/u/7510933345?launchid=10000360-page_H5,"https://tvax2.sinaimg.cn/crop.0.0.1080.1080.180/008cj6Sdly8i2xqorfg2oj30u00u176r.jpg?KID=imgbed,tva&Expires=1770462061&ssig=GAwA8b7l7s"
5263676317108165,1770470491,2026-02-07 13:21:31+08:00,QqIfiBgFg,到这个,0,0,1770451261584,浙江,5263676317108165,https://wx2.sinaimg.cn/large/007885cUgy1ia1xzda51oj30p012odmh.jpg,6533067156,柳涟爱吃榴莲,f,https://m.weibo.cn/u/6533067156?launchid=10000360-page_H5,"https://tvax3.sinaimg.cn/crop.0.0.720.720.180/007885cUly8hwuz9vdbl9j30k00k0jsn.jpg?KID=imgbed,tva&Expires=1770462061&ssig=NFmFzzhGng"
5263676156412259,1770470452,2026-02-07 13:20:52+08:00,QqIfiBgFg,这个,0,0,1770451261585,广东,5263676156412259,https://wx4.sinaimg.cn/large/0087VXvhgy1ia1xyucnssj30me0ynaez.jpg,7446310439,雨滴坠入芝麻球,f,https://m.weibo.cn/u/7446310439?launchid=10000360-page_H5,"https://tvax2.sinaimg.cn/crop.0.0.1080.1080.180/0087VXvhly8i8ui6t8mwqj30u00u0t9f.jpg?KID=imgbed,tva&Expires=1770462061&ssig=aSvq0Us1F1"
5263674735330444,1770470113,2026-02-07 13:15:13+08:00,QqIfiBgFg,这里有的,0,0,1770451261586,湖南,5263674735330444,https://wx3.sinaimg.cn/large/008enQHsgy1ia1xt03l3ij30qa14mjxx.jpg,7541615486,余生绝世猛1,f,https://m.weibo.cn/u/7541615486?launchid=10000360-page_H5,"https://tvax1.sinaimg.cn/crop.0.0.401.401.180/008enQHsly8h0c4nrfa60j30b50b5q34.jpg?KID=imgbed,tva&Expires=1770462061&ssig=vF%2Bsu9JdTy"
5263674537415215,1770470067,2026-02-07 13:14:27+08:00,QqIfiBgFg,试试这个呢,0,0,1770451261588,广东,5263674537415215,https://wx1.sinaimg.cn/large/005BBUh7gy1ia1xs6m5brj30rc169agz.jpg,5136423053,麻蘇鱼酱,f,https://m.weibo.cn/u/5136423053?launchid=10000360-page_H5,"https://tvax3.sinaimg.cn/crop.0.0.1000.1000.180/005BBUh7ly8i8jtydhoh3j30rs0rsq5x.jpg?KID=imgbed,tva&Expires=1770462061&ssig=PSyfjk8DxK"
5263673056824349,1770469714,2026-02-07 13:08:34+08:00,QqIfiBgFg,这个也可以哦,0,0,1770451261589,黑龙江,5263673056824349,https://wx2.sinaimg.cn/large/007l30tcly1ia1xly7nd2j30q414eq9h.jpg,6723949674,左安安安不呆之,f,https://m.weibo.cn/u/6723949674?launchid=10000360-page_H5,"https://tvax1.sinaimg.cn/crop.0.0.1080.1080.180/007l30tcly8hivrswaae9j30u00u00tw.jpg?KID=imgbed,tva&Expires=1770462061&ssig=lfSMJodUkF"
5263672306829147,1770469535,2026-02-07 13:05:35+08:00,QqIfiBgFg,为啥我都点不到,1,0,1770451261590,浙江,5263672306829147,,2040091412,欢乐福满家,m,https://m.weibo.cn/u/2040091412?launchid=10000360-page_H5,"https://tvax4.sinaimg.cn/crop.0.0.828.828.180/79995314ly8i26sfmcwhbj20n00n0gnb.jpg?KID=imgbed,tva&Expires=1770462061&ssig=5aew6CN00j"
5263667782484199,1770468455,2026-02-07 12:47:35+08:00,QqIfiBgFg,昨天试了好久这个,1,0,1770451261592,湖南,5263667782484199,,6783836074,冷脸痛,f,https://m.weibo.cn/u/6783836074?launchid=10000360-page_H5,"https://tvax1.sinaimg.cn/crop.0.0.1080.1080.180/007p6hESly8i9mhi940lfj30u00u075t.jpg?KID=imgbed,tva&Expires=1770462061&ssig=55rk%2F2tmgh"
5263667572509255,1770468406,2026-02-07 12:46:46+08:00,QqIfiBgFg,昨天喝到了就是有的卡,0,0,1770451261593,湖北,5263667572509255,,6120606828,歌词里有雨,m,https://m.weibo.cn/u/6120606828?launchid=10000360-page_H5,"https://tvax4.sinaimg.cn/crop.0.0.1080.1080.180/006GdrqYly8i9zz9xx8pzj30u00u0n03.jpg?KID=imgbed,tva&Expires=1770462061&ssig=KD8RU9V9JJ"
5263667342086929,1770468351,2026-02-07 12:45:51+08:00,QqIfiBgFg,看到好多人挺有耐心,0,0,1770451261595,江苏,5263667342086929,,2799621212,寻人总动员鸣井,m,https://m.weibo.cn/u/2799621212?launchid=10000360-page_H5,"https://tvax3.sinaimg.cn/crop.0.0.1080.1080.180/a6ded45cly8hznr61ptelj20u00u1dip.jpg?KID=imgbed,tva&Expires=1770462061&ssig=6QkzFV%2BwBu"
5263673228526462,1770469755,2026-02-07 13:09:15+08:00,QqIfiBgFg,这个噢，上面有步骤 评论配图,0,0,1770451337022,江苏,5263672306829147,,7927656348,夜光向晚06,f,https://m.weibo.cn/u/7927656348?launchid=10000360-page_H5,"https://tvax3.sinaimg.cn/crop.0.0.132.132.180/008EvDyYly4hqy2f8faiej303o03ojr7.jpg?KID=imgbed,tva&Expires=1770462061&ssig=EfYX4TsR0W"
5263666794465441,1770468221,2026-02-07 12:43:41+08:00,QqIfiBgFg,我昨天点的等了好久才送到,0,0,1770451337401,河北,5263666794465441,,6132203509,韩松札记,f,https://m.weibo.cn/u/6132203509?launchid=10000360-page_H5,"https://tvax4.sinaimg.cn/crop.0.0.1080.1080.180/006H06gdly8i4tfe40yx0j30u00u0dku.jpg?KID=imgbed,tva&Expires=1770462137&ssig=L44vFW2wY6"
5263680203654408,1770471418,2026-02-07 13:36:58+08:00,QqIfiBgFg,免费送,0,2,1770451337403,上海,5263680203654408,https://wx2.sinaimg.cn/large/7d48955fgy1ia1yflqrnfj20og11t794.jpg,2101908831,黑豆日记_,f,https://m.weibo.cn/u/2101908831?launchid=10000360-page_H5,"https://tvax1.sinaimg.cn/crop.0.0.1080.1080.180/7d48955fly8i0t6fplcuzj20u00u0wg0.jpg?KID=imgbed,tva&Expires=1770462137&ssig=4ryFGyuPwa"
5263710656399119,1770478678,2026-02-07 15:37:58+08:00,QqIfiBgFg,扫码就能领啦 还有十张,0,1,1770451337404,安徽,5263710656399119,https://wx1.sinaimg.cn/large/0082PthQly1ia21xfv9f7j30p012ojw5.jpg,7370882638,好运Kitty-,f,https://m.weibo.cn/u/7370882638?launchid=10000360-page_H5,"https://tvax4.sinaimg.cn/crop.0.0.512.512.180/0082PthQly8hnrz87zk3ij30e80e874r.jpg?KID=imgbed,tva&Expires=1770462137&ssig=NQVRRopL4d"
5263709967483846,1770478514,2026-02-07 15:35:14+08:00,QqIfiBgFg,还有好多张，谁要扫码 查看图片,0,1,1770451337406,河南,5263709967483846,https://wx1.sinaimg.cn/large/008fZz9Lly1ia21u9eavgj30qo1itdjj.jpg,7565380849,汐阳泗水,m,https://m.weibo.cn/u/7565380849?launchid=10000360-page_H5,"https://tvax4.sinaimg.cn/crop.0.0.1080.1080.180/008fZz9Lly8hgojuhdq27j30u00u0adk.jpg?KID=imgbed,tva&Expires=1770462137&ssig=%2FN%2Bu2zaGl7"
5263707602946584,1770477950,2026-02-07 15:25:50+08:00,QqIfiBgFg,扫这个喝了三杯啦 查看图片,0,1,1770451337407,湖南,5263707602946584,https://wx4.sinaimg.cn/large/006OyGx9gy1ia21ksqy8zj30me0yn78p.jpg,6243880447,莫斯科没有眼泪wan,f,https://m.weibo.cn/u/6243880447?launchid=10000360-page_H5,"https://tvax4.sinaimg.cn/crop.0.0.1024.1024.180/006OyGx9ly8hf71gwiwfuj30sg0sgn11.jpg?KID=imgbed,tva&Expires=1770462137&ssig=llNlV3lLB%2F"
5263707056901468,1770477820,2026-02-07 15:23:40+08:00,QqIfiBgFg,来,0,1,1770451337408,江苏,5263707056901468,https://wx2.sinaimg.cn/large/7145df61gy1ia21in8kwfj20ra16778o.jpg,1900404577,呼哈呼哈_6,m,https://m.weibo.cn/u/1900404577?launchid=10000360-page_H5,"https://tvax1.sinaimg.cn/crop.0.0.1080.1080.180/7145df61ly8grw108bytdj20u00u0gmo.jpg?KID=imgbed,tva&Expires=1770462137&ssig=gKLcA8a63F"
5263698920472743,1770475880,2026-02-07 14:51:20+08:00,QqIfiBgFg,下载千问把这个二维🐎发给他就有了 查看图片,0,1,1770451337409,辽宁,5263698920472743,https://wx3.sinaimg.cn/large/00842Evcly1ia20kq7iorj30h60qktcm.jpg,7388800350,宵夜吃意面,f,https://m.weibo.cn/u/7388800350?launchid=10000360-page_H5,"https://tvax4.sinaimg.cn/crop.0.0.1080.1080.180/00842Evcly8hn8dvl1vwdj30u00u075z.jpg?KID=imgbed,tva&Expires=1770462137&ssig=UMVDHdASN9"
5263697974923257,1770475655,2026-02-07 14:47:35+08:00,QqIfiBgFg,来来来扫码就能领啦,0,1,1770451337411,安徽,5263697974923257,https://wx3.sinaimg.cn/large/0082PthQly1ia20h1is8jj30p012ojw5.jpg,7370882638,好运Kitty-,f,https://m.weibo.cn/u/7370882638?launchid=10000360-page_H5,"https://tvax4.sinaimg.cn/crop.0.0.512.512.180/0082PthQly8hnrz87zk3ij30e80e874r.jpg?KID=imgbed,tva&Expires=1770462137&ssig=NQVRRopL4d"
5263688442582411,1770473382,2026-02-07 14:09:42+08:00,QqIfiBgFg,免费喝吃的也可以,0,1,1770451337412,新疆,5263688442582411,https://wx3.sinaimg.cn/large/006n6GX5ly1ia1zdjiwrvj30rd16c45w.jpg,5838247799,蟹黄包aa_,f,https://m.weibo.cn/u/5838247799?launchid=10000360-page_H5,"https://tvax2.sinaimg.cn/crop.0.0.1080.1080.180/006n6GX5ly8hs0e9ac2ayj30u00u0mzx.jpg?KID=imgbed,tva&Expires=1770462137&ssig=ja2ncLkHnx"
5263688039662749,1770473286,2026-02-07 14:08:06+08:00,QqIfiBgFg,扫完可得免单,0,1,1770451337413,湖北,5263688039662749,https://wx3.sinaimg.cn/large/008tOFS2gy1ia1zbw2uamj30u01aejw9.jpg,7769653754,不同频冬日,f,https://m.weibo.cn/u/7769653754?launchid=10000360-page_H5,"https://tvax2.sinaimg.cn/crop.0.0.1080.1080.180/008tOFS2ly8hw5s8g4lh2j30u00u0q73.jpg?KID=imgbed,tva&Expires=1770462137&ssig=LV%2BLm8pAe%2F"
5263686911662274,1770473017,2026-02-07 14:03:37+08:00,QqIfiBgFg,是谁还没喝到  速来,0,1,1770451337415,青海,5263686911662274,https://wx4.sinaimg.cn/large/0062CToOly1ia1z79d0dpj30q414djx0.jpg,5535619086,酷酷酷酷里30,f,https://m.weibo.cn/u/5535619086?launchid=10000360-page_H5,"https://tvax2.sinaimg.cn/crop.0.0.1080.1080.180/0062CToOly8i989tyr3a0j30u00u0tbh.jpg?KID=imgbed,tva&Expires=1770462137&ssig=utS50MpV8G"
5263686882820816,1770473009,2026-02-07 14:03:29+08:00,QqIfiBgFg,最后5张速度扫,0,1,1770451337416,浙江,5263686882820816,https://wx3.sinaimg.cn/large/005XqAWbgy1ia1z705vtfj30me0ynq6k.jpg,5458806503,有了牛,m,https://m.weibo.cn/u/5458806503?launchid=10000360-page_H5,"https://tva2.sinaimg.cn/crop.0.0.200.200.180/005XqAWbjw8f4ddbrnj67j305k05kgli.jpg?KID=imgbed,tva&Expires=1770462137&ssig=msQfTKiOgr"
5263441548812639,1770414518,2026-02-06 21:48:38+08:00,QqCoicPeg,晚安好梦,0,6,1770451396373,湖南,5263441548812639,,7852362934,Gabrielle-97,f,https://m.weibo.cn/u/7852362934?launchid=10000360-page_H5,"https://tvax1.sinaimg.cn/crop.0.0.1080.1080.180/008zpIj4ly8i9pktqtdv6j30u00u0q6c.jpg?KID=imgbed,tva&Expires=1770462196&ssig=Uqb99o5Rv2"
5263693819940988,1770474664,2026-02-07 14:31:04+08:00,QqCoicPeg,生活真的是变得越来越好了人民也更加便利,0,1,1770451396375,河南,5263693819940988,,7743717741,酒醉恋潇曲,f,https://m.weibo.cn/u/7743717741?launchid=10000360-page_H5,"https://tvax2.sinaimg.cn/crop.0.0.1080.1080.180/008s3QJfly8i9cwoxz1q7j30u00u0gq0.jpg?KID=imgbed,tva&Expires=1770462196&ssig=6N0eKFSqWu"
5263685482186478,1770472676,2026-02-07 13:57:56+08:00,QqCoicPeg,祖国发展好了，人民生活更便利了,0,1,1770451396376,广东,5263685482186478,,5428297860,冰川时渊,f,https://m.weibo.cn/u/5428297860?launchid=10000360-page_H5,"https://tvax2.sinaimg.cn/crop.0.0.1080.1080.180/005VmAfily8i9dk6z220kj30u00u0dir.jpg?KID=imgbed,tva&Expires=1770462196&ssig=gfOA7m33nB"
5263454753785216,1770417665,2026-02-06 22:41:05+08:00,QqCoicPeg,生活变得越来越好了,0,3,1770451396378,湖南,5263454753785216,,6379574995,WeenzYoo,f,https://m.weibo.cn/u/6379574995?launchid=10000360-page_H5,"https://tvax2.sinaimg.cn/crop.0.1.1078.1078.180/006XK2STly8i9yetojonfj30ty0u0abe.jpg?KID=imgbed,tva&Expires=1770462196&ssig=UpvxM%2BUZ54"
5263696454746553,1770475291,2026-02-07 14:41:31+08:00,QqCoicPeg,,0,2,1770451396379,广西,5263696454746553,,7801589934,超体对抗118杀,f,https://m.weibo.cn/u/7801589934?launchid=10000360-page_H5,"https://tvax2.sinaimg.cn/crop.0.0.940.940.180/008vYFVIly8i9emasvwb8j30q40q4jsg.jpg?KID=imgbed,tva&Expires=1770462196&ssig=frIAW%2BTehb"
5263621470814457,1770457414,2026-02-07 09:43:34+08:00,QqCoicPeg,称赞,0,1,1770451396381,广东,5263621470814457,,3297399292,坦荡金达果在园艺,m,https://m.weibo.cn/u/3297399292?launchid=10000360-page_H5,"https://tvax1.sinaimg.cn/crop.0.0.750.750.180/c48a51fcly8hacdc6mij3j20ku0kutav.jpg?KID=imgbed,tva&Expires=1770462196&ssig=MfbQ%2BohjIm"
5263682697168312,1770472012,2026-02-07 13:46:52+08:00,QqCoicPeg,好强,0,1,1770451396382,辽宁,5263682697168312,,7773984823,精神状态良好的七七,f,https://m.weibo.cn/u/7773984823?launchid=10000360-page_H5,"https://tvax2.sinaimg.cn/crop.0.0.1080.1080.180/008u6QzZly8i9czgvws0ej30u00u0789.jpg?KID=imgbed,tva&Expires=1770462196&ssig=3LEWY5TSxB"
5263682461239042,1770471955,2026-02-07 13:45:55+08:00,QqCoicPeg,#2026新春走基层# #被世界第一高桥改变的村庄# 乐于助人，是心灵的温暖，是生活的甜蜜。伸出援手，传递正能量，让爱在人与人之间流动。每一次帮助，都是一次心灵的触碰，每一次微笑，都是对世界的温柔。让我们用行动诠释善良，用爱心点亮希望。因为帮助别人，就是帮助自己，让世界因我们的善举而更加美...全文,0,0,1770451396383,广东,5263682461239042,,5923494869,颖雪绒尾_SUN,f,https://m.weibo.cn/u/5923494869?launchid=10000360-page_H5,"https://tvax2.sinaimg.cn/crop.0.0.1080.1080.180/006sSnBPly8ia1z5x6mrvj30u00u0422.jpg?KID=imgbed,tva&Expires=1770462196&ssig=DfWPzJApWr"
5263673664736774,1770469859,2026-02-07 13:10:59+08:00,QqCoicPeg,,0,0,1770451396384,广东,5263673664736774,,7742417028,呆兔橘,f,https://m.weibo.cn/u/7742417028?launchid=10000360-page_H5,"https://tvax4.sinaimg.cn/crop.0.0.1080.1080.180/008rYom0ly8i9vrd5alxbj30u00u00vg.jpg?KID=imgbed,tva&Expires=1770462196&ssig=g1gFIMqrA3"
5263667957600092,1770468498,2026-02-07 12:48:18+08:00,QqCoicPeg,,0,0,1770451396386,河北,5263667957600092,,7728828393,温柔也芥末,f,https://m.weibo.cn/u/7728828393?launchid=10000360-page_H5,"https://tvax3.sinaimg.cn/crop.0.0.750.750.180/008r3nktly8h6mkjkip49j30ku0ku74x.jpg?KID=imgbed,tva&Expires=1770462196&ssig=MPMsoypgDU"
5263667457428155,1770468379,2026-02-07 12:46:19+08:00,QqCoicPeg,#2026新春走基层# 无论生活怎么为难你，都不要放弃一如既往的努力；生命中有希望都是因为心存梦想；请好好拼一把，虽然不是每件事注定都会成功，但是每件事都必须试一试。,0,0,1770451396387,广东,5263667457428155,,7831762347,小枝月泠,f,https://m.weibo.cn/u/7831762347?launchid=10000360-page_H5,"https://tvax1.sinaimg.cn/crop.0.0.1080.1080.180/008y1h9xly8ia0kuytr8qj30u00u0q5j.jpg?KID=imgbed,tva&Expires=1770462196&ssig=NJ%2FErnsMw1"
5263662768197419,1770467261,2026-02-07 12:27:41+08:00,QqCoicPeg,生活越来越便利了,0,0,1770451396388,广西,5263662768197419,,6221485344,嘉榆木_,f,https://m.weibo.cn/u/6221485344?launchid=10000360-page_H5,"https://tvax4.sinaimg.cn/crop.0.0.1080.1080.180/006N2IxOly8i9uf84s08bj30u00u0jwp.jpg?KID=imgbed,tva&Expires=1770462196&ssig=io2GIih9Lz"
5263637904359717,1770461332,2026-02-07 10:48:52+08:00,QqCoicPeg,欢迎朋友们有空的时候来贵州旅游，贵州各县市有很多美丽的风景和特色小吃！#2026新春走基层# #被世界第一高桥改变的村庄#,0,1,1770451396390,贵州,5263637904359717,,2419890123,光明吉祥鸟,m,https://m.weibo.cn/u/2419890123?launchid=10000360-page_H5,"https://tvax1.sinaimg.cn/crop.0.0.364.364.180/903c97cbly8h2a4bi07imj20a40a4t8u.jpg?KID=imgbed,tva&Expires=1770462196&ssig=KcW5PL6usq"
5263630861865829,1770459654,2026-02-07 10:20:54+08:00,QqCoicPeg,真好，愿以后会越来越好❤️😊,0,0,1770451396392,日本,5263630861865829,,2620565737,kahoyuumi,f,https://m.weibo.cn/u/2620565737?launchid=10000360-page_H5,"https://tva1.sinaimg.cn/crop.24.0.1194.1194.180/9c32a8e9jw8f5cepdjb0ej20yi0x6tef.jpg?KID=imgbed,tva&Expires=1770462196&ssig=e7ioTUoNca"
5263581785358707,1770447952,2026-02-07 07:05:52+08:00,QqCoicPeg,,0,0,1770451396393,浙江,5263581785358707,,5986052850,浦江纲纲,m,https://m.weibo.cn/u/5986052850?launchid=10000360-page_H5,"https://tvax1.sinaimg.cn/crop.0.0.1080.1080.180/006x6RNwly8i7c4cymfl2j30u00u0gmq.jpg?KID=imgbed,tva&Expires=1770462196&ssig=cNM1FgR3Vk"
5263573073002702,1770445875,2026-02-07 06:31:15+08:00,QqCoicPeg,#2026新春走基层#,0,0,1770451396394,印度尼西亚,5263573073002702,,1675167175,PON戊二醇,m,https://m.weibo.cn/u/1675167175?launchid=10000360-page_H5,"https://tvax2.sinaimg.cn/crop.0.0.1080.1080.180/63d905c7ly8hoetwvqk8ij20u00u0dhq.jpg?KID=imgbed,tva&Expires=1770462196&ssig=uZ9dn0cJz8"
5263555211559440,1770441617,2026-02-07 05:20:17+08:00,QqCoicPeg,真好,0,0,1770451396395,马来西亚,5263555211559440,,6232044316,相信光-0921蓝色,m,https://m.weibo.cn/u/6232044316?launchid=10000360-page_H5,"https://tvax4.sinaimg.cn/crop.0.0.1080.1080.180/006NL1pOly8i9a1t7e0lyj30u00u0abk.jpg?KID=imgbed,tva&Expires=1770462196&ssig=QKRVjQpmC6"
5263503516762482,1770429291,2026-02-07 01:54:51+08:00,QqCoicPeg,真好啊,0,0,1770451396397,马来西亚,5263503516762482,,1875075147,flo羽秝,f,https://m.weibo.cn/u/1875075147?launchid=10000360-page_H5,"https://tvax2.sinaimg.cn/crop.0.0.1080.1080.180/6fc3604bly8i9ir2dok5dj20u00u0q5m.jpg?KID=imgbed,tva&Expires=1770462196&ssig=gwX1lA8DaC"
5263481297176346,1770423995,2026-02-07 00:26:35+08:00,QqCoicPeg,真好,0,0,1770451396398,中国台湾,5263481297176346,,7966010016,吉祥福ning,f,https://m.weibo.cn/u/7966010016?launchid=10000360-page_H5,"https://tvax4.sinaimg.cn/crop.0.0.1080.1080.180/008H6z6wly8i2k0zuw9jaj30u00u0adb.jpg?KID=imgbed,tva&Expires=1770462196&ssig=wuQYEHWePg"
5263465687032139,1770420273,2026-02-06 23:24:33+08:00,QqCoicPeg,晚安好梦,0,0,1770451396399,浙江,5263465687032139,,5230769810,Alinehsy,f,https://m.weibo.cn/u/5230769810?launchid=10000360-page_H5,"https://tvax2.sinaimg.cn/crop.0.0.849.849.180/005HZMb0ly8i9uhr2avk3j30nl0nljt2.jpg?KID=imgbed,tva&Expires=1770462196&ssig=FSPM6QctCp"
5263464571345659,1770420007,2026-02-06 23:20:07+08:00,QqCoicPeg,晚安,0,0,1770451398882,广东,5263464571345659,,7812492327,你似那颗璀璨的星,f,https://m.weibo.cn/u/7812492327?launchid=10000360-page_H5,"https://tvax1.sinaimg.cn/crop.0.0.1065.1065.180/008wIq8Lly8i9poa3htx5j30tl0tlju9.jpg?KID=imgbed,tva&Expires=1770462198&ssig=wScEiZdE%2FU"
5263461526538271,1770419281,2026-02-06 23:08:01+08:00,QqCoicPeg,晚安,0,0,1770451398884,浙江,5263461526538271,,7728348457,冷冽知更-星,m,https://m.weibo.cn/u/7728348457?launchid=10000360-page_H5,"https://tvax4.sinaimg.cn/crop.0.0.1080.1080.180/008r1mtzly8i9f0r779vsj30u00u0tds.jpg?KID=imgbed,tva&Expires=1770462198&ssig=h9B2kOFSYa"
5263460300489912,1770418989,2026-02-06 23:03:09+08:00,QqCoicPeg,晚安,0,0,1770451398885,河南,5263460300489912,,7938685410,liyu_f0715,f,https://m.weibo.cn/u/7938685410?launchid=10000360-page_H5,"https://tvax3.sinaimg.cn/crop.0.0.1080.1080.180/008FfUJ4ly8i9uf7z51pdj30u00u03zr.jpg?KID=imgbed,tva&Expires=1770462198&ssig=A0S1NyJOvE"
5263458379766419,1770418531,2026-02-06 22:55:31+08:00,QqCoicPeg,晚安,0,0,1770451398886,四川,5263458379766419,,6215448829,郑_月_月_,f,https://m.weibo.cn/u/6215448829?launchid=10000360-page_H5,"https://tvax2.sinaimg.cn/crop.0.0.1080.1080.180/006MDoaFly8i9hl7rq30hj30u00u0gmy.jpg?KID=imgbed,tva&Expires=1770462198&ssig=t32QKEn7iY"
5263458322350318,1770418516,2026-02-06 22:55:16+08:00,QqCoicPeg,,0,0,1770451398887,上海,5263458322350318,,2665177402,朱长元艺术IP,m,https://m.weibo.cn/u/2665177402?launchid=10000360-page_H5,"https://tvax4.sinaimg.cn/crop.0.0.1080.1080.180/9edb613aly8hklc8bnhjnj20u00u0wii.jpg?KID=imgbed,tva&Expires=1770462198&ssig=6s2X3Wjtn3"
5263455661593074,1770417883,2026-02-06 22:44:43+08:00,QqCoicPeg,,0,0,1770451398889,广东,5263455661593074,,7440773388,七鱼安圈ovo,f,https://m.weibo.cn/u/7440773388?launchid=10000360-page_H5,"https://tvax4.sinaimg.cn/crop.0.0.1080.1080.180/0087yJ40ly8i96y1j6yanj30u00u0js7.jpg?KID=imgbed,tva&Expires=1770462198&ssig=lsF3TeQynl"
5263455615455173,1770417872,2026-02-06 22:44:32+08:00,QqCoicPeg,晚安,0,0,1770451398890,广东,5263455615455173,,7440773388,七鱼安圈ovo,f,https://m.weibo.cn/u/7440773388?launchid=10000360-page_H5,"https://tvax4.sinaimg.cn/crop.0.0.1080.1080.180/0087yJ40ly8i96y1j6yanj30u00u0js7.jpg?KID=imgbed,tva&Expires=1770462198&ssig=lsF3TeQynl"
5263455393418534,1770417819,2026-02-06 22:43:39+08:00,QqCoicPeg,晚安,0,0,1770451398891,上海,5263455393418534,,7831444315,啵文咩,f,https://m.weibo.cn/u/7831444315?launchid=10000360-page_H5,"https://tvax4.sinaimg.cn/crop.0.0.1080.1080.180/008xZWpZly8ia20fm8ny4j30u00u0n0d.jpg?KID=imgbed,tva&Expires=1770462198&ssig=7119RWERjX"
5263453132423894,1770417279,2026-02-06 22:34:39+08:00,QqCoicPeg,晚安,0,0,1770451398893,山西,5263453132423894,,7355072703,关于你的千万次想象,f,https://m.weibo.cn/u/7355072703?launchid=10000360-page_H5,"https://tvax2.sinaimg.cn/crop.0.0.1080.1080.180/0081L8oTly8i9xkuhwcntj30u00u0q6s.jpg?KID=imgbed,tva&Expires=1770462198&ssig=gHjuw9tEs0"
5263451884620630,1770416982,2026-02-06 22:29:42+08:00,QqCoicPeg,晚安,0,0,1770451398894,江苏,5263451884620630,,7545646868,猫玖_223,f,https://m.weibo.cn/u/7545646868?launchid=10000360-page_H5,"https://tvax4.sinaimg.cn/crop.0.0.996.996.180/008eELrKly8gmaiqj3jpej30ro0rodgf.jpg?KID=imgbed,tva&Expires=1770462198&ssig=jC8Fe28LZk"
5263449656920139,1770416451,2026-02-06 22:20:51+08:00,QqCoicPeg,晚安,0,0,1770451398895,江西,5263449656920139,,7906608879,DrKandF,f,https://m.weibo.cn/u/7906608879?launchid=10000360-page_H5,"https://tvax2.sinaimg.cn/crop.0.0.1080.1080.180/008D5k9Fly8i96m60xl3pj30u00u0jtb.jpg?KID=imgbed,tva&Expires=1770462198&ssig=NVnj7sYuV9"
5263448688827177,1770416220,2026-02-06 22:17:00+08:00,QqCoicPeg,晚安,0,0,1770451398896,山东,5263448688827177,,7703900795,啵极豆卷,f,https://m.weibo.cn/u/7703900795?launchid=10000360-page_H5,"https://tvax1.sinaimg.cn/crop.0.0.1080.1080.180/008pmMwrly8i3dk4ydp63j30u00u0q7t.jpg?KID=imgbed,tva&Expires=1770462198&ssig=bksPXd9FaI"
5263447855992838,1770416022,2026-02-06 22:13:42+08:00,QqCoicPeg,晚安,0,0,1770451398898,安徽,5263447855992838,,6630413696,贤在奴,f,https://m.weibo.cn/u/6630413696?launchid=10000360-page_H5,"https://tvax3.sinaimg.cn/crop.0.0.1080.1080.180/007eIxuoly8i9zlx04sczj30u00u0wgo.jpg?KID=imgbed,tva&Expires=1770462198&ssig=danZLjLCgy"
5263447365523051,1770415905,2026-02-06 22:11:45+08:00,QqCoicPeg,晚安,0,0,1770451398899,浙江,5263447365523051,,7377716850,疑是星灯落人间,f,https://m.weibo.cn/u/7377716850?launchid=10000360-page_H5,"https://tvax2.sinaimg.cn/crop.0.0.1080.1080.180/0083i9b4ly1i6l3v4ha5sj30u00u0wgs.jpg?KID=imgbed,tva&Expires=1770462198&ssig=sL1QoYMBmy"
5263447185163388,1770415862,2026-02-06 22:11:02+08:00,QqCoicPeg,晚安,0,0,1770451398900,湖北,5263447185163388,,2543893377,这一生的归属是一场大雪吗,f,https://m.weibo.cn/u/2543893377?launchid=10000360-page_H5,"https://tvax4.sinaimg.cn/crop.0.0.1080.1080.180/97a0bb81ly8i4ife17gwfj20u00u0n2g.jpg?KID=imgbed,tva&Expires=1770462198&ssig=Hw0el%2Bdg6k"
5263447044657104,1770415828,2026-02-06 22:10:28+08:00,QqCoicPeg,晚安,0,0,1770451398901,黑龙江,5263447044657104,,7551801148,杳锦吟_yi,f,https://m.weibo.cn/u/7551801148?launchid=10000360-page_H5,"https://tvax4.sinaimg.cn/crop.0.1.1078.1078.180/008f4Askly8i9n8m4rlrlj30ty0u0wgr.jpg?KID=imgbed,tva&Expires=1770462198&ssig=AO%2BefyMUHc"
5263446996160744,1770415817,2026-02-06 22:10:17+08:00,QqCoicPeg,晚安,0,0,1770451398902,云南,5263446996160744,,7594521938,Ruiiii_雪屿苒艽,m,https://m.weibo.cn/u/7594521938?launchid=10000360-page_H5,"https://tvax4.sinaimg.cn/crop.0.0.1080.1080.180/008hXQ5kly8i93syyzhu6j30u00u0dj7.jpg?KID=imgbed,tva&Expires=1770462198&ssig=lQLb7WFhxz"
5263446977287351,1770415812,2026-02-06 22:10:12+08:00,QqCoicPeg,晚安,0,0,1770451398904,湖南,5263446977287351,,6517973313,我只想要个文,f,https://m.weibo.cn/u/6517973313?launchid=10000360-page_H5,"https://tvax2.sinaimg.cn/crop.0.0.1080.1080.180/00776KBPly8i9qoo1isyzj30u00u0gnn.jpg?KID=imgbed,tva&Expires=1770462198&ssig=A6K7GUHkmc"
5263446902052134,1770415794,2026-02-06 22:09:54+08:00,QqCoicPeg,晚安,0,0,1770451398905,辽宁,5263446902052134,,5452209316,-谦杦思忆-,f,https://m.weibo.cn/u/5452209316?launchid=10000360-page_H5,"https://tvax3.sinaimg.cn/crop.0.0.1080.1080.180/005WYUHWly8i45mqm9wttj30u00u0ju7.jpg?KID=imgbed,tva&Expires=1770462198&ssig=QIKnb3CpaJ"
5263446246948946,1770415637,2026-02-06 22:07:17+08:00,QqCoicPeg,世界第一高桥，不仅是交通建设的壮举，更是当地美好发展的福音,0,0,1770451398906,云南,5263446246948946,,7314352090,江停停An,f,https://m.weibo.cn/u/7314352090?launchid=10000360-page_H5,"https://tvax4.sinaimg.cn/crop.0.0.1080.1080.180/007Z0h6Oly8i8rpd0jrllj30u00u0n2v.jpg?KID=imgbed,tva&Expires=1770462198&ssig=VFfNC4062y"
5263445922419069,1770415561,2026-02-06 22:06:01+08:00,QqCoicPeg,晚安,0,0,1770451401258,广东,5263445922419069,,7375645493,你总怪我太依赖,f,https://m.weibo.cn/u/7375645493?launchid=10000360-page_H5,"https://tvax3.sinaimg.cn/crop.0.0.1080.1080.180/00839sk5ly8i8yuq3qc6nj30u00u041n.jpg?KID=imgbed,tva&Expires=1770462201&ssig=0xJHHGRfOS"
5263445790297384,1770415529,2026-02-06 22:05:29+08:00,QqCoicPeg,晚安,0,0,1770451401259,广西,5263445790297384,,7319179320,拿鱼竿只为钓一只渝_,f,https://m.weibo.cn/u/7319179320?launchid=10000360-page_H5,"https://tvax4.sinaimg.cn/crop.0.0.1080.1080.180/007ZkwTmly8i8ks866fskj30u00u0got.jpg?KID=imgbed,tva&Expires=1770462201&ssig=XjcwrfY9K4"
5263445731311981,1770415514,2026-02-06 22:05:14+08:00,QqCoicPeg,晚安,0,0,1770451401261,湖南,5263445731311981,,5834803720,馒头养花家,f,https://m.weibo.cn/u/5834803720?launchid=10000360-page_H5,"https://tvax4.sinaimg.cn/crop.0.1.1078.1078.180/006mSeZqly8i9vkqmr3cyj30ty0u0jsk.jpg?KID=imgbed,tva&Expires=1770462201&ssig=dzGOHgRN1L"
5263445582676808,1770415480,2026-02-06 22:04:40+08:00,QqCoicPeg,晚安,0,0,1770451401262,福建,5263445582676808,,5097133628,时陌祁,f,https://m.weibo.cn/u/5097133628?launchid=10000360-page_H5,"https://tvax1.sinaimg.cn/crop.0.0.1080.1080.180/005yX3iIly8i7edc7d3jrj30u00u0gp3.jpg?KID=imgbed,tva&Expires=1770462201&ssig=89NZFmnCeT"
5263445454757448,1770415449,2026-02-06 22:04:09+08:00,QqCoicPeg,晚安好梦,0,0,1770451401263,河南,5263445454757448,,7951581280,温酒待栩,f,https://m.weibo.cn/u/7951581280?launchid=10000360-page_H5,"https://tvax4.sinaimg.cn/crop.0.0.1080.1080.180/008G81wYly8ia18y0eqf9j30u00u0jtl.jpg?KID=imgbed,tva&Expires=1770462201&ssig=3D9KEZbkJ4"
5263445281736711,1770415407,2026-02-06 22:03:27+08:00,QqCoicPeg,点赞！,0,0,1770451401264,内蒙古,5263445281736711,,6639333000,无法和非正常人交流,f,https://m.weibo.cn/u/6639333000?launchid=10000360-page_H5,"https://tvax2.sinaimg.cn/crop.0.0.1080.1080.180/007fjXO8ly8ia0rifpmu3j30u00u0gnv.jpg?KID=imgbed,tva&Expires=1770462201&ssig=lOUxJPZvDO"
5263445119470169,1770415369,2026-02-06 22:02:49+08:00,QqCoicPeg,晚安,0,0,1770451401266,江西,5263445119470169,,7604363506,若柒__,f,https://m.weibo.cn/u/7604363506?launchid=10000360-page_H5,"https://tvax4.sinaimg.cn/crop.0.0.996.996.180/008iD8kily8i7mic4da0wj30ro0rp764.jpg?KID=imgbed,tva&Expires=1770462201&ssig=ymyjVHOz7u"
5263444863358115,1770415308,2026-02-06 22:01:48+08:00,QqCoicPeg,晚安,0,0,1770451401267,广东,5263444863358115,,5853228230,Yiii_立羽,f,https://m.weibo.cn/u/5853228230?launchid=10000360-page_H5,"https://tvax2.sinaimg.cn/crop.0.0.1080.1080.180/006o7y2Wly8i7vlunmmmmj30u00u0td3.jpg?KID=imgbed,tva&Expires=1770462201&ssig=JJs5naYP8P"
5263444821411736,1770415298,2026-02-06 22:01:38+08:00,QqCoicPeg,晚安💤,0,0,1770451401269,河南,5263444821411736,,7914467488,我家猫也并非善类,f,https://m.weibo.cn/u/7914467488?launchid=10000360-page_H5,"https://tvax4.sinaimg.cn/crop.0.0.1080.1080.180/008DCixqly8ia1ue5w29vj30u00u0dj3.jpg?KID=imgbed,tva&Expires=1770462201&ssig=ZLOuo9ZBd4"
5263444802536653,1770415293,2026-02-06 22:01:33+08:00,QqCoicPeg,天堑变通途,0,0,1770451401270,山东,5263444802536653,,7795760976,守护毅美丽果果粉,m,https://m.weibo.cn/u/7795760976?launchid=10000360-page_H5,"https://tvax2.sinaimg.cn/crop.0.0.1023.1023.180/008vAdygly8he408782l0j30sg0sf75l.jpg?KID=imgbed,tva&Expires=1770462201&ssig=FzDry8nq7f"
5263444731234206,1770415277,2026-02-06 22:01:17+08:00,QqCoicPeg,晚安💤,0,0,1770451401271,山东,5263444731234206,,6466379484,鑫不极,f,https://m.weibo.cn/u/6466379484?launchid=10000360-page_H5,"https://tvax2.sinaimg.cn/crop.0.0.1080.1080.180/0073CgHily8ia01o6w2l3j30u00u0td4.jpg?KID=imgbed,tva&Expires=1770462201&ssig=cRDFjciEzh"
5263444712622044,1770415272,2026-02-06 22:01:12+08:00,QqCoicPeg,晚安💤,0,0,1770451401272,天津,5263444712622044,,7880259710,Wei_瓜子脆脆的,f,https://m.weibo.cn/u/7880259710?launchid=10000360-page_H5,"https://tvax4.sinaimg.cn/crop.0.0.1080.1080.180/008BiLx4ly8ia0135f45cj30u00u0whv.jpg?KID=imgbed,tva&Expires=1770462201&ssig=J90MHKNRyN"
5263444694533182,1770415267,2026-02-06 22:01:07+08:00,QqCoicPeg,晚安,0,0,1770451401273,福建,5263444694533182,,5940967416,小言睡不醒zl,f,https://m.weibo.cn/u/5940967416?launchid=10000360-page_H5,"https://tvax3.sinaimg.cn/crop.0.0.1000.1000.180/006u3H16ly8hwu1x7d11ij30rs0rsjth.jpg?KID=imgbed,tva&Expires=1770462201&ssig=5EkvWmHMZo"
5263444662288580,1770415259,2026-02-06 22:00:59+08:00,QqCoicPeg,晚安,0,0,1770451401274,浙江,5263444662288580,,6491542640,桂宝日记,f,https://m.weibo.cn/u/6491542640?launchid=10000360-page_H5,"https://tvax3.sinaimg.cn/crop.0.0.1080.1080.180/0075jQMEly8i755krjdp8j30u00u0mzb.jpg?KID=imgbed,tva&Expires=1770462201&ssig=FF6O5mi8NO"
5263444649709145,1770415257,2026-02-06 22:00:57+08:00,QqCoicPeg,晚安,0,0,1770451401275,贵州,5263444649709145,,7909283915,周翊然的嘉期Tz,f,https://m.weibo.cn/u/7909283915?launchid=10000360-page_H5,"https://tvax1.sinaimg.cn/crop.0.0.1080.1080.180/008Dgy3pgy1i9qphpqs1nj30u00u0tbd.jpg?KID=imgbed,tva&Expires=1770462201&ssig=N9WAdOcWA0"
5263444455466662,1770415211,2026-02-06 22:00:11+08:00,QqCoicPeg,晚安,0,0,1770451401277,湖南,5263444455466662,,7810930289,Chroin巷雨橘祎,f,https://m.weibo.cn/u/7810930289?launchid=10000360-page_H5,"https://tvax4.sinaimg.cn/crop.0.0.1080.1080.180/008wBRMBly8ia113h00r8j30u00u041l.jpg?KID=imgbed,tva&Expires=1770462201&ssig=pNqeQT7a%2BI"
5263444345360025,1770415185,2026-02-06 21:59:45+08:00,QqCoicPeg,晚安,0,0,1770451401278,广东,5263444345360025,,7656610654,小y呼噜呼噜,f,https://m.weibo.cn/u/7656610654?launchid=10000360-page_H5,"https://tvax2.sinaimg.cn/crop.0.0.1080.1080.180/008mamcely8i8wjyruq9oj30u00u0juz.jpg?KID=imgbed,tva&Expires=1770462201&ssig=ISI8K6nNe%2B"
5263444343524064,1770415184,2026-02-06 21:59:44+08:00,QqCoicPeg,晚安,0,0,1770451401279,山东,5263444343524064,,7913399210,则与酱_,f,https://m.weibo.cn/u/7913399210?launchid=10000360-page_H5,"https://tvax1.sinaimg.cn/crop.0.0.1080.1080.180/008DxOD8ly8ia19vemf1pj30u00u0myr.jpg?KID=imgbed,tva&Expires=1770462201&ssig=m7Gi%2FldeeG"
5263444279307280,1770415169,2026-02-06 21:59:29+08:00,QqCoicPeg,,0,0,1770451401281,江苏,5263444279307280,,5235023654,披萨买一送一,f,https://m.weibo.cn/u/5235023654?launchid=10000360-page_H5,"https://tvax4.sinaimg.cn/crop.0.0.1080.1080.180/005IhCNoly8i2m8klhojdj30u00u0gpw.jpg?KID=imgbed,tva&Expires=1770462201&ssig=ar9o0N6EX1"
5263444258593213,1770415164,2026-02-06 21:59:24+08:00,QqCoicPeg,晚安,0,0,1770451401283,云南,5263444258593213,,6521787147,松间河下_,f,https://m.weibo.cn/u/6521787147?launchid=10000360-page_H5,"https://tvax1.sinaimg.cn/crop.0.0.1080.1080.180/0077mKLhly8ia1x1ti8tqj30u00u0wgs.jpg?KID=imgbed,tva&Expires=1770462201&ssig=UxU2UMvZJ3"
5263443566790663,1770414999,2026-02-06 21:56:39+08:00,QqCoicPeg,晚安,0,0,1770451403661,广东,5263443566790663,,7529203594,秽笙听雨落y,f,https://m.weibo.cn/u/7529203594?launchid=10000360-page_H5,"https://tvax4.sinaimg.cn/crop.0.0.1080.1080.180/008dxLNEly8i9hkkbs766j30u00u0q5q.jpg?KID=imgbed,tva&Expires=1770462203&ssig=0gbzOx5j7p"
5263443506760510,1770414985,2026-02-06 21:56:25+08:00,QqCoicPeg,晚安,0,0,1770451403663,江苏,5263443506760510,,7804038662,关晓彤我养你啊_,f,https://m.weibo.cn/u/7804038662?launchid=10000360-page_H5,"https://tvax1.sinaimg.cn/crop.0.0.1080.1080.180/008w8WXkly8i9if6tdirhj30u00u0wh1.jpg?KID=imgbed,tva&Expires=1770462203&ssig=UTncKRK%2FCK"
5263443477403996,1770414978,2026-02-06 21:56:18+08:00,QqCoicPeg,晚安,0,0,1770451403664,湖南,5263443477403996,,7554742783,栀屿泪痣_,m,https://m.weibo.cn/u/7554742783?launchid=10000360-page_H5,"https://tvax3.sinaimg.cn/crop.0.0.1080.1080.180/008fgVI3ly8i9ycbjlyhaj30u00u0wh9.jpg?KID=imgbed,tva&Expires=1770462203&ssig=esZ062ExB4"
5263443344752730,1770414945,2026-02-06 21:55:45+08:00,QqCoicPeg,晚安,0,0,1770451403666,江苏,5263443344752730,,7902335278,学姐笑好甜,f,https://m.weibo.cn/u/7902335278?launchid=10000360-page_H5,"https://tvax3.sinaimg.cn/crop.0.0.1080.1080.180/008CNooCly8i9ubs7qekrj30u00u0whf.jpg?KID=imgbed,tva&Expires=1770462203&ssig=OOtC7F3K5o"
5263442858742757,1770414830,2026-02-06 21:53:50+08:00,QqCoicPeg,真的好棒😄😄,0,0,1770451403667,河北,5263442858742757,,7949431820,温暖小樱桃学粤语,f,https://m.weibo.cn/u/7949431820?launchid=10000360-page_H5,"https://tvax3.sinaimg.cn/crop.0.0.1080.1080.180/008FZ0mgly8i0szg52yhoj30u00u1wkf.jpg?KID=imgbed,tva&Expires=1770462203&ssig=Zk6mhzqd7W"
5263442559633045,1770414759,2026-02-06 21:52:39+08:00,QqCoicPeg,晚安,0,0,1770451403668,山东,5263442559633045,,7852948586,黑猫饲养法则,f,https://m.weibo.cn/u/7852948586?launchid=10000360-page_H5,"https://tvax1.sinaimg.cn/crop.0.0.1080.1080.180/008zsaF4ly8i9n7nfw9yvj30u00u0ae3.jpg?KID=imgbed,tva&Expires=1770462203&ssig=2CIF3%2Feupq"
5263442544167814,1770414755,2026-02-06 21:52:35+08:00,QqCoicPeg,晚安,0,0,1770451403670,吉林,5263442544167814,,7862661146,人鱼_和张凌赫同生日版,f,https://m.weibo.cn/u/7862661146?launchid=10000360-page_H5,"https://tvax1.sinaimg.cn/crop.0.0.1080.1080.180/008A6Vlgly8i9o18glrodj30u00u0myf.jpg?KID=imgbed,tva&Expires=1770462203&ssig=h7bErpA3uB"
5263442479157802,1770414740,2026-02-06 21:52:20+08:00,QqCoicPeg,点赞！,0,0,1770451403671,广东,5263442479157802,,1914536923,别揪我狐尾,f,https://m.weibo.cn/u/1914536923?launchid=10000360-page_H5,"https://tvax2.sinaimg.cn/crop.0.0.1080.1080.180/721d83dbly8i9yze7fnsij20u00u00v8.jpg?KID=imgbed,tva&Expires=1770462203&ssig=Wtjmvhtbxn"
5263442344674048,1770414707,2026-02-06 21:51:47+08:00,QqCoicPeg,晚安,0,0,1770451403672,甘肃,5263442344674048,,5815559725,有烛光,f,https://m.weibo.cn/u/5815559725?launchid=10000360-page_H5,"https://tvax3.sinaimg.cn/crop.0.0.440.440.180/006lzuKply8hwzxwenxy6j30c80c8q3d.jpg?KID=imgbed,tva&Expires=1770462203&ssig=KITHO2PUxW"
5263442001003606,1770414626,2026-02-06 21:50:26+08:00,QqCoicPeg,晚安好梦,0,0,1770451403673,山西,5263442001003606,,7861551978,娱乐小甜兔,f,https://m.weibo.cn/u/7861551978?launchid=10000360-page_H5,"https://tvax4.sinaimg.cn/crop.0.0.1080.1080.180/008A2gNsly1i6cxq1f4jaj30u00u03zq.jpg?KID=imgbed,tva&Expires=1770462203&ssig=8XlbKLjAHi"
5263441839262157,1770414587,2026-02-06 21:49:47+08:00,QqCoicPeg,晚安,0,0,1770451403675,河北,5263441839262157,,7569058354,残存美梦,f,https://m.weibo.cn/u/7569058354?launchid=10000360-page_H5,"https://tvax4.sinaimg.cn/crop.0.0.1080.1080.180/008geZQmly8i9u76ay8zjj30u00u0n11.jpg?KID=imgbed,tva&Expires=1770462203&ssig=4%2BoVdowe3q"
5263441811996986,1770414580,2026-02-06 21:49:40+08:00,QqCoicPeg,晚安,0,0,1770451403676,广东,5263441811996986,,5242006812,·蛋炒米糕·,f,https://m.weibo.cn/u/5242006812?launchid=10000360-page_H5,"https://tvax1.sinaimg.cn/crop.0.0.512.512.180/005IKVqYly8hmiutkde9qj30e80e83yo.jpg?KID=imgbed,tva&Expires=1770462203&ssig=zbb9cOxztP"
5263441600185707,1770414530,2026-02-06 21:48:50+08:00,QqCoicPeg,太厉害啦,0,0,1770451403676,北京,5263441600185707,,1196811497,吃货很快乐g,f,https://m.weibo.cn/u/1196811497?launchid=10000360-page_H5,"https://tvax1.sinaimg.cn/crop.0.0.1080.1080.180/4755e4e9ly8i9kq547t9qj20u00u0ace.jpg?KID=imgbed,tva&Expires=1770462203&ssig=bShfsiQlRO"
5263441579219309,1770414525,2026-02-06 21:48:45+08:00,QqCoicPeg,晚安,0,0,1770451403678,广东,5263441579219309,,7799703927,淮尤桅刈,f,https://m.weibo.cn/u/7799703927?launchid=10000360-page_H5,"https://tvax2.sinaimg.cn/crop.0.0.1080.1080.180/008vQLifly8i9cpkf9wfnj30u00u0n1f.jpg?KID=imgbed,tva&Expires=1770462203&ssig=%2BfEgwctH%2F7"
5263441575283786,1770414524,2026-02-06 21:48:44+08:00,QqCoicPeg,为祖国点赞,0,0,1770451403679,福建,5263441575283786,,7055357333,你的皮炎有点辣,m,https://m.weibo.cn/u/7055357333?launchid=10000360-page_H5,"https://tvax2.sinaimg.cn/crop.0.0.1080.1080.180/007HtyK1ly8i9xpl4yhc4j30u00u078n.jpg?KID=imgbed,tva&Expires=1770462203&ssig=QAfgL4kVcf"
5263441441063725,1770414491,2026-02-06 21:48:11+08:00,QqCoicPeg,晚安,0,0,1770451403680,北京,5263441441063725,,6010728269,混沌黑蔷薇,m,https://m.weibo.cn/u/6010728269?launchid=10000360-page_H5,"https://tvax3.sinaimg.cn/crop.0.0.1080.1080.180/006yMp09ly8hwrqfjzn85j30u00u0wi3.jpg?KID=imgbed,tva&Expires=1770462203&ssig=xa2hSJT6yq"
5263441384180960,1770414479,2026-02-06 21:47:59+08:00,QqCoicPeg,晚安,0,0,1770451403682,四川,5263441384180960,,7267224369,冰旗凌味的布布811,f,https://m.weibo.cn/u/7267224369?launchid=10000360-page_H5,"https://tvax1.sinaimg.cn/crop.0.1.1078.1078.180/007VOx2hly8i8e4g0mqegj30ty0u0gns.jpg?KID=imgbed,tva&Expires=1770462203&ssig=YgWJAJQL0B"
5263441117839440,1770414414,2026-02-06 21:46:54+08:00,QqCoicPeg,,0,0,1770451403682,贵州,5263441117839440,,7052906267,Luminary_17,f,https://m.weibo.cn/u/7052906267?launchid=10000360-page_H5,"https://tvax3.sinaimg.cn/crop.0.0.960.960.180/007Hjh6Hly8hqllmylrdkj30qo0qo76e.jpg?KID=imgbed,tva&Expires=1770462203&ssig=nPyX11RGyB"
5263698029709871,1770475668,2026-02-07 14:47:48+08:00,QqCoicPeg,中国基建遥遥领先,0,0,1770451403684,四川,5263698029709871,,7915790490,用户7915790490,m,https://m.weibo.cn/u/7915790490?launchid=10000360-page_H5,"https://tvax1.sinaimg.cn/crop.0.0.1080.1080.180/008DHQIaly8i2sobyx0uej30u00u00uw.jpg?KID=imgbed,tva&Expires=1770462203&ssig=RA9hBuLP7f"
5263677628353738,1770470804,2026-02-07 13:26:44+08:00,QqCoicPeg,善良，让我们有一颗赤子之心。所以不仅你要善良，找对象，尽量找善良的人。这个世界不停地在变换，唯独赤子之心，一如既往。,0,0,1770451403685,河北,5263677628353738,,7702721906,祎只小羊l張易,f,https://m.weibo.cn/u/7702721906?launchid=10000360-page_H5,"https://tvax4.sinaimg.cn/crop.0.0.1080.1080.180/008phPQ6ly8ia0w84kmjuj30u00u0tak.jpg?KID=imgbed,tva&Expires=1770462203&ssig=uG7UgNMn5g"
5263633791061075,1770460352,2026-02-07 10:32:32+08:00,QqCoicPeg,,0,0,1770451406071,黑龙江,5263633791061075,,2817248093,哆啦A梦雪球计划,m,https://m.weibo.cn/u/2817248093?launchid=10000360-page_H5,"https://tvax3.sinaimg.cn/crop.0.0.996.996.180/a7ebcb5dly8ftv6z9q7noj20ro0rot9w.jpg?KID=imgbed,tva&Expires=1770462206&ssig=Q3qZgDN%2Fza"
5263601973594218,1770452766,2026-02-07 08:26:06+08:00,QqCoicPeg,晚安好梦,0,0,1770451406072,山西,5263601973594218,,5098251400,juujiyiiz_重逢旧祎,f,https://m.weibo.cn/u/5098251400?launchid=10000360-page_H5,"https://tvax2.sinaimg.cn/crop.0.0.1080.1080.180/005z1K5ily8ia0xjpl1i8j30u00u041o.jpg?KID=imgbed,tva&Expires=1770462206&ssig=iYynAgw%2BGx"
5263576568168903,1770446709,2026-02-07 06:45:09+08:00,QqCoicPeg,,0,0,1770451406074,河南,5263576568168903,,2983576603,占木司,m,https://m.weibo.cn/u/2983576603?launchid=10000360-page_H5,"https://tva4.sinaimg.cn/crop.0.128.1024.1024.180/b1d5c41bjw8e8tow0i0fmj20sg0zkad3.jpg?KID=imgbed,tva&Expires=1770462206&ssig=AkeGNuxHNA"
5263565876888237,1770444160,2026-02-07 06:02:40+08:00,QqCoicPeg,,0,0,1770451406074,河南,5263565876888237,,2445389121,小幸运仙女,f,https://m.weibo.cn/u/2445389121?launchid=10000360-page_H5,"https://tvax1.sinaimg.cn/crop.0.0.1080.1080.180/91c1ad41ly8h55f3m4slkj20u00u00vx.jpg?KID=imgbed,tva&Expires=1770462206&ssig=EIJ3XgC9JO"
5263510961652262,1770431067,2026-02-07 02:24:27+08:00,QqCoicPeg,转发微博,0,0,1770451406076,中国台湾,5263510961652262,,1868054300,華哥紙雕塑,m,https://m.weibo.cn/u/1868054300?launchid=10000360-page_H5,"https://tvax1.sinaimg.cn/crop.0.77.363.363.180/6f583f1cly8fz8pl9roqxj20a30dcmy1.jpg?KID=imgbed,tva&Expires=1770462206&ssig=RpD%2Fd%2BRe8L"
5263478096922815,1770423232,2026-02-07 00:13:52+08:00,QqCoicPeg,早上好,0,0,1770451406077,重庆,5263478096922815,,3241233650,翱翔中的鹰501798,f,https://m.weibo.cn/u/3241233650?launchid=10000360-page_H5,"https://tvax4.sinaimg.cn/crop.0.0.720.720.180/c1314cf2ly8fh0vp8usfsj20k00k0q5c.jpg?KID=imgbed,tva&Expires=1770462206&ssig=%2BE417Plp74"
5263469529268671,1770421188,2026-02-06 23:39:48+08:00,QqCoicPeg,转发微博,0,0,1770451406079,河南,5263469529268671,,5280475310,我从江南来1993,f,https://m.weibo.cn/u/5280475310?launchid=10000360-page_H5,"https://tvax3.sinaimg.cn/crop.145.0.580.580.180/005LmkQCly1fre358o4uyj30o60g4n0q.jpg?KID=imgbed,tva&Expires=1770462206&ssig=LQ0oYGHTPq"
5263469316149107,1770421138,2026-02-06 23:38:58+08:00,QqCoicPeg,转发微博,0,0,1770451406080,河南,5263469316149107,,5454111783,我从江南来1999,m,https://m.weibo.cn/u/5454111783?launchid=10000360-page_H5,"https://tvax4.sinaimg.cn/crop.297.37.444.444.180/005X6TCTly8ftvgfkdwo7j30m80drjsp.jpg?KID=imgbed,tva&Expires=1770462206&ssig=w8EEbRGTm2"
5263469302781406,1770421135,2026-02-06 23:38:55+08:00,QqCoicPeg,晚安,0,0,1770451406081,广东,5263469302781406,,7782756947,紫奥义,f,https://m.weibo.cn/u/7782756947?launchid=10000360-page_H5,"https://tvax4.sinaimg.cn/crop.0.0.1080.1080.180/008uHEBRly8i655ir1wwjj30u00u0n03.jpg?KID=imgbed,tva&Expires=1770462206&ssig=Su%2BosHRrwV"
5263464691929155,1770420036,2026-02-06 23:20:36+08:00,QqCoicPeg,晚安,0,0,1770451406083,河南,5263464691929155,,2578122880,lixiaoxiao_90,m,https://m.weibo.cn/u/2578122880?launchid=10000360-page_H5,"https://tvax4.sinaimg.cn/crop.0.0.996.996.180/99ab0880ly8gghq5d62vwj20ro0rojux.jpg?KID=imgbed,tva&Expires=1770462206&ssig=IGpL0UzuaZ"
5263462285444500,1770419461,2026-02-06 23:11:01+08:00,QqCoicPeg,晚安,0,0,1770451406084,安徽,5263462285444500,,6619629368,慕知鸢尾,f,https://m.weibo.cn/u/6619629368?launchid=10000360-page_H5,"https://tvax4.sinaimg.cn/crop.0.0.1080.1080.180/007dZhZCly8i5nvlvodhyj30u00u0jvf.jpg?KID=imgbed,tva&Expires=1770462206&ssig=0lwlmExaVI"
5263461227434811,1770419210,2026-02-06 23:06:50+08:00,QqCoicPeg,晚安,0,0,1770451406085,山西,5263461227434811,,7858225858,春栀吟寄语,f,https://m.weibo.cn/u/7858225858?launchid=10000360-page_H5,"https://tvax2.sinaimg.cn/crop.0.0.1080.1080.180/008zOjwmly8i319zwn6fxj30u00u0dj5.jpg?KID=imgbed,tva&Expires=1770462206&ssig=eXFEn0GDfr"
5263460567093684,1770419052,2026-02-06 23:04:12+08:00,QqCoicPeg,,0,0,1770451406086,北京,5263460567093684,,5708101974,冬子6699,m,https://m.weibo.cn/u/5708101974?launchid=10000360-page_H5,"https://tvax4.sinaimg.cn/crop.0.0.704.704.180/006eiC4Sly8h9vxktrgtbj30jk0jkmyp.jpg?KID=imgbed,tva&Expires=1770462206&ssig=fj2%2BqCKqVy"
5263460200878842,1770418965,2026-02-06 23:02:45+08:00,QqCoicPeg,丰收节秋分，农业焕新民。太平今古，气象文郁中华神。绿水青山金蕴，五谷丰登岁稔，尧舜尽俗淳！万年文明领，四海五洲亲。          多壮志，日月换，遍地殷。千秋伟擘，命运一体宇寰真。笑语年光函养，创世英雄朝暮，康乐九州村。生态自然裕，统帅万国勤。,0,0,1770451406087,河北,5263460200878842,,7831276378,颖祥五四,m,https://m.weibo.cn/u/7831276378?launchid=10000360-page_H5,"https://tvax1.sinaimg.cn/crop.0.0.1080.1080.180/008xZeJkly8hd3p4o6am8j30u00u043h.jpg?KID=imgbed,tva&Expires=1770462206&ssig=R3yUTncHeI"
5263459329770246,1770418756,2026-02-06 22:59:16+08:00,QqCoicPeg,,0,0,1770451406089,四川,5263459329770246,,6358687142,风里百合火夕,f,https://m.weibo.cn/u/6358687142?launchid=10000360-page_H5,"https://tvax4.sinaimg.cn/crop.0.0.1080.1080.180/006Wkp02ly8i0tcasceatj30u00u0jsh.jpg?KID=imgbed,tva&Expires=1770462206&ssig=WSdTRDsGC7"
5263457251494888,1770418262,2026-02-06 22:51:02+08:00,QqCoicPeg,晚安,0,0,1770451406090,黑龙江,5263457251494888,,2507821781,浩浩乎平沙无垠,f,https://m.weibo.cn/u/2507821781?launchid=10000360-page_H5,"https://tva1.sinaimg.cn/crop.162.0.972.972.180/957a52d5jw8e9pczgvdhuj21000r0wmm.jpg?KID=imgbed,tva&Expires=1770462206&ssig=7iSC6vdw6B"
5263456788021913,1770418150,2026-02-06 22:49:10+08:00,QqCoicPeg,,0,0,1770451406092,广西,5263456788021913,,6546610326,典典96997,f,https://m.weibo.cn/u/6546610326?launchid=10000360-page_H5,"https://tvax2.sinaimg.cn/crop.0.0.996.996.180/00792Up8ly8gsfs8cy38oj30ro0ron0y.jpg?KID=imgbed,tva&Expires=1770462206&ssig=aJh2e7lD9y"
5263456316163512,1770418039,2026-02-06 22:47:19+08:00,QqCoicPeg,善良是人性光辉中最温暖、最美丽、最让人感动的一缕，有了善良的品性，就有真心爱父母、爱他人、爱自然的基础和可能。善良的人，就象一盏明灯，既照亮了周围的人，也温暖了自己，善良无须灌输和强迫，只会相互感染和传播。 ,0,0,1770451406093,湖南,5263456316163512,,7747993207,常伴DoReMI,m,https://m.weibo.cn/u/7747993207?launchid=10000360-page_H5,"https://tvax1.sinaimg.cn/crop.0.0.1080.1080.180/008slMYnly8i9fz2w32rnj30u00u0q5a.jpg?KID=imgbed,tva&Expires=1770462206&ssig=LmE65Xs5cd"
5263456169103544,1770418004,2026-02-06 22:46:44+08:00,QqCoicPeg,晚安,0,0,1770451406094,北京,5263456169103544,,2794409375,有一点悠闲,f,https://m.weibo.cn/u/2794409375?launchid=10000360-page_H5,"https://tvax2.sinaimg.cn/crop.0.0.960.960.180/a68f4d9fly8i0403y6brbj20qo0qoq5u.jpg?KID=imgbed,tva&Expires=1770462206&ssig=%2BarXwF2tbI"
5263454929947216,1770417708,2026-02-06 22:41:48+08:00,QqCoicPeg,,0,0,1770451408557,山东,5263454929947216,,7333352669,走走停停闲不住,m,https://m.weibo.cn/u/7333352669?launchid=10000360-page_H5,"https://tvax1.sinaimg.cn/default/images/default_avatar_male_180.gif?KID=imgbed,tva&Expires=1770462208&ssig=HuC13CFlWA"
5263657407612603,1770465983,2026-02-07 12:06:23+08:00,QqHBwcs5c,最可爱的人！,0,0,1770451415164,四川,5263657407612603,,2614430351,悠悠乡间小路,m,https://m.weibo.cn/u/2614430351?launchid=10000360-page_H5,"https://tvax1.sinaimg.cn/crop.0.0.600.600.180/9bd50a8fly8i4jgrnzckij20go0goadw.jpg?KID=imgbed,tva&Expires=1770462215&ssig=RWcINEFMbQ"
5263696896985568,1770475398,2026-02-07 14:43:18+08:00,QqGrFjSuY,,0,0,1770451444856,山东,5263696896985568,,2245183591,catying禾小页,f,https://m.weibo.cn/u/2245183591?launchid=10000360-page_H5,"https://tva2.sinaimg.cn/crop.0.0.180.180.180/85d2c867jw1e8qgp5bmzyj2050050aa8.jpg?KID=imgbed,tva&Expires=1770462245&ssig=ulzHGZ5%2Buk"
5263697707796148,1770475590,2026-02-07 14:46:30+08:00,QqGrFjSuY,👍,0,0,1770451444857,山东,5263697707796148,,5042423144,我家的甜橙树,m,https://m.weibo.cn/u/5042423144?launchid=10000360-page_H5,"https://tva4.sinaimg.cn/crop.0.0.749.749.180/005vfuByjw8exlwo7rqe4j30ku0kt0uw.jpg?KID=imgbed,tva&Expires=1770462245&ssig=24ZETRWvAX"
5263598353909995,1770451903,2026-02-07 08:11:43+08:00,QqGrFjSuY,,0,0,1770451444859,山东,5263598353909995,,1904991651,云锦织星河,f,https://m.weibo.cn/u/1904991651?launchid=10000360-page_H5,"https://tva4.sinaimg.cn/crop.218.0.270.270.180/718bdda3tw1eo0zy1u5quj20dw07i3zq.jpg?KID=imgbed,tva&Expires=1770462245&ssig=YnN6VCt6vJ"
5263657991934477,1770466122,2026-02-07 12:08:42+08:00,QqHMtwsFQ,,0,0,1770451451455,黑龙江,5263657991934477,,2817248093,哆啦A梦雪球计划,m,https://m.weibo.cn/u/2817248093?launchid=10000360-page_H5,"https://tvax3.sinaimg.cn/crop.0.0.996.996.180/a7ebcb5dly8ftv6z9q7noj20ro0rot9w.jpg?KID=imgbed,tva&Expires=1770462251&ssig=awYcOiNo4A"
5263668482672317,1770468623,2026-02-07 12:50:23+08:00,QqHMtwsFQ,,0,0,1770451451457,河南,5263668482672317,,6914287703,塞上听吹笛_,f,https://m.weibo.cn/u/6914287703?launchid=10000360-page_H5,"https://tvax4.sinaimg.cn/crop.0.0.1080.1080.180/007xVE5ply8hql36dcucmj30u00u0wha.jpg?KID=imgbed,tva&Expires=1770462251&ssig=GFaqxcY1%2Fk"
5263651131100427,1770464486,2026-02-07 11:41:26+08:00,QqHMtwsFQ,午安,0,0,1770451451458,辽宁,5263651131100427,,6112380692,超级喜欢吃螺蛳粉111,f,https://m.weibo.cn/u/6112380692?launchid=10000360-page_H5,"https://tvax4.sinaimg.cn/crop.0.180.1080.1080.180/006FEVrmly8i9w9rax9usj30u01407ab.jpg?KID=imgbed,tva&Expires=1770462251&ssig=Y8MeYLY0u%2F"
5263683279915208,1770472151,2026-02-07 13:49:11+08:00,QqICYFVRP,题材不同比啥比，来看生命树,12,863,1770451510974,江西,5263683279915208,https://wx3.sinaimg.cn/large/006bW9YNgy1ia1ysbpzbyj31n226r4qp.jpg,5673198077,咦易咦吁啊,f,https://m.weibo.cn/u/5673198077?launchid=10000360-page_H5,"https://tvax3.sinaimg.cn/crop.0.0.1080.1080.180/006bW9YNly8hf9gfi5voyj30u00u0ad8.jpg?KID=imgbed,tva&Expires=1770462311&ssig=6rPDgApisz"
5263686492225834,1770472916,2026-02-07 14:01:56+08:00,QqICYFVRP,题材不同 来看生命树,3,521,1770451510976,吉林,5263686492225834,https://wx1.sinaimg.cn/large/008BDBVkly1ia1z5jk3hqj30u0190dqa.jpg,7885227662,旎的yao,m,https://m.weibo.cn/u/7885227662?launchid=10000360-page_H5,"https://tvax1.sinaimg.cn/crop.0.0.1080.1080.180/008BDBVkly8i9xsgdiphjj30u00u043t.jpg?KID=imgbed,tva&Expires=1770462311&ssig=c09zAO%2F5v4"
5263681998815764,1770471845,2026-02-07 13:44:05+08:00,QqICYFVRP,题材不同不比较哈，欢迎来看成何体统,9,292,1770451510977,江苏,5263681998815764,https://wx1.sinaimg.cn/large/006uRZgogy1ia1yn13lw4j30u00u0jur.jpg,5952953956,Sy_yf_1_6,f,https://m.weibo.cn/u/5952953956?launchid=10000360-page_H5,"https://tvax4.sinaimg.cn/crop.0.0.1080.1080.180/006uRZgoly8i6ux3k30wfj30u00u0wip.jpg?KID=imgbed,tva&Expires=1770462311&ssig=tvBzD3wuru"
5263686220644522,1770472851,2026-02-07 14:00:51+08:00,QqICYFVRP,题材不同受众不同拒绝攀比，欢迎今晚收看《生命树》,0,264,1770451510979,广西,5263686220644522,,7274138422,輓月_1106,f,https://m.weibo.cn/u/7274138422?launchid=10000360-page_H5,"https://tvax3.sinaimg.cn/crop.0.0.1080.1080.180/007WhxHgly8i71sz2u3lzj30u00u041r.jpg?KID=imgbed,tva&Expires=1770462311&ssig=bekyxK0XVU"
5263682701627496,1770472013,2026-02-07 13:46:53+08:00,QqICYFVRP,古偶受众广，但成何体统也确实好看,0,14,1770451510980,北京,5263682701627496,,7907901075,我本善良ovo,f,https://m.weibo.cn/u/7907901075?launchid=10000360-page_H5,"https://tvax4.sinaimg.cn/crop.0.0.1080.1080.180/008DaKjxly8i51qcyyl20j30u00u1juh.jpg?KID=imgbed,tva&Expires=1770462311&ssig=DqN6iywSt%2B"
5263682155321116,1770471883,2026-02-07 13:44:43+08:00,QqICYFVRP,成何体统是真的好看,0,13,1770451510982,重庆,5263682155321116,,1967765881,hey-yours,f,https://m.weibo.cn/u/1967765881?launchid=10000360-page_H5,"https://tva4.sinaimg.cn/crop.0.0.180.180.180/7549b979jw1e8qgp5bmzyj2050050aa8.jpg?KID=imgbed,tva&Expires=1770462311&ssig=o%2F4EZwJMB1"
5263686730254199,1770472974,2026-02-07 14:02:54+08:00,QqICYFVRP,生命树值得反复观看,1,190,1770451510983,河北,5263686730254199,,6384173660,可以有小任性的可怜鬼,f,https://m.weibo.cn/u/6384173660?launchid=10000360-page_H5,"https://tvax1.sinaimg.cn/crop.0.0.414.414.180/006Y3lcUly8hiv0arfhfgj30bi0bit8t.jpg?KID=imgbed,tva&Expires=1770462311&ssig=%2FK%2BTacTgl4"
5263687422313777,1770473139,2026-02-07 14:05:39+08:00,QqICYFVRP,没关系啊，三部剧可以同时看，支持杨紫新剧，也支持楚然新剧，某家别太着急,18,124,1770451510984,四川,5263687422313777,https://wx4.sinaimg.cn/large/006wEywWgy1ia1z9gpbxxj30u01ucn2e.jpg,5979305602,给yrh喂茶叶蛋,f,https://m.weibo.cn/u/5979305602?launchid=10000360-page_H5,"https://tvax4.sinaimg.cn/crop.0.0.1080.1080.180/006wEywWly8hf2lk7so6kj30u00u1q89.jpg?KID=imgbed,tva&Expires=1770462311&ssig=km8YoJqfpM"
5263680864522555,1770471575,2026-02-07 13:39:35+08:00,QqICYFVRP,嘿！你也在关注“生命树”吗？快戳生命树主演进入专题页查看并关注相关博主吧，包含@杨紫 、@胡歌 等8位博主哦，热门精彩内容不错过！,1,132,1770451510985,,5263680864522555,https://wx2.sinaimg.cn/large/008Jf2qjly1i981ky3cqfj30ji06sgoj.jpg,5406006781,微博电视剧,m,https://m.weibo.cn/u/5406006781?launchid=10000360-page_H5,"https://tvax1.sinaimg.cn/crop.0.0.180.180.180/005TR3jLly8i2lpl2ell1j6050050q2v02.jpg?KID=imgbed,tva&Expires=1770462311&ssig=hSaG2pbATi"
5263683665266439,1770472243,2026-02-07 13:50:43+08:00,QqICYFVRP,题材不同好不。。。。和长相思或沉香如屑或香蜜比，才合理吧,5,111,1770451510986,广东,5263683665266439,,1703863844,VUVU,f,https://m.weibo.cn/u/1703863844?launchid=10000360-page_H5,"https://tvax3.sinaimg.cn/crop.0.0.996.996.180/658ee624ly8gssijfp53ej20ro0ro75c.jpg?KID=imgbed,tva&Expires=1770462311&ssig=zS%2BIzCdUlp"
5263684817652751,1770472518,2026-02-07 13:55:18+08:00,QqICYFVRP,诶嘿，三家都没上当，挑拨不起来呢,3,89,1770451510988,河南,5263684817652751,,7849597672,努努家生态农场,f,https://m.weibo.cn/u/7849597672?launchid=10000360-page_H5,"https://tvax3.sinaimg.cn/crop.0.0.1080.1080.180/008ze6W4ly8hfx9dmixtpj30u00u0448.jpg?KID=imgbed,tva&Expires=1770462311&ssig=gi7BkagmBt"
5263681713604188,1770471778,2026-02-07 13:42:58+08:00,QqICYFVRP,来看我们成何体统 美美的庾晚音在等你,13,41,1770451510989,四川,5263681713604188,https://wx2.sinaimg.cn/large/008ey0Megy1ia1ylq55ggj31jk2231ho.jpg,7544037502,船乃兔也-,f,https://m.weibo.cn/u/7544037502?launchid=10000360-page_H5,"https://tvax3.sinaimg.cn/crop.0.0.1024.1024.180/008ey0Mely8ia0ta2r6b4j30sg0sg75v.jpg?KID=imgbed,tva&Expires=1770462311&ssig=wzQayCcR6M"
5263681337690700,1770471688,2026-02-07 13:41:28+08:00,QqICYFVRP,成何体统确实挺好看,0,69,1770451510990,甘肃,5263681337690700,,2657013825,良娕seven,f,https://m.weibo.cn/u/2657013825?launchid=10000360-page_H5,"https://tvax2.sinaimg.cn/crop.0.0.1080.1080.180/9e5ed041ly8htgdsqaniwj20u00u0n17.jpg?KID=imgbed,tva&Expires=1770462311&ssig=%2Bh02Je6VIA"
5263688388313871,1770473369,2026-02-07 14:09:29+08:00,QqICYFVRP,欢迎来看生命树！,0,38,1770451510992,湖南,5263688388313871,https://wx4.sinaimg.cn/large/e2a61634gy1ia1zdfihyzj20qo140aiy.jpg,3802535476,为杨紫而下载的微博,f,https://m.weibo.cn/u/3802535476?launchid=10000360-page_H5,"https://tvax2.sinaimg.cn/crop.0.0.1080.1080.180/e2a61634ly8i9ivohps7pj20u00u0q64.jpg?KID=imgbed,tva&Expires=1770462311&ssig=fs4zttpJl8"
5263684400056521,1770472418,2026-02-07 13:53:38+08:00,QqICYFVRP,有什么好比的，题材都不一样，,0,37,1770451510993,重庆,5263684400056521,,3649764221,在你心中留下最美好的回忆,f,https://m.weibo.cn/u/3649764221?launchid=10000360-page_H5,"https://tvax4.sinaimg.cn/crop.0.0.1080.1080.180/d98afb7dly8hqbureqkqpj20u00u00zi.jpg?KID=imgbed,tva&Expires=1770462311&ssig=IkXw8zUflt"
5263690099589198,1770473776,2026-02-07 14:16:16+08:00,QqICYFVRP,题材不同比啥呢 来看成何体统啊 轻松下饭🤣,2,20,1770451510995,四川,5263690099589198,https://wx3.sinaimg.cn/large/00668O2ugy1ia1zkino9kj33kk4rfnpj.jpg,5587553986,小梨真好吃,f,https://m.weibo.cn/u/5587553986?launchid=10000360-page_H5,"https://tvax3.sinaimg.cn/crop.0.0.960.960.180/00668O2uly8i9vzztq5w8j30qo0qotal.jpg?KID=imgbed,tva&Expires=1770462311&ssig=7jrO2%2FGlXm"
5263683883895583,1770472295,2026-02-07 13:51:35+08:00,QqICYFVRP,大家都好理智，没挑起来,0,30,1770451510996,江苏,5263683883895583,,6268735684,用户6268735684,f,https://m.weibo.cn/u/6268735684?launchid=10000360-page_H5,"https://tvax1.sinaimg.cn/crop.0.0.1023.1023.180/006QeYw4ly8hrv2o7oh65j30sg0sfn0r.jpg?KID=imgbed,tva&Expires=1770462311&ssig=wiz1HCjrSU"
5263702227945865,1770476669,2026-02-07 15:04:29+08:00,QqICYFVRP,题材不同，喜欢看啥就看啥，欢迎大家来品鉴实景震撼、制作精良的《生命树》,0,18,1770451510998,广东,5263702227945865,,7327023860,林祎凯的马群耀,f,https://m.weibo.cn/u/7327023860?launchid=10000360-page_H5,"https://tvax1.sinaimg.cn/crop.0.0.334.334.180/007ZRrCcly8h1k3oqc3nnj309a09aweh.jpg?KID=imgbed,tva&Expires=1770462311&ssig=0YvcJq2BOj"
5263689264925334,1770473578,2026-02-07 14:12:58+08:00,QqICYFVRP,题材不同 只知道生命树非常好看 查看图片,0,5,1770451510999,浙江,5263689264925334,https://wx1.sinaimg.cn/large/008xJ8Bcgy1ia1zh1hgksj30u01hd4es.jpg,7827439562,奥岛岛主,m,https://m.weibo.cn/u/7827439562?launchid=10000360-page_H5,"https://tvax2.sinaimg.cn/crop.0.0.1080.1080.180/008xJ8Bcly8i9ioj2i3qoj30u00u0q4w.jpg?KID=imgbed,tva&Expires=1770462311&ssig=8dGMpvwBDH"
5263699753569797,1770476079,2026-02-07 14:54:39+08:00,QqICYFVRP,欢迎来看生命树！,0,9,1770451511001,河北,5263699753569797,https://wx2.sinaimg.cn/large/a8b00d0dly1ia20ogd51ej20qo1bfaqo.jpg,2830109965,望川秋水无法,f,https://m.weibo.cn/u/2830109965?launchid=10000360-page_H5,"https://tvax2.sinaimg.cn/crop.0.1.1078.1078.180/a8b00d0dly8i56in665r1j20ty0u0n26.jpg?KID=imgbed,tva&Expires=1770462311&ssig=0wMv0wNxFA"
5263689179464537,1770473557,2026-02-07 14:12:37+08:00,QqICYFVRP,哎呀哎呀，别比了，支持成何体统，也可以来看看我们生命树,1,21,1770451511002,广西,5263689179464537,https://wx2.sinaimg.cn/large/006r4mDogy1ia1zgp8avuj30u00l9455.jpg,5896798386,奥奥的头号情人,f,https://m.weibo.cn/u/5896798386?launchid=10000360-page_H5,"https://tvax1.sinaimg.cn/crop.0.0.1080.1080.180/006r4mDoly8hdt9388f2mj30u00u0n13.jpg?KID=imgbed,tva&Expires=1770462311&ssig=0AgZ0W%2Ba4r"
5263685792825469,1770472749,2026-02-07 13:59:09+08:00,QqICYFVRP,题材不同不比较哈，欢迎来看成何体统,1,20,1770451511004,广东,5263685792825469,https://wx2.sinaimg.cn/large/74c0e4efgy1ia1z2ppzg7j20ju0zk75p.jpg,1958798575,奇犽-gogo,f,https://m.weibo.cn/u/1958798575?launchid=10000360-page_H5,"https://tvax4.sinaimg.cn/crop.0.0.512.512.180/74c0e4efly8i3ys3cezv6j20e80e8aar.jpg?KID=imgbed,tva&Expires=1770462311&ssig=a5ISjHAtsI"
5263695757967976,1770475126,2026-02-07 14:38:46+08:00,QqICYFVRP,生命树夯爆了,0,0,1770451564603,湖北,5263683279915208,,7938187193,热爱自由和风,f,https://m.weibo.cn/u/7938187193?launchid=10000360-page_H5,"https://tvax1.sinaimg.cn/crop.0.0.1080.1080.180/008FdP7jly8i9jx3qknbhj30u00u0q5h.jpg?KID=imgbed,tva&Expires=1770462311&ssig=5N71WzO063"
5263704000039110,1770477091,2026-02-07 15:11:31+08:00,QqICYFVRP,题材相同我也支持生命树,0,0,1770451564605,河北,5263683279915208,,7911987845,用户7911987845,m,https://m.weibo.cn/u/7911987845?launchid=10000360-page_H5,"https://tvax1.sinaimg.cn/default/images/default_avatar_male_180.gif?KID=imgbed,tva&Expires=1770462311&ssig=BLsdGHg5Ts"
5263689575302206,1770473652,2026-02-07 14:14:12+08:00,QqICYFVRP,@追剧大赏,0,0,1770451564607,吉林,5263686492225834,,7885227662,旎的yao,m,https://m.weibo.cn/u/7885227662?launchid=10000360-page_H5,"https://tvax1.sinaimg.cn/crop.0.0.1080.1080.180/008BDBVkly8i9xsgdiphjj30u00u043t.jpg?KID=imgbed,tva&Expires=1770462311&ssig=c09zAO%2F5v4"
5263711283447193,1770478828,2026-02-07 15:40:28+08:00,QqICYFVRP,生命树喜剧来的，轻松搞笑!,0,0,1770451564608,天津,5263686492225834,,7507312313,老天爷的紫萱,f,https://m.weibo.cn/u/7507312313?launchid=10000360-page_H5,"https://tvax4.sinaimg.cn/crop.0.0.1080.1080.180/008c3UStly8hmthtwdiu4j30u00u0gr8.jpg?KID=imgbed,tva&Expires=1770462311&ssig=C5o6qx6Jfx"
5263682104986763,1770471871,2026-02-07 13:44:31+08:00,QqICYFVRP,@追剧大赏,0,0,1770451564609,江苏,5263681998815764,,5952953956,Sy_yf_1_6,f,https://m.weibo.cn/u/5952953956?launchid=10000360-page_H5,"https://tvax4.sinaimg.cn/crop.0.0.1080.1080.180/006uRZgoly8i6ux3k30wfj30u00u0wip.jpg?KID=imgbed,tva&Expires=1770462311&ssig=tvBzD3wuru"
5263711346360800,1770478842,2026-02-07 15:40:42+08:00,QqICYFVRP,生命树好看的!,0,0,1770451564610,天津,5263686730254199,,7507312313,老天爷的紫萱,f,https://m.weibo.cn/u/7507312313?launchid=10000360-page_H5,"https://tvax4.sinaimg.cn/crop.0.0.1080.1080.180/008c3UStly8hmthtwdiu4j30u00u0gr8.jpg?KID=imgbed,tva&Expires=1770462311&ssig=C5o6qx6Jfx"
5263710328982596,1770478600,2026-02-07 15:36:40+08:00,QqICYFVRP,两大女顶打架受伤的是我们小糊糊互相打低分得了干嘛带上chtt,0,0,1770451564612,安徽,5263687422313777,,7806056266,流泪猫猫头_想回家版,m,https://m.weibo.cn/u/7806056266?launchid=10000360-page_H5,"https://tvax2.sinaimg.cn/crop.0.0.1080.1080.180/008whpPkly8i0sdqdxaa2j30u00u0mzx.jpg?KID=imgbed,tva&Expires=1770462311&ssig=9T1x56xuTk"
5263694651198724,1770474862,2026-02-07 14:34:22+08:00,QqICYFVRP,天啊！刚开播就打一星，这是有多着急啊,0,0,1770451564613,江西,5263687422313777,,8001503466,在营地闲聊天的洋葱,f,https://m.weibo.cn/u/8001503466?launchid=10000360-page_H5,"https://tvax3.sinaimg.cn/crop.0.0.500.500.180/008Jvuzwly8i1sxm3tl7dj30dw0dw759.jpg?KID=imgbed,tva&Expires=1770462311&ssig=9W11qjwJL2"
5263687051119625,1770473050,2026-02-07 14:04:10+08:00,QqICYFVRP,好厉害，来喝杯免费奶茶庆祝一下吧 评论配图,0,0,1770451564615,安徽,5263680864522555,,7962305969,溯黎___,f,https://m.weibo.cn/u/7962305969?launchid=10000360-page_H5,"https://tvax3.sinaimg.cn/crop.0.0.500.500.180/008GR1vPly8hvic0xa3vmj30dw0dwjsh.jpg?KID=imgbed,tva&Expires=1770462311&ssig=W8QA134Zd0"
5263696230351324,1770475238,2026-02-07 14:40:38+08:00,QqICYFVRP,体裁不同，和书卷一梦可以比一比,0,0,1770451564616,北京,5263683665266439,,7771102011,曲悠扬琴声远,f,https://m.weibo.cn/u/7771102011?launchid=10000360-page_H5,"https://tvax4.sinaimg.cn/crop.0.0.999.999.180/008tUKD1ly8h9w6jpzf0lj30rr0rr0v3.jpg?KID=imgbed,tva&Expires=1770462311&ssig=PX4YqdxDvU"
5263711774443848,1770478945,2026-02-07 15:42:25+08:00,QqICYFVRP,回复@曲悠扬琴声远:看懂我说的没？什么仙侠穿书的这不都是古偶吗？古偶和古偶比，正剧和正剧比，有问题？,0,0,1770451564618,四川,5263683665266439,,7946128345,用户7946128345,f,https://m.weibo.cn/u/7946128345?launchid=10000360-page_H5,"https://tvax3.sinaimg.cn/crop.0.0.1070.1070.180/008FL8Yply8hyk9iz7juuj30tq0tqdhz.jpg?KID=imgbed,tva&Expires=1770462311&ssig=Sdw7cs1R3W"
5263716194981223,1770479999,2026-02-07 15:59:59+08:00,QqICYFVRP,都不是一个群体,0,0,1770451564619,云南,5263684817652751,,7828009504,天秦北海公-西农居士,m,https://m.weibo.cn/u/7828009504?launchid=10000360-page_H5,"https://tvax1.sinaimg.cn/crop.0.0.470.470.180/008xLwROly8hcc1kt3rrej30d20d23z8.jpg?KID=imgbed,tva&Expires=1770462311&ssig=2TAdeLNlEQ"
5263701512817390,1770476498,2026-02-07 15:01:38+08:00,QqICYFVRP,回复@TakeMeToYourHeart吻:我去,0,0,1770451564620,江西,5263684817652751,,5351757073,酸苹果酸掉牙,f,https://m.weibo.cn/u/5351757073?launchid=10000360-page_H5,"https://tvax4.sinaimg.cn/crop.0.0.1080.1080.180/005Qbqutly8hjh4fzknqxj30u00u0q6f.jpg?KID=imgbed,tva&Expires=1770462311&ssig=Ip47bgnDGR"
5263685549034876,1770472692,2026-02-07 13:58:12+08:00,QqICYFVRP,有一家着慌了 评论配图,0,0,1770451564621,广东,5263681713604188,,5773466033,善良让快乐加倍,f,https://m.weibo.cn/u/5773466033?launchid=10000360-page_H5,"https://tvax3.sinaimg.cn/crop.0.0.300.300.180/006iISfTly8hoc6fmhjq5j308c08caaf.jpg?KID=imgbed,tva&Expires=1770462311&ssig=rnH%2BDzjSSy"
5263709622765415,1770478432,2026-02-07 15:33:52+08:00,QqICYFVRP,确实 看了生命树后我看了成何体统给我笑死了,0,0,1770451564622,江苏,5263690099589198,,7846056194,为什么老是显示昵称不可用呢,f,https://m.weibo.cn/u/7846056194?launchid=10000360-page_H5,"https://tvax1.sinaimg.cn/crop.0.0.1080.1080.180/008yZfDsly8i4g206cbddj30u00u00uq.jpg?KID=imgbed,tva&Expires=1770462311&ssig=CJTB4xVwUH"
5263696488039751,1770475300,2026-02-07 14:41:40+08:00,QqICYFVRP,嗯嗯，楚然很美，支持生命树，成何体统,0,0,1770451564624,上海,5263690099589198,,7944683150,每天都犯困enjoy,f,https://m.weibo.cn/u/7944683150?launchid=10000360-page_H5,"https://tvax1.sinaimg.cn/crop.0.0.954.954.180/008FF50Oly8hswvicgbudj30qi0qidii.jpg?KID=imgbed,tva&Expires=1770462311&ssig=DlJrWrhK96"
5263688227358054,1770473331,2026-02-07 14:08:51+08:00,QqICYFVRP,磊子磊子,0,0,1770451564625,湖北,5263685792825469,,7441658715,迎颖地理老师,f,https://m.weibo.cn/u/7441658715?launchid=10000360-page_H5,"https://tvax2.sinaimg.cn/crop.0.0.1080.1080.180/0087Crntly8i56eq78i5nj30u00u0wfm.jpg?KID=imgbed,tva&Expires=1770462311&ssig=N9V3H2EZRh"
5263685074291900,1770472579,2026-02-07 13:56:19+08:00,QqICYFVRP,我的感受是：生活节奏本身就比较忙碌紧张，闲下来不想再被受教或代入情绪伤感，谁不想轻松快乐融入到另一种开心的氛围里，成何体统做到了！,2,10,1770451565005,河南,5263685074291900,,7682329683,安静的糖果树,f,https://m.weibo.cn/u/7682329683?launchid=10000360-page_H5,"https://tvax2.sinaimg.cn/crop.0.0.1080.1080.180/008nUgThly8i9244cj1gwj30u00u0juu.jpg?KID=imgbed,tva&Expires=1770462365&ssig=haQZ%2BhwGh7"
5263712837701366,1770479198,2026-02-07 15:46:38+08:00,QqICYFVRP,不重要欢迎各位剧粉宝宝们来看生命树,1,6,1770451565007,河南,5263712837701366,https://wx4.sinaimg.cn/large/008yVpY8ly1ia225wbzplj30u0190ahh.jpg,7845142604,喂喂阿紫o_,f,https://m.weibo.cn/u/7845142604?launchid=10000360-page_H5,"https://tvax1.sinaimg.cn/crop.0.0.1080.1080.180/008yVpY8ly8ia08e3tga6j30u00u0tay.jpg?KID=imgbed,tva&Expires=1770462365&ssig=wZprxh%2BUFH"
5263701819265539,1770476571,2026-02-07 15:02:51+08:00,QqICYFVRP,完全不一样的题材和受众，来看生命树，细糠中的细糠，精品中的精品，看生命树，学到很多新知识,2,11,1770451565009,广东,5263701819265539,,2778622961,西瓜冬瓜哈密瓜苦瓜,m,https://m.weibo.cn/u/2778622961?launchid=10000360-page_H5,"https://tvax3.sinaimg.cn/crop.0.0.996.996.180/a59e6bf1ly8gdimojtvx5j20ro0rowh1.jpg?KID=imgbed,tva&Expires=1770462365&ssig=s%2FTe7PBEuJ"
5263711610866030,1770478906,2026-02-07 15:41:46+08:00,QqICYFVRP,题材不同都是爱奇艺的剧集，欢迎一起来看《生命树》，保证好看，不好看我生7个儿子,1,4,1770451565010,四川,5263711610866030,https://wx3.sinaimg.cn/large/62e0dc47gy1ia221fe8mvj215o224e81.jpg,1658903623,佑菓,f,https://m.weibo.cn/u/1658903623?launchid=10000360-page_H5,"https://tvax3.sinaimg.cn/crop.0.0.500.500.180/62e0dc47ly8i9tozqidk3j20dw0dwwfp.jpg?KID=imgbed,tva&Expires=1770462365&ssig=TT05lkJMMa"
5263686711121020,1770472969,2026-02-07 14:02:49+08:00,QqICYFVRP,生活太艰苦，所以大家都想看点轻松的，这很正常。,0,11,1770451565011,贵州,5263686711121020,,6314782320,爱吃鱼的老鼠的夏天,f,https://m.weibo.cn/u/6314782320?launchid=10000360-page_H5,"https://tvax4.sinaimg.cn/crop.0.0.960.960.180/006TmblKly8fnkyygjoqoj30qo0qo0u5.jpg?KID=imgbed,tva&Expires=1770462365&ssig=0eVEwGXwFS"
5263683397880268,1770472179,2026-02-07 13:49:39+08:00,QqICYFVRP,我三部都看了，都挺好看的，题材不一样不好对比,0,10,1770451565013,江苏,5263683397880268,,5763216086,绿庭树,m,https://m.weibo.cn/u/5763216086?launchid=10000360-page_H5,"https://tvax2.sinaimg.cn/crop.0.0.828.828.180/006i1RMaly8gmyy0f2jf0j30n00n0t90.jpg?KID=imgbed,tva&Expires=1770462365&ssig=Xf%2FXiMdhv3"
5263717031740759,1770480198,2026-02-07 16:03:18+08:00,QqICYFVRP,不比较不拉踩。观众喜欢什么看什么守护成何体统,1,0,1770451565014,江苏,5263717031740759,https://wx3.sinaimg.cn/large/00726Wc0gy1ia22nsev6ij30u0190th8.jpg,6444136160,怡怡神,f,https://m.weibo.cn/u/6444136160?launchid=10000360-page_H5,"https://tvax1.sinaimg.cn/crop.0.0.1080.1080.180/00726Wc0ly8i9xiy5wq05j30u00u0wgr.jpg?KID=imgbed,tva&Expires=1770462365&ssig=G8%2F9T1LHXL"
5263712948850560,1770479225,2026-02-07 15:47:05+08:00,QqICYFVRP,题材不一样 别上当 来看生命树,0,2,1770451565015,湖南,5263712948850560,,7847948034,葱油拌面跟火锅,f,https://m.weibo.cn/u/7847948034?launchid=10000360-page_H5,"https://tvax3.sinaimg.cn/crop.0.0.1080.1080.180/008z7bN0ly8i8tqpc8evzj30u00u0myf.jpg?KID=imgbed,tva&Expires=1770462365&ssig=U33uOxQgOR"
5263708916027285,1770478263,2026-02-07 15:31:03+08:00,QqICYFVRP,不比较，欢迎大家来看成何体统,0,3,1770451565016,湖北,5263708916027285,https://wx3.sinaimg.cn/large/005M0PfGgy1ia21q4okt3j30np0zkn0s.jpg,5290125304,路过的一只柯基汪,m,https://m.weibo.cn/u/5290125304?launchid=10000360-page_H5,"https://tvax2.sinaimg.cn/crop.0.0.1080.1080.180/005M0PfGly8i62y9c9o85j30u00u0whz.jpg?KID=imgbed,tva&Expires=1770462365&ssig=AfJ%2BvwHaeN"
5263693004933684,1770474470,2026-02-07 14:27:50+08:00,QqICYFVRP,二十世纪末二十一世纪初的春节期间流行过一种剧叫：贺岁剧。成何体统是一部恰逢其时的贺岁剧。,0,5,1770451565018,北京,5263693004933684,,1954319437,公众号少年疯了,m,https://m.weibo.cn/u/1954319437?launchid=10000360-page_H5,"https://tvax1.sinaimg.cn/crop.0.0.1005.1005.180/747c8c4dly8i92ix4b6qkj20rx0rxtba.jpg?KID=imgbed,tva&Expires=1770462365&ssig=kBBqSi4wYG"
5263690765175515,1770473936,2026-02-07 14:18:56+08:00,QqICYFVRP,古偶受众很大的，冬天还没过都爱看偶像剧,0,2,1770451565019,辽宁,5263690765175515,,7947417440,赢予辰,m,https://m.weibo.cn/u/7947417440?launchid=10000360-page_H5,"https://tvax4.sinaimg.cn/crop.0.0.1080.1080.180/008FQykgly8i91ew767uyj30u00u0wgy.jpg?KID=imgbed,tva&Expires=1770462365&ssig=bP4oTUgxrt"
5263696639035992,1770475336,2026-02-07 14:42:16+08:00,QqICYFVRP,好看，好玩,0,2,1770451565021,山东,5263696639035992,,1276021701,等一只柠檬,f,https://m.weibo.cn/u/1276021701?launchid=10000360-page_H5,"https://tvax2.sinaimg.cn/crop.0.0.996.996.180/4c0e8bc5ly8gmdujj0kdoj20ro0rojsc.jpg?KID=imgbed,tva&Expires=1770462365&ssig=z7FjH0bCDm"
5263693809976551,1770474662,2026-02-07 14:31:02+08:00,QqICYFVRP,都很好看，感兴趣的可以一起看，感受不同的故事,0,2,1770451565022,山东,5263693809976551,,2766707081,倾城山下的橘子皮,f,https://m.weibo.cn/u/2766707081?launchid=10000360-page_H5,"https://tvax2.sinaimg.cn/crop.0.0.1002.1002.180/a4e89989gy8g0oxpa2lguj20ru0rutbc.jpg?KID=imgbed,tva&Expires=1770462365&ssig=330IMCAg%2BK"
5263693538661921,1770474597,2026-02-07 14:29:57+08:00,QqICYFVRP,不比较 期待成何体统后续剧情！,0,4,1770451565023,江苏,5263693538661921,,7928121340,诉冬时与春,f,https://m.weibo.cn/u/7928121340?launchid=10000360-page_H5,"https://tvax3.sinaimg.cn/crop.0.0.1080.1080.180/008ExAwQly8i9f5cwtlb5j30u00u0tdn.jpg?KID=imgbed,tva&Expires=1770462365&ssig=E0cdUijK0a"
5263692465702935,1770474341,2026-02-07 14:25:41+08:00,QqICYFVRP,动画剧情都比较有意思王楚然还特别好看高低我也打开会看几集,0,1,1770451565025,江苏,5263692465702935,,5973537934,这里有一个yyc,m,https://m.weibo.cn/u/5973537934?launchid=10000360-page_H5,"https://tvax1.sinaimg.cn/crop.0.0.369.369.180/006wgm62ly8h95rhs80cmj30a90a9jre.jpg?KID=imgbed,tva&Expires=1770462365&ssig=7onQ7gq7Ci"
5263705891407060,1770477542,2026-02-07 15:19:02+08:00,QqICYFVRP,@Pinkiesmn,2,0,1770451565025,北京,5263705891407060,,7482126678,澜Cheese_H,f,https://m.weibo.cn/u/7482126678?launchid=10000360-page_H5,"https://tvax1.sinaimg.cn/crop.0.0.1080.1080.180/008ameWyly8i4lyf64x9vj30u00u0q49.jpg?KID=imgbed,tva&Expires=1770462365&ssig=0IT2PKXjpj"
5263691146593230,1770474027,2026-02-07 14:20:27+08:00,QqICYFVRP,不同题材而已，大家不过是想快乐一下而已，上班已经很累了，,0,1,1770451565027,北京,5263691146593230,,6084215225,桃之夭夭-玉,f,https://m.weibo.cn/u/6084215225?launchid=10000360-page_H5,"https://tvax2.sinaimg.cn/crop.0.0.664.664.180/006DKKjDly8g5a32wg85uj30ig0ih0tr.jpg?KID=imgbed,tva&Expires=1770462365&ssig=HIHPokSQYT"
5263709736010245,1770478458,2026-02-07 15:34:18+08:00,QqICYFVRP,是一个题材吗就拿来对比，有时间来看生命树,0,1,1770451565029,辽宁,5263709736010245,,5665180413,听风指引-M,f,https://m.weibo.cn/u/5665180413?launchid=10000360-page_H5,"https://tvax3.sinaimg.cn/crop.0.0.512.512.180/006bowdDly8hlafz8jy67j30e80e8t90.jpg?KID=imgbed,tva&Expires=1770462365&ssig=n32M2GwIDy"
5263713197625024,1770479284,2026-02-07 15:48:04+08:00,QqICYFVRP,没看的剧请不要随便定义别人的基调谢谢，你可以直接说自家剧的优点,0,0,1770451587085,浙江,5263685074291900,,5592633069,回忆21362,f,https://m.weibo.cn/u/5592633069?launchid=10000360-page_H5,"https://tvax4.sinaimg.cn/crop.0.0.1080.1080.180/0066u7lbly8i73m4fyco1j30u00u0q4v.jpg?KID=imgbed,tva&Expires=1770462365&ssig=WcxW9LQbih"
5263712883575374,1770479209,2026-02-07 15:46:49+08:00,QqICYFVRP,@追剧大赏,0,0,1770451587088,河南,5263712837701366,,7845142604,喂喂阿紫o_,f,https://m.weibo.cn/u/7845142604?launchid=10000360-page_H5,"https://tvax1.sinaimg.cn/crop.0.0.1080.1080.180/008yVpY8ly8ia08e3tga6j30u00u0tay.jpg?KID=imgbed,tva&Expires=1770462365&ssig=wZprxh%2BUFH"
5263710361748644,1770478608,2026-02-07 15:36:48+08:00,QqICYFVRP,细糠是真细糠。但是真的太沉重了。物资不足也要保护，一开始就挂队员，看得难受。,0,0,1770451587089,福建,5263701819265539,,2037684643,普通一年一次,m,https://m.weibo.cn/u/2037684643?launchid=10000360-page_H5,"https://tvax4.sinaimg.cn/crop.0.0.512.512.180/797499a3ly8fijiymidq1j20e80e8dga.jpg?KID=imgbed,tva&Expires=1770462365&ssig=7yJuprJXEA"
5263711656741754,1770478917,2026-02-07 15:41:57+08:00,QqICYFVRP,@追剧大赏,0,0,1770451587090,四川,5263711610866030,,1658903623,佑菓,f,https://m.weibo.cn/u/1658903623?launchid=10000360-page_H5,"https://tvax3.sinaimg.cn/crop.0.0.500.500.180/62e0dc47ly8i9tozqidk3j20dw0dwwfp.jpg?KID=imgbed,tva&Expires=1770462365&ssig=TT05lkJMMa"
5263717118778508,1770480219,2026-02-07 16:03:39+08:00,QqICYFVRP,@追剧大赏,0,0,1770451587092,江苏,5263717031740759,,6444136160,怡怡神,f,https://m.weibo.cn/u/6444136160?launchid=10000360-page_H5,"https://tvax1.sinaimg.cn/crop.0.0.1080.1080.180/00726Wc0ly8i9xiy5wq05j30u00u0wgr.jpg?KID=imgbed,tva&Expires=1770462365&ssig=G8%2F9T1LHXL"
5263715282979840,1770479781,2026-02-07 15:56:21+08:00,QqICYFVRP,你看完了吗,0,0,1770451587093,北京,5263705891407060,,7228986271,Pinkiesmn,f,https://m.weibo.cn/u/7228986271?launchid=10000360-page_H5,"https://tvax1.sinaimg.cn/crop.0.0.1080.1080.180/007Te5yLly8i9gc1pgixsj30u00u0taz.jpg?KID=imgbed,tva&Expires=1770462365&ssig=WdNgfVMkqP"
5263690431727023,1770473856,2026-02-07 14:17:36+08:00,QqICYFVRP,题材不同不用比较，各有各的好,0,2,1770451587465,海南,5263690431727023,,6105664867,Naughty-芊雪祎,f,https://m.weibo.cn/u/6105664867?launchid=10000360-page_H5,"https://tvax3.sinaimg.cn/crop.0.0.1080.1080.180/006FcKlBly8i9m5jjfruqj30u00u0mzm.jpg?KID=imgbed,tva&Expires=1770462387&ssig=a%2FusGlnKq%2F"
5263685436052572,1770472665,2026-02-07 13:57:45+08:00,QqICYFVRP,丞磊,0,4,1770451587467,北京,5263685436052572,,2373147527,Y_Y然也,f,https://m.weibo.cn/u/2373147527?launchid=10000360-page_H5,"https://tvax2.sinaimg.cn/crop.0.0.996.996.180/8d735b87ly8gjfkx51qulj20ro0rojsb.jpg?KID=imgbed,tva&Expires=1770462387&ssig=8MQQWRfQQS"
5263714936952351,1770479699,2026-02-07 15:54:59+08:00,QqICYFVRP,不要引战，不同题材，丞磊粉丝支持百家齐放！！欢迎大家来看成何体统！生命树也很好看！,0,2,1770451587468,湖北,5263714936952351,https://wx3.sinaimg.cn/large/6353ddeagy1ia22f8n29ij20tj1gi7ae.jpg,1666440682,yummyclbb,f,https://m.weibo.cn/u/1666440682?launchid=10000360-page_H5,"https://tvax2.sinaimg.cn/crop.0.0.1080.1080.180/6353ddealy8i9wg8jkioej20u00u078o.jpg?KID=imgbed,tva&Expires=1770462387&ssig=TGxQnDEKB0"
5263714624209747,1770479624,2026-02-07 15:53:44+08:00,QqICYFVRP,爱看点轻松搞笑的下饭剧,0,0,1770451587469,辽宁,5263714624209747,,6405807900,·Siqiang,f,https://m.weibo.cn/u/6405807900?launchid=10000360-page_H5,"https://tvax1.sinaimg.cn/crop.0.0.1080.1080.180/006Zw7ggly8hft8vxukpqj30u00u0go7.jpg?KID=imgbed,tva&Expires=1770462387&ssig=7eLtfWx6B0"
5263713229604657,1770479292,2026-02-07 15:48:12+08:00,QqICYFVRP,挺好看，,0,0,1770451587471,山西,5263713229604657,,6358767216,小葵姐姐onlyk,m,https://m.weibo.cn/u/6358767216?launchid=10000360-page_H5,"https://tvax3.sinaimg.cn/crop.0.0.1080.1080.180/006WkJPyly8i4oulq2eaej30u00u00xr.jpg?KID=imgbed,tva&Expires=1770462387&ssig=NI6S5qDntq"
5263711900009913,1770478975,2026-02-07 15:42:55+08:00,QqICYFVRP,今天不更嘛？很好看的下饭剧,0,0,1770451587472,四川,5263711900009913,,1729976874,dxpxrz,f,https://m.weibo.cn/u/1729976874?launchid=10000360-page_H5,"https://tvax3.sinaimg.cn/crop.0.0.1080.1080.180/671d5a2aly8i8iumqyopqj20u00u00xz.jpg?KID=imgbed,tva&Expires=1770462387&ssig=6%2Fwawl08Ld"
5263707187709330,1770477851,2026-02-07 15:24:11+08:00,QqICYFVRP,是哪个调皮的小狗在引战呢，题材都不懂，欢迎来看生命树哦，超好看,0,0,1770451587473,广东,5263707187709330,,7827380718,奥利奥杨紫紫,f,https://m.weibo.cn/u/7827380718?launchid=10000360-page_H5,"https://tvax4.sinaimg.cn/crop.0.0.1080.1080.180/008xITi6ly8i9yonuiellj30u00u0ju6.jpg?KID=imgbed,tva&Expires=1770462387&ssig=rX349j92PX"
5263706636419808,1770477720,2026-02-07 15:22:00+08:00,QqICYFVRP,一个爽剧都超不过的话……古偶也是不用上了,0,0,1770451587474,福建,5263706636419808,,2327388607,旧沙鸥,f,https://m.weibo.cn/u/2327388607?launchid=10000360-page_H5,"https://tva3.sinaimg.cn/crop.0.0.640.640.180/8ab921bfjw8equ1132mgmj20hs0hsab6.jpg?KID=imgbed,tva&Expires=1770462387&ssig=nSInRhWOQg"
5263704935633192,1770477314,2026-02-07 15:15:14+08:00,QqICYFVRP,中国电视剧全是古偶全是古偶,0,0,1770451587476,北京,5263704935633192,,6613245678,Chenbianny,m,https://m.weibo.cn/u/6613245678?launchid=10000360-page_H5,"https://tvax4.sinaimg.cn/crop.0.0.1009.1009.180/007dyviSly8hy572f2vqpj30s10s1abj.jpg?KID=imgbed,tva&Expires=1770462387&ssig=QaP1XZn0P2"
5263703171664982,1770476894,2026-02-07 15:08:14+08:00,QqICYFVRP,你还得考虑到有些是多平台放的,0,0,1770451587477,广西,5263703171664982,,2457443741,Vamos多多_,f,https://m.weibo.cn/u/2457443741?launchid=10000360-page_H5,"https://tvax4.sinaimg.cn/crop.0.0.1080.1080.180/92799d9dly8g9gikpze2hj20u00u0dhq.jpg?KID=imgbed,tva&Expires=1770462387&ssig=tlcSQHj5UY"
5263694835225586,1770474906,2026-02-07 14:35:06+08:00,QqICYFVRP,太平年是三平台+央视，会分流。成何体统是纯网播单平台，能放一起比吗？,0,1,1770451587478,美国,5263694835225586,,1808470620,风味鱼,f,https://m.weibo.cn/u/1808470620?launchid=10000360-page_H5,"https://tvax4.sinaimg.cn/crop.0.0.600.600.180/6bcb125cly8hx47swzzjdj20go0gowf5.jpg?KID=imgbed,tva&Expires=1770462387&ssig=mXlSvtvNux"
5263694625243376,1770474855,2026-02-07 14:34:15+08:00,QqICYFVRP,歡迎大家今晚6點來🥝觀看成何體統，和庾晚音邊吃火鍋邊解局,0,0,1770451587479,中国香港,5263694625243376,https://wx4.sinaimg.cn/large/8ebf3ad3gy1ia202augu6j20u01hc1kx.jpg,2394897107,迷鹿心林_Yoong,f,https://m.weibo.cn/u/2394897107?launchid=10000360-page_H5,"https://tvax4.sinaimg.cn/crop.0.0.1080.1080.180/8ebf3ad3ly8i0hy3zhwolj20u00u0ta5.jpg?KID=imgbed,tva&Expires=1770462387&ssig=W0vhYYZ7z8"
5263692365039938,1770474317,2026-02-07 14:25:17+08:00,QqICYFVRP,都好都好，不去比，一起走殿堂,0,1,1770451587481,山东,5263692365039938,,1588846673,柒歪哩个歪歪歪歪,f,https://m.weibo.cn/u/1588846673?launchid=10000360-page_H5,"https://tva2.sinaimg.cn/crop.0.0.180.180.180/5eb3e051jw1e8qgp5bmzyj2050050aa8.jpg?KID=imgbed,tva&Expires=1770462387&ssig=Ly9pgNZtr%2B"
5263689393375388,1770473609,2026-02-07 14:13:29+08:00,QqICYFVRP,双方剧粉很理智，但有很多挑货，又在趁机黑,0,1,1770451587482,广东,5263689393375388,,6001834686,齐眉横看,f,https://m.weibo.cn/u/6001834686?launchid=10000360-page_H5,"https://tvax2.sinaimg.cn/crop.0.0.1080.1080.180/006yb5ngly8hjs93491hyj30u00u0wgr.jpg?KID=imgbed,tva&Expires=1770462387&ssig=CFdD3ipjbm"
5263686902221059,1770473015,2026-02-07 14:03:35+08:00,QqICYFVRP,来看生命树,0,1,1770451587483,湖北,5263686902221059,,7538815678,咕噜咕噜小鱿魚,f,https://m.weibo.cn/u/7538815678?launchid=10000360-page_H5,"https://tvax4.sinaimg.cn/crop.0.0.1080.1080.180/008ec6lgly8i9rqeit7igj30u00u0wf1.jpg?KID=imgbed,tva&Expires=1770462387&ssig=m09DJaOMUT"
5263685947753857,1770472787,2026-02-07 13:59:47+08:00,QqICYFVRP,@想成为百利酒的橘子汽水,0,0,1770451587485,安徽,5263685947753857,,5890897566,栗子味小太阳,f,https://m.weibo.cn/u/5890897566?launchid=10000360-page_H5,"https://tvax4.sinaimg.cn/crop.0.0.1080.1080.180/006qFBySly8i6b34zxmp7j30u00u0wii.jpg?KID=imgbed,tva&Expires=1770462387&ssig=P11WUE2EeF"
5263685260149902,1770472622,2026-02-07 13:57:02+08:00,QqICYFVRP,成何体统确实好看,0,3,1770451587486,福建,5263685260149902,,7390533787,禹ni看星辰,f,https://m.weibo.cn/u/7390533787?launchid=10000360-page_H5,"https://tvax1.sinaimg.cn/crop.0.0.1080.1080.180/00849VrRly8i914k9u39pj30u00u041w.jpg?KID=imgbed,tva&Expires=1770462387&ssig=%2BaCRCAuCiO"
5263692371330506,1770474319,2026-02-07 14:25:19+08:00,QqICYFVRP,没人要求只看一部剧，欢迎大家来看生命树,0,5,1770451587487,河北,5263692371330506,https://wx1.sinaimg.cn/large/006VPrmVly1ia1ztkhmmkj30k00u0n05.jpg,6351308081,吴三岁ssa,m,https://m.weibo.cn/u/6351308081?launchid=10000360-page_H5,"https://tvax1.sinaimg.cn/crop.0.0.1080.1080.180/006VPrmVly8i9cphk0tjtj30u00u0wja.jpg?KID=imgbed,tva&Expires=1770462387&ssig=A59UaxXgcb"
5263715207222018,1770479763,2026-02-07 15:56:03+08:00,QqICYFVRP,生命树绝了绝了 暴风雨那一集看得我眼泪直流,0,1,1770451587488,四川,5263715207222018,,1885278212,绿水青山绕家园,f,https://m.weibo.cn/u/1885278212?launchid=10000360-page_H5,"https://tvax3.sinaimg.cn/crop.0.0.1080.1080.180/705f1004ly8hqvk3mraasj20u00u0gr3.jpg?KID=imgbed,tva&Expires=1770462387&ssig=%2FwkXDJHLrW"
5263710054780135,1770478535,2026-02-07 15:35:35+08:00,QqICYFVRP,剧情特别有戏剧冲突 演员美演技佳吧 不是单单古偶这个赛道带来的热度,0,1,1770451587489,广东,5263710054780135,,5281946242,里予野好,f,https://m.weibo.cn/u/5281946242?launchid=10000360-page_H5,"https://tvax2.sinaimg.cn/crop.0.0.500.500.180/005Lsvvkly8i3p1pvx6hrj30dw0dw3zq.jpg?KID=imgbed,tva&Expires=1770462387&ssig=%2BNteibFJE6"
5263708309686858,1770478119,2026-02-07 15:28:39+08:00,QqICYFVRP,那观众有福了，一个平台的会员可以看三部剧，喜欢哪部看哪部，欢迎大家来看生命树！,0,2,1770451603276,广东,5263708309686858,,7929725487,竹君携菊映祯瑕,f,https://m.weibo.cn/u/7929725487?launchid=10000360-page_H5,"https://tvax3.sinaimg.cn/crop.0.0.1080.1080.180/008EEjQbly8i8zpcu493ej30u00u00uz.jpg?KID=imgbed,tva&Expires=1770462403&ssig=mAkAp6%2Bab%2B"
5263707404767391,1770477903,2026-02-07 15:25:03+08:00,QqICYFVRP,哈哈这三个都可以在爱奇艺看，冲一个会员看就行了，完美,0,1,1770451603278,河南,5263707404767391,,6808101303,aoao愿所有善良的人都被温柔以待,f,https://m.weibo.cn/u/6808101303?launchid=10000360-page_H5,"https://tvax2.sinaimg.cn/crop.0.0.452.452.180/007qK69xly8h2kop52fe1j30ck0ck0t1.jpg?KID=imgbed,tva&Expires=1770462403&ssig=%2BukldBAOXP"
5263706728695522,1770477742,2026-02-07 15:22:22+08:00,QqICYFVRP,大过年的，看点轻松一点剧不好吗？谁没事伤春悲秋。,0,1,1770451603279,甘肃,5263706728695522,,1732597415,唐元的微博,m,https://m.weibo.cn/u/1732597415?launchid=10000360-page_H5,"https://tvax2.sinaimg.cn/crop.0.0.960.960.180/674556a7ly8hbaco43ctkj20qo0qo0vb.jpg?KID=imgbed,tva&Expires=1770462403&ssig=h55culTATY"
5263691648076396,1770474146,2026-02-07 14:22:26+08:00,QqICYFVRP,爱看啥就看啥，不知道为啥现在一部剧好坏要靠热度评判。,0,1,1770451603280,安徽,5263691648076396,,3591046717,胡小兔978,f,https://m.weibo.cn/u/3591046717?launchid=10000360-page_H5,"https://tva3.sinaimg.cn/crop.0.0.720.720.180/d60b063djw8ex0ql8s972j20k00k0my0.jpg?KID=imgbed,tva&Expires=1770462403&ssig=tHxqnzfJv1"
5263690799779742,1770473944,2026-02-07 14:19:04+08:00,QqICYFVRP,来看生命树,0,2,1770451603281,江西,5263690799779742,https://wx1.sinaimg.cn/large/008c7Lq6gy1ia1znfg9swj334u4pax6r.jpg,7508229270,呆呆-带,f,https://m.weibo.cn/u/7508229270?launchid=10000360-page_H5,"https://tvax1.sinaimg.cn/crop.0.0.1080.1080.180/008c7Lq6ly8i7tzztn6zaj30u00u00ue.jpg?KID=imgbed,tva&Expires=1770462403&ssig=mpgvJex8m5"
5263690632528654,1770473904,2026-02-07 14:18:24+08:00,QqICYFVRP,成何体统大ip，小说受众就超多,0,2,1770451603282,福建,5263690632528654,,2485690310,弦舒望镜,f,https://m.weibo.cn/u/2485690310?launchid=10000360-page_H5,"https://tvax3.sinaimg.cn/crop.0.0.1080.1080.180/94289fc6ly8gx8lz23zo9j20u00u0ab2.jpg?KID=imgbed,tva&Expires=1770462403&ssig=a4aAN6Jlj9"
5263690062631168,1770473768,2026-02-07 14:16:08+08:00,QqICYFVRP,成何体统还没看呢，但是太平年和生命树追的停不下来,0,3,1770451603284,江苏,5263690062631168,,5258871855,cherishHGwm,f,https://m.weibo.cn/u/5258871855?launchid=10000360-page_H5,"https://tvax3.sinaimg.cn/crop.0.0.512.512.180/005JTGNNly8gdb3p0ol54j30e80e8jro.jpg?KID=imgbed,tva&Expires=1770462403&ssig=X%2B%2BycxOEhK"
5263717835213633,1770480390,2026-02-07 16:06:30+08:00,QqICYFVRP,不必了吧,0,0,1770451603285,浙江,5263717835213633,,3306277794,Yuki改名啦,f,https://m.weibo.cn/u/3306277794?launchid=10000360-page_H5,"https://tvax1.sinaimg.cn/crop.0.0.512.512.180/c511cba2ly8hiowyj45kaj20e80e8q3j.jpg?KID=imgbed,tva&Expires=1770462403&ssig=gJqZWycXw5"
5263717189026774,1770480236,2026-02-07 16:03:56+08:00,QqICYFVRP,齐放绽放🌹 生命树 欢迎来看,0,0,1770451603286,天津,5263717189026774,,2871864484,6222220喂,f,https://m.weibo.cn/u/2871864484?launchid=10000360-page_H5,"https://tvax2.sinaimg.cn/crop.0.0.160.160.180/ab2d2ca4ly8i9gfqmwyuqj204g04gdfo.jpg?KID=imgbed,tva&Expires=1770462403&ssig=86OEYGig8%2B"
5263716934746497,1770480174,2026-02-07 16:02:54+08:00,QqICYFVRP,好看么？,0,0,1770451603288,山东,5263716934746497,,7718974665,用户7718974665,f,https://m.weibo.cn/u/7718974665?launchid=10000360-page_H5,"https://tvax3.sinaimg.cn/crop.0.0.1078.1078.180/008qo1Vnly8h346luq64ij30ty0tyjsc.jpg?KID=imgbed,tva&Expires=1770462403&ssig=LJltC4KU29"
5263716767760445,1770480134,2026-02-07 16:02:14+08:00,QqICYFVRP,因为学生放假了,0,0,1770451603289,河南,5263716767760445,,3073359975,Ygaan,f,https://m.weibo.cn/u/3073359975?launchid=10000360-page_H5,"https://tvax2.sinaimg.cn/crop.0.0.640.640.180/b72fc067ly8hino48779rj20hs0hst9g.jpg?KID=imgbed,tva&Expires=1770462403&ssig=vvSSPqxXno"
5263716574565254,1770480089,2026-02-07 16:01:29+08:00,QqICYFVRP,古偶麻烦对标香蜜，生命树是现实题材，今晚来看生命树哈,0,0,1770451603290,黑龙江,5263716574565254,,1697580260,我是紫米007,f,https://m.weibo.cn/u/1697580260?launchid=10000360-page_H5,"https://tvax4.sinaimg.cn/crop.0.0.1080.1080.180/652f04e4ly8i7orqqowmgj20u00u00vk.jpg?KID=imgbed,tva&Expires=1770462403&ssig=3uxNhhU6sF"
5263716318713070,1770480028,2026-02-07 16:00:28+08:00,QqICYFVRP,热度大是因为现在生活太苦了 先看点轻松搞笑的～但论剧本深度 肯定是生命树最佳…,0,0,1770451603291,上海,5263716318713070,,5720720266,想环游世界的Alice,f,https://m.weibo.cn/u/5720720266?launchid=10000360-page_H5,"https://tva3.sinaimg.cn/crop.0.0.749.749.180/006f9yFIjw8f10f3f96vqj30ku0kt0ty.jpg?KID=imgbed,tva&Expires=1770462403&ssig=ii6780dv0c"
5263716132064194,1770479984,2026-02-07 15:59:44+08:00,QqICYFVRP,我在想这个热度是咋算的呀？是因为看的人多还是评论，讨论多这样的呀？感觉周围人都在看生命树，朋友圈外地的朋友也在看生命树，甚至老人们在电视上也看，但是为啥最近总是说生命树热度不高啊？,0,0,1770451603293,青海,5263716132064194,,5461243379,一个人的浮逝清欢,f,https://m.weibo.cn/u/5461243379?launchid=10000360-page_H5,"https://tva1.sinaimg.cn/crop.0.0.720.720.180/005XAOSDjw8eqv3k0m5qvj30k00k0wfm.jpg?KID=imgbed,tva&Expires=1770462403&ssig=jegBbXbZOF"
5263716113449393,1770479978,2026-02-07 15:59:38+08:00,QqICYFVRP,题材不同比啥啊。都可以去看,0,0,1770451603294,福建,5263716113449393,,2868101314,不冷不热不动情a,f,https://m.weibo.cn/u/2868101314?launchid=10000360-page_H5,"https://tvax4.sinaimg.cn/crop.0.0.1080.1080.180/aaf3c0c2ly8g5ka3wlp4hj20u00u00wk.jpg?KID=imgbed,tva&Expires=1770462403&ssig=1BcpAGJ%2FaF"
5263715882501829,1770479924,2026-02-07 15:58:44+08:00,QqICYFVRP,文艺圈不敢想象，太乱了。成何体统听名字都知道不是什么爆剧，甚至看了名字百分之50的人都不会点开它。静学资本主义那套东西了。,0,0,1770451603296,新疆,5263715882501829,,7188970232,IPFS小峰,m,https://m.weibo.cn/u/7188970232?launchid=10000360-page_H5,"https://tvax1.sinaimg.cn/crop.0.0.132.132.180/007QwbyMly4g3x0q3qth0j303o03o3yb.jpg?KID=imgbed,tva&Expires=1770462403&ssig=HxaPUT1K76"
5263715860744317,1770479919,2026-02-07 15:58:39+08:00,QqICYFVRP,都很好,0,0,1770451603297,海南,5263715860744317,,5621277524,筱箬79,f,https://m.weibo.cn/u/5621277524?launchid=10000360-page_H5,"https://tvax1.sinaimg.cn/crop.0.0.1002.1002.180/0068qj4wly8fyf8w9v119j30ru0ruq5c.jpg?KID=imgbed,tva&Expires=1770462403&ssig=736nKXBj5W"
5263686191025773,1770472845,2026-02-07 14:00:45+08:00,QqIKO1RQW,乐于助人，是心灵的温暖，是生活的甜蜜。伸出援手，传递正能量，让爱在人与人之间流动。每一次帮助，都是一次心灵的触碰，每一次微笑，都是对世界的温柔。让我们用行动诠释善良，用爱心点亮希望。因为帮助别人，就是帮助自己，让世界因我们的善举而更加美好。,3,1,1770451616751,河南,5263686191025773,,7560987073,吃光萝卜瑞,f,https://m.weibo.cn/u/7560987073?launchid=10000360-page_H5,"https://tvax4.sinaimg.cn/crop.0.0.1024.1024.180/008fH88ply8i8t05tb4jgj30sg0sgjti.jpg?KID=imgbed,tva&Expires=1770462416&ssig=VJXV2o0p%2Ff"
5263686161927012,1770472838,2026-02-07 14:00:38+08:00,QqIKO1RQW,拥抱阳光，笑对挑战，心怀希望，勇往直前。每一天都是新的开始，用积极乐观的态度，让生活充满色彩。,3,1,1770451616753,河南,5263686161927012,,7560987073,吃光萝卜瑞,f,https://m.weibo.cn/u/7560987073?launchid=10000360-page_H5,"https://tvax4.sinaimg.cn/crop.0.0.1024.1024.180/008fH88ply8i8t05tb4jgj30sg0sgjti.jpg?KID=imgbed,tva&Expires=1770462416&ssig=VJXV2o0p%2Ff"
5263686126275434,1770472830,2026-02-07 14:00:30+08:00,QqIKO1RQW,生命是宇宙间最珍贵的礼物，它赋予我们感受世界、追求梦想、体验爱与被爱的权利。每一天的日出都是新的开始，每一次呼吸都是生命的奇迹。让我们珍惜每一刻，用爱和勇气去创造属于自己的精彩。生命不息，奋斗不止，让我们在有限的时间里，活出无限的可能。,3,1,1770451616755,河南,5263686126275434,,7560987073,吃光萝卜瑞,f,https://m.weibo.cn/u/7560987073?launchid=10000360-page_H5,"https://tvax4.sinaimg.cn/crop.0.0.1024.1024.180/008fH88ply8i8t05tb4jgj30sg0sgjti.jpg?KID=imgbed,tva&Expires=1770462416&ssig=VJXV2o0p%2Ff"
5263686096654549,1770472823,2026-02-07 14:00:23+08:00,QqIKO1RQW,善良是心尖上的暖阳，温暖自己，照亮他人。每天向善，是选择在生活的荆棘中种下玫瑰。无需惊天动地，一个微笑、一句安慰，都是善的种子。它让灵魂芬芳，使世界少些冰冷。怀揣善意前行，每一步都能踏出温暖的涟漪。,0,1,1770451616756,河南,5263686096654549,,7560987073,吃光萝卜瑞,f,https://m.weibo.cn/u/7560987073?launchid=10000360-page_H5,"https://tvax4.sinaimg.cn/crop.0.0.1024.1024.180/008fH88ply8i8t05tb4jgj30sg0sgjti.jpg?KID=imgbed,tva&Expires=1770462416&ssig=VJXV2o0p%2Ff"
5263686071484863,1770472816,2026-02-07 14:00:16+08:00,QqIKO1RQW,当你感觉被黑暗包围，别怕，那是黎明在为你蓄能。每一次在低谷的挣扎，都是在扎根。怀揣希望，把压力化作成长的养分，用坚持雕琢前行的轨迹。要相信，挺过风雨，你会站在最亮处，活成自己渴望的模样。,0,1,1770451616757,河南,5263686071484863,,7560987073,吃光萝卜瑞,f,https://m.weibo.cn/u/7560987073?launchid=10000360-page_H5,"https://tvax4.sinaimg.cn/crop.0.0.1024.1024.180/008fH88ply8i8t05tb4jgj30sg0sgjti.jpg?KID=imgbed,tva&Expires=1770462416&ssig=VJXV2o0p%2Ff"
5263686038195748,1770472809,2026-02-07 14:00:09+08:00,QqIKO1RQW,脚步铿锵，向着朝阳。用无畏的勇气披荆斩棘，让积极的心态化作翅膀，飞越生活的崇山峻岭 。,0,1,1770451616758,河南,5263686038195748,,7560987073,吃光萝卜瑞,f,https://m.weibo.cn/u/7560987073?launchid=10000360-page_H5,"https://tvax4.sinaimg.cn/crop.0.0.1024.1024.180/008fH88ply8i8t05tb4jgj30sg0sgjti.jpg?KID=imgbed,tva&Expires=1770462416&ssig=VJXV2o0p%2Ff"
5263686006474962,1770472801,2026-02-07 14:00:01+08:00,QqIKO1RQW,面对困难，不要退缩，你的潜力无限，勇敢去挑战。每一个成功者都有一个开始，勇敢迈出第一步，你就成功了一半。,0,1,1770451616760,河南,5263686006474962,,7560987073,吃光萝卜瑞,f,https://m.weibo.cn/u/7560987073?launchid=10000360-page_H5,"https://tvax4.sinaimg.cn/crop.0.0.1024.1024.180/008fH88ply8i8t05tb4jgj30sg0sgjti.jpg?KID=imgbed,tva&Expires=1770462416&ssig=VJXV2o0p%2Ff"
5263685976327376,1770472794,2026-02-07 13:59:54+08:00,QqIKO1RQW,生活似海，宽容作舟。抛开烦恼与怨仇，扬起博爱的帆，于浩渺中航行，方能领略无边的美好与自由。,0,1,1770451616761,河南,5263685976327376,,7560987073,吃光萝卜瑞,f,https://m.weibo.cn/u/7560987073?launchid=10000360-page_H5,"https://tvax4.sinaimg.cn/crop.0.0.1024.1024.180/008fH88ply8i8t05tb4jgj30sg0sgjti.jpg?KID=imgbed,tva&Expires=1770462416&ssig=VJXV2o0p%2Ff"
5263685945918859,1770472787,2026-02-07 13:59:47+08:00,QqIKO1RQW,用积极的心态迎接每一个挑战，你会发现，困难不过是成长的垫脚石。,0,1,1770451616762,河南,5263685945918859,,7560987073,吃光萝卜瑞,f,https://m.weibo.cn/u/7560987073?launchid=10000360-page_H5,"https://tvax4.sinaimg.cn/crop.0.0.1024.1024.180/008fH88ply8i8t05tb4jgj30sg0sgjti.jpg?KID=imgbed,tva&Expires=1770462416&ssig=VJXV2o0p%2Ff"
5263685909746609,1770472778,2026-02-07 13:59:38+08:00,QqIKO1RQW,&quot;善行如春日暖阳，温暖他人，照亮自己。今天，让我们从小事做起，一个微笑，一句问候，一次帮助，都能成为传递善意的桥梁。让我们的每一天都充满爱与希望，共同创造一个更加美好的世界。&quot;,0,1,1770451616764,河南,5263685909746609,,7560987073,吃光萝卜瑞,f,https://m.weibo.cn/u/7560987073?launchid=10000360-page_H5,"https://tvax4.sinaimg.cn/crop.0.0.1024.1024.180/008fH88ply8i8t05tb4jgj30sg0sgjti.jpg?KID=imgbed,tva&Expires=1770462416&ssig=VJXV2o0p%2Ff"
5263685885102186,1770472772,2026-02-07 13:59:32+08:00,QqIKO1RQW,生活是岁月编织的画卷，每一帧都值得感恩。我们拥有阳光的轻抚、雨露的润泽，有花开的绚烂、叶落的静美。困难让我们坚韧，快乐让我们温暖。感恩生活中的每份小确幸，是它们让生命有了滋味，如同繁星照亮了我们平凡却珍贵的旅程。,0,1,1770451616765,河南,5263685885102186,,7560987073,吃光萝卜瑞,f,https://m.weibo.cn/u/7560987073?launchid=10000360-page_H5,"https://tvax4.sinaimg.cn/crop.0.0.1024.1024.180/008fH88ply8i8t05tb4jgj30sg0sgjti.jpg?KID=imgbed,tva&Expires=1770462416&ssig=VJXV2o0p%2Ff"
5263685846043292,1770472763,2026-02-07 13:59:23+08:00,QqIKO1RQW,&quot;人生路上有风有雨，到处是荆棘丛生，只有我们去奋斗，去拼搏，就一定会有鲜花和掌声在等待着我们。名人说过，挫折对一个无能的人是一个无底深渊，而对那些敢于面对挫折的人来说，它是一块成功的垫脚石。&quot;,0,1,1770451616766,河南,5263685846043292,,7560987073,吃光萝卜瑞,f,https://m.weibo.cn/u/7560987073?launchid=10000360-page_H5,"https://tvax4.sinaimg.cn/crop.0.0.1024.1024.180/008fH88ply8i8t05tb4jgj30sg0sgjti.jpg?KID=imgbed,tva&Expires=1770462416&ssig=VJXV2o0p%2Ff"
5263685815632892,1770472756,2026-02-07 13:59:16+08:00,QqIKO1RQW,前行之路纵有疾风骤雨，也别停下脚步。你体内藏着无限潜能，如沉睡的巨狮。只要唤醒内心的力量，以坚定信念为舟，拼搏作桨，定能冲破惊涛骇浪，驶向梦想的彼岸，让生命绽放出独属于你的夺目光彩。,0,1,1770451616768,河南,5263685815632892,,7560987073,吃光萝卜瑞,f,https://m.weibo.cn/u/7560987073?launchid=10000360-page_H5,"https://tvax4.sinaimg.cn/crop.0.0.1024.1024.180/008fH88ply8i8t05tb4jgj30sg0sgjti.jpg?KID=imgbed,tva&Expires=1770462416&ssig=VJXV2o0p%2Ff"
5263685778149253,1770472747,2026-02-07 13:59:07+08:00,QqIKO1RQW,善意的力量，藏在一次次选择中。选择理解而非指责，选择帮助而非漠视，这些微小的决定，如同蝴蝶振翅，能在人间掀起温柔的风暴。坚持善行，就是在为世界注入希望。,0,1,1770451616769,河南,5263685778149253,,7560987073,吃光萝卜瑞,f,https://m.weibo.cn/u/7560987073?launchid=10000360-page_H5,"https://tvax4.sinaimg.cn/crop.0.0.1024.1024.180/008fH88ply8i8t05tb4jgj30sg0sgjti.jpg?KID=imgbed,tva&Expires=1770462416&ssig=VJXV2o0p%2Ff"
5263685740137215,1770472738,2026-02-07 13:58:58+08:00,QqIKO1RQW,坚定信念，勇往直前。无论遇到什么困难，都要相信自己能克服，坚持就是胜利。,0,1,1770451616771,河南,5263685740137215,,7560987073,吃光萝卜瑞,f,https://m.weibo.cn/u/7560987073?launchid=10000360-page_H5,"https://tvax4.sinaimg.cn/crop.0.0.1024.1024.180/008fH88ply8i8t05tb4jgj30sg0sgjti.jpg?KID=imgbed,tva&Expires=1770462416&ssig=VJXV2o0p%2Ff"
5263685744592864,1770472739,2026-02-07 13:58:59+08:00,QqIKO1RQW,嘿！你也在关注“生命树”吗？快戳生命树主演进入专题页查看并关注相关博主吧，包含@杨紫 、@胡歌 等8位博主哦，热门精彩内容不错过！,0,0,1770451616772,,5263685744592864,https://wx2.sinaimg.cn/large/008Jf2qjly1i981ky3cqfj30ji06sgoj.jpg,5406006781,微博电视剧,m,https://m.weibo.cn/u/5406006781?launchid=10000360-page_H5,"https://tvax1.sinaimg.cn/crop.0.0.180.180.180/005TR3jLly8i2lpl2ell1j6050050q2v02.jpg?KID=imgbed,tva&Expires=1770462416&ssig=S3OMdOqrTv"
5263686205705582,1770472849,2026-02-07 14:00:49+08:00,QqIKO1RQW,1,0,0,1770451621127,河南,5263686191025773,,7560987073,吃光萝卜瑞,f,https://m.weibo.cn/u/7560987073?launchid=10000360-page_H5,"https://tvax4.sinaimg.cn/crop.0.0.1024.1024.180/008fH88ply8i8t05tb4jgj30sg0sgjti.jpg?KID=imgbed,tva&Expires=1770462416&ssig=VJXV2o0p%2Ff"
5263686226675134,1770472854,2026-02-07 14:00:54+08:00,QqIKO1RQW,回复@吃光萝卜瑞:3,0,0,1770451621129,河南,5263686191025773,,7560987073,吃光萝卜瑞,f,https://m.weibo.cn/u/7560987073?launchid=10000360-page_H5,"https://tvax4.sinaimg.cn/crop.0.0.1024.1024.180/008fH88ply8i8t05tb4jgj30sg0sgjti.jpg?KID=imgbed,tva&Expires=1770462416&ssig=VJXV2o0p%2Ff"
5263686243451621,1770472858,2026-02-07 14:00:58+08:00,QqIKO1RQW,1,0,0,1770451621131,河南,5263686161927012,,7560987073,吃光萝卜瑞,f,https://m.weibo.cn/u/7560987073?launchid=10000360-page_H5,"https://tvax4.sinaimg.cn/crop.0.0.1024.1024.180/008fH88ply8i8t05tb4jgj30sg0sgjti.jpg?KID=imgbed,tva&Expires=1770462416&ssig=VJXV2o0p%2Ff"
5263686264687955,1770472863,2026-02-07 14:01:03+08:00,QqIKO1RQW,回复@吃光萝卜瑞:3,0,0,1770451621132,河南,5263686161927012,,7560987073,吃光萝卜瑞,f,https://m.weibo.cn/u/7560987073?launchid=10000360-page_H5,"https://tvax4.sinaimg.cn/crop.0.0.1024.1024.180/008fH88ply8i8t05tb4jgj30sg0sgjti.jpg?KID=imgbed,tva&Expires=1770462416&ssig=VJXV2o0p%2Ff"
5263686281466809,1770472867,2026-02-07 14:01:07+08:00,QqIKO1RQW,1,0,0,1770451621133,河南,5263686126275434,,7560987073,吃光萝卜瑞,f,https://m.weibo.cn/u/7560987073?launchid=10000360-page_H5,"https://tvax4.sinaimg.cn/crop.0.0.1024.1024.180/008fH88ply8i8t05tb4jgj30sg0sgjti.jpg?KID=imgbed,tva&Expires=1770462416&ssig=VJXV2o0p%2Ff"
5263686302434498,1770472872,2026-02-07 14:01:12+08:00,QqIKO1RQW,回复@吃光萝卜瑞:3,0,0,1770451621135,河南,5263686126275434,,7560987073,吃光萝卜瑞,f,https://m.weibo.cn/u/7560987073?launchid=10000360-page_H5,"https://tvax4.sinaimg.cn/crop.0.0.1024.1024.180/008fH88ply8i8t05tb4jgj30sg0sgjti.jpg?KID=imgbed,tva&Expires=1770462416&ssig=VJXV2o0p%2Ff"
5263688165497406,1770473316,2026-02-07 14:08:36+08:00,QqIOOEYBa,1,4,4,1770451625746,湖北,5263688165497406,,8019606004,小岛泠月呢,f,https://m.weibo.cn/u/8019606004?launchid=10000360-page_H5,"https://tvax2.sinaimg.cn/crop.0.0.1080.1080.180/008KJrRWly8ia0poq4s7vj30u00u075y.jpg?KID=imgbed,tva&Expires=1770462425&ssig=lCEgF2zibi"
5263688173094784,1770473318,2026-02-07 14:08:38+08:00,QqIOOEYBa,嘿！你也在关注“生命树”吗？快戳生命树主演进入专题页查看并关注相关博主吧，包含@杨紫 、@胡歌 等8位博主哦，热门精彩内容不错过！,0,0,1770451625748,,5263688173094784,https://wx2.sinaimg.cn/large/008Jf2qjly1i981ky3cqfj30ji06sgoj.jpg,5406006781,微博电视剧,m,https://m.weibo.cn/u/5406006781?launchid=10000360-page_H5,"https://tvax1.sinaimg.cn/crop.0.0.180.180.180/005TR3jLly8i2lpl2ell1j6050050q2v02.jpg?KID=imgbed,tva&Expires=1770462425&ssig=0wZh6cpxXo"
5263688216874476,1770473328,2026-02-07 14:08:48+08:00,QqIOOEYBa,5,0,0,1770451630101,湖北,5263688165497406,,8019606004,小岛泠月呢,f,https://m.weibo.cn/u/8019606004?launchid=10000360-page_H5,"https://tvax2.sinaimg.cn/crop.0.0.1080.1080.180/008KJrRWly8ia0poq4s7vj30u00u075y.jpg?KID=imgbed,tva&Expires=1770462425&ssig=lCEgF2zibi"
5263688204552269,1770473325,2026-02-07 14:08:45+08:00,QqIOOEYBa,4,0,0,1770451630103,湖北,5263688165497406,,8019606004,小岛泠月呢,f,https://m.weibo.cn/u/8019606004?launchid=10000360-page_H5,"https://tvax2.sinaimg.cn/crop.0.0.1080.1080.180/008KJrRWly8ia0poq4s7vj30u00u075y.jpg?KID=imgbed,tva&Expires=1770462425&ssig=lCEgF2zibi"
5263413750008014,1770407890,2026-02-06 19:58:10+08:00,QqBG8uS6Q,大家认为成何体统好不好看？,2,4,1770451634741,重庆,5263413750008014,,7814284786,Ahri_Yo,f,https://m.weibo.cn/u/7814284786?launchid=10000360-page_H5,"https://tvax1.sinaimg.cn/crop.0.0.928.928.180/008wPWroly8hrhlpd2wi1j30ps0psgnw.jpg?KID=imgbed,tva&Expires=1770462434&ssig=LYpH6IvPbN"
5263448726313321,1770416229,2026-02-06 22:17:09+08:00,QqBG8uS6Q,跟动漫差太远了•ᴗ•💧看了十分钟，看不下去了，太无聊了！,1,3,1770451634743,广东,5263448726313321,,1695505585,向陽人生-Aily,f,https://m.weibo.cn/u/1695505585?launchid=10000360-page_H5,"https://tvax1.sinaimg.cn/crop.0.0.1080.1080.180/650f5cb1ly8hj4iar0lh6j20u00u040f.jpg?KID=imgbed,tva&Expires=1770462434&ssig=2xiIQCqfck"
5263615217109314,1770455924,2026-02-07 09:18:44+08:00,QqBG8uS6Q,我想说丞磊这个妆造不好看，大家别生气，个人看法，,1,4,1770451634744,北京,5263615217109314,,5459225126,嘉嘉-你好,f,https://m.weibo.cn/u/5459225126?launchid=10000360-page_H5,"https://tva3.sinaimg.cn/crop.0.0.540.540.180/005XslQajw8ev9v19hbmxj30f00f0q39.jpg?KID=imgbed,tva&Expires=1770462434&ssig=PvVTK423dZ"
5263425865517252,1770410779,2026-02-06 20:46:19+08:00,QqBG8uS6Q,我觉得很好看一下午追平了，没开倍速,0,8,1770451634746,河北,5263425865517252,,7742239730,缘悸颖,f,https://m.weibo.cn/u/7742239730?launchid=10000360-page_H5,"https://tvax1.sinaimg.cn/crop.0.0.1080.1080.180/008rXEemly8ia08dxqx5pj30u00u042g.jpg?KID=imgbed,tva&Expires=1770462434&ssig=apIk507Sxs"
5263432582693218,1770412379,2026-02-06 21:12:59+08:00,QqBG8uS6Q,正在看，我觉着挺有意思的,0,1,1770451634747,山东,5263432582693218,,2608498941,花间一壶酒_独酌无相亲-_-,f,https://m.weibo.cn/u/2608498941?launchid=10000360-page_H5,"https://tvax3.sinaimg.cn/crop.0.0.1080.1080.180/9b7a88fdly8i646285vrej20u00u041s.jpg?KID=imgbed,tva&Expires=1770462434&ssig=5m20%2BYY6tc"
5263425280148967,1770410639,2026-02-06 20:43:59+08:00,QqBG8uS6Q,超好看,0,4,1770451634761,四川,5263425280148967,,7786426274,喜欢甜茶树的烛龙之眼,f,https://m.weibo.cn/u/7786426274?launchid=10000360-page_H5,"https://tvax2.sinaimg.cn/crop.0.0.1080.1080.180/008uX3ayly8i8af4kdbk2j30u00u0wjp.jpg?KID=imgbed,tva&Expires=1770462434&ssig=3KlQ5ABlEk"
5263441649996132,1770414542,2026-02-06 21:49:02+08:00,QqBG8uS6Q,给夏侯澹送点布洛芬全家桶,0,1,1770451634762,天津,5263441649996132,https://wx2.sinaimg.cn/large/9944e0f0ly1ia171aqky3j20u00u0k1q.jpg,2571428080,田田的叶子丫,f,https://m.weibo.cn/u/2571428080?launchid=10000360-page_H5,"https://tvax4.sinaimg.cn/crop.0.0.1080.1080.180/9944e0f0ly8i1aq7mnv77j20u00u0gon.jpg?KID=imgbed,tva&Expires=1770462434&ssig=nqQAuHn7qQ"
5263420243053372,1770409438,2026-02-06 20:23:58+08:00,QqBG8uS6Q,超好看,0,1,1770451634764,江苏,5263420243053372,,3203089955,李木子RRRLLLRRR,f,https://m.weibo.cn/u/3203089955?launchid=10000360-page_H5,"https://tvax4.sinaimg.cn/crop.0.26.1242.1242.180/beeb4623ly8ffswq2pce7j20yi0zzq5w.jpg?KID=imgbed,tva&Expires=1770462434&ssig=x3roj5y%2B0E"
5263423925127998,1770410316,2026-02-06 20:38:36+08:00,QqBG8uS6Q,好看，很有趣啊，尤其是动画制作真的很可爱，很有趣！,0,3,1770451634765,宁夏,5263423925127998,,7962678699,BY0528,f,https://m.weibo.cn/u/7962678699?launchid=10000360-page_H5,"https://tvax1.sinaimg.cn/crop.0.0.648.648.180/008GSAtBly8hytjaj4uhej30i00i00tm.jpg?KID=imgbed,tva&Expires=1770462434&ssig=Xwtzz7HUw6"
5263414425556441,1770408051,2026-02-06 20:00:51+08:00,QqBG8uS6Q,确定不是短剧吗？,0,7,1770451634766,重庆,5263414425556441,,7487230863,到底娜美啊,f,https://m.weibo.cn/u/7487230863?launchid=10000360-page_H5,"https://tvax2.sinaimg.cn/crop.0.0.680.680.180/008aHEM7ly8i59qtp6qsxj30iw0iwgm8.jpg?KID=imgbed,tva&Expires=1770462434&ssig=id%2FjBqwMgb"
5263585443840565,1770448825,2026-02-07 07:20:25+08:00,QqBG8uS6Q,早安朋友周六愉快,0,0,1770451634768,辽宁,5263585443840565,,1825367680,博论,m,https://m.weibo.cn/u/1825367680?launchid=10000360-page_H5,"https://tvax1.sinaimg.cn/crop.0.0.1080.1080.180/6ccce680ly8i9pjnphhjuj20u00u0782.jpg?KID=imgbed,tva&Expires=1770462434&ssig=BlcKpTHSOa"
5263554045280331,1770441338,2026-02-07 05:15:38+08:00,QqBG8uS6Q,早上好,0,0,1770451634769,江苏,5263554045280331,,2897503914,珍惜当今,m,https://m.weibo.cn/u/2897503914?launchid=10000360-page_H5,"https://tvax1.sinaimg.cn/crop.0.0.940.940.180/acb466aaly8hscq6ujl1zj20q40q440f.jpg?KID=imgbed,tva&Expires=1770462434&ssig=eNtxbIWlW9"
5263484913718864,1770424857,2026-02-07 00:40:57+08:00,QqBG8uS6Q,穿搭风格,0,0,1770451634771,广东,5263484913718864,,7144652945,二愣子说穿搭,m,https://m.weibo.cn/u/7144652945?launchid=10000360-page_H5,"https://tvax3.sinaimg.cn/crop.0.0.1080.1080.180/007NweBPly8i9wccmelm7j30u00u0n0k.jpg?KID=imgbed,tva&Expires=1770462434&ssig=TUgkOeuoGi"
5263414588874715,1770408090,2026-02-06 20:01:30+08:00,QqBG8uS6Q,尬的我啊啊啊,0,5,1770451634772,重庆,5263414588874715,,7688660147,兔咪in,f,https://m.weibo.cn/u/7688660147?launchid=10000360-page_H5,"https://tvax1.sinaimg.cn/crop.0.0.918.918.180/008okPJxly8i59tgyaw1cj30pi0pigmc.jpg?KID=imgbed,tva&Expires=1770462434&ssig=ge26upnIAN"
5263414718892423,1770408121,2026-02-06 20:02:01+08:00,QqBG8uS6Q,挺好看的,0,1,1770451634773,重庆,5263414718892423,,7867510301,竞圈晴雨表,f,https://m.weibo.cn/u/7867510301?launchid=10000360-page_H5,"https://tvax2.sinaimg.cn/crop.0.0.1080.1080.180/008ArgPrly8i4hbx5y6gxj30u00u0tcu.jpg?KID=imgbed,tva&Expires=1770462434&ssig=jUWkSedNPY"
5263518958880260,1770432974,2026-02-07 02:56:14+08:00,QqBG8uS6Q,1,0,0,1770451634775,美国,5263518958880260,,3085513141,落日下的晨昏,m,https://m.weibo.cn/u/3085513141?launchid=10000360-page_H5,"https://tvax1.sinaimg.cn/default/images/default_avatar_male_180.gif?KID=imgbed,tva&Expires=1770462434&ssig=s9BO%2BEyJOi"
5263432657935437,1770412398,2026-02-06 21:13:18+08:00,QqBG8uS6Q,很少不开倍速看剧了,0,1,1770451634776,山东,5263432657935437,,2608498941,花间一壶酒_独酌无相亲-_-,f,https://m.weibo.cn/u/2608498941?launchid=10000360-page_H5,"https://tvax3.sinaimg.cn/crop.0.0.1080.1080.180/9b7a88fdly8i646285vrej20u00u041s.jpg?KID=imgbed,tva&Expires=1770462434&ssig=5m20%2BYY6tc"
5263711771560638,1770478944,2026-02-07 15:42:24+08:00,QqBG8uS6Q,很好看啊 从开头就吸引人 最近看不进去的剧太多了,0,0,1770451634777,重庆,5263711771560638,,2825858740,Jingcccc_,f,https://m.weibo.cn/u/2825858740?launchid=10000360-page_H5,"https://tvax1.sinaimg.cn/crop.0.0.1002.1002.180/a86f2eb4ly8gddei9icf9j20ru0rut9h.jpg?KID=imgbed,tva&Expires=1770462434&ssig=3vTga8N1rc"
5263441399123716,1770414482,2026-02-06 21:48:02+08:00,QqBG8uS6Q,巨好看,0,0,1770451634778,北京,5263441399123716,,2668249105,吃一口桃桃a,f,https://m.weibo.cn/u/2668249105?launchid=10000360-page_H5,"https://tvax1.sinaimg.cn/crop.0.0.1080.1080.180/9f0a4011ly8i89vbc4svwj20u00u0771.jpg?KID=imgbed,tva&Expires=1770462434&ssig=pgPpYA%2FTW1"
5263438672299633,1770413832,2026-02-06 21:37:12+08:00,QqBG8uS6Q,在看，好看,0,0,1770451634780,广西,5263438672299633,,1808492690,建军超优秀,m,https://m.weibo.cn/u/1808492690?launchid=10000360-page_H5,"https://tvax3.sinaimg.cn/crop.0.20.1070.1070.180/6bcb6892ly8i10j4vne82j20tq0uutbz.jpg?KID=imgbed,tva&Expires=1770462434&ssig=CgNv%2BvIMHH"
5263413762855797,1770407893,2026-02-06 19:58:13+08:00,QqBG8uS6Q,好看,0,0,1770451641007,重庆,5263413750008014,,7814284786,Ahri_Yo,f,https://m.weibo.cn/u/7814284786?launchid=10000360-page_H5,"https://tvax1.sinaimg.cn/crop.0.0.928.928.180/008wPWroly8hrhlpd2wi1j30ps0psgnw.jpg?KID=imgbed,tva&Expires=1770462434&ssig=LYpH6IvPbN"
5263413775172247,1770407895,2026-02-06 19:58:15+08:00,QqBG8uS6Q,不好看,0,0,1770451641009,重庆,5263413750008014,,7814284786,Ahri_Yo,f,https://m.weibo.cn/u/7814284786?launchid=10000360-page_H5,"https://tvax1.sinaimg.cn/crop.0.0.928.928.180/008wPWroly8hrhlpd2wi1j30ps0psgnw.jpg?KID=imgbed,tva&Expires=1770462434&ssig=LYpH6IvPbN"
5263615893963305,1770456085,2026-02-07 09:21:25+08:00,QqBG8uS6Q,原著是动漫？,0,0,1770451641011,重庆,5263448726313321,,7814284786,Ahri_Yo,f,https://m.weibo.cn/u/7814284786?launchid=10000360-page_H5,"https://tvax1.sinaimg.cn/crop.0.0.928.928.180/008wPWroly8hrhlpd2wi1j30ps0psgnw.jpg?KID=imgbed,tva&Expires=1770462434&ssig=LYpH6IvPbN"
5263675269319984,1770470241,2026-02-07 13:17:21+08:00,QqBG8uS6Q,有几个妆造不行，不过人还是帅的，演技更好,0,0,1770451641011,河南,5263615217109314,,2904007875,永远天晴朗,f,https://m.weibo.cn/u/2904007875?launchid=10000360-page_H5,"https://tvax4.sinaimg.cn/crop.0.0.1044.1044.180/ad17a4c3ly8i1t5gv4b1wj20t00t0dhi.jpg?KID=imgbed,tva&Expires=1770462434&ssig=3P3WEZJUyu"
5263715990503635,1770479949,2026-02-07 15:59:09+08:00,QqBG8uS6Q,好看，说尬的应该是没完整看剧的,0,0,1770451641348,广东,5263715990503635,,6538335191,Joy427杨,m,https://m.weibo.cn/u/6538335191?launchid=10000360-page_H5,"https://tvax4.sinaimg.cn/crop.0.0.1080.1080.180/0078ubFdly8hnlsbss1lmj30u00u0dgs.jpg?KID=imgbed,tva&Expires=1770462441&ssig=ar0ijB7FN0"
5263689066480602,1770473530,2026-02-07 14:12:10+08:00,QqBG8uS6Q,看过原版小说还挺喜欢 想问下剧怎么样？,0,0,1770451641350,湖南,5263689066480602,,5878527862,喵九cy,f,https://m.weibo.cn/u/5878527862?launchid=10000360-page_H5,"https://tvax3.sinaimg.cn/crop.0.0.996.996.180/006pPHDwly8gxzi5nyst0j30ro0rota2.jpg?KID=imgbed,tva&Expires=1770462441&ssig=u7Suae%2F7VE"
5263464446560359,1770419977,2026-02-06 23:19:37+08:00,QqBG8uS6Q,按着原剧情走就是很有意思,0,0,1770451641351,四川,5263464446560359,,1947978645,Utmost-,f,https://m.weibo.cn/u/1947978645?launchid=10000360-page_H5,"https://tvax2.sinaimg.cn/crop.0.0.887.887.180/741bcb95ly8h3ibdsasj8j20on0onwg2.jpg?KID=imgbed,tva&Expires=1770462441&ssig=0zaLMG%2FqHd"
5263447454912011,1770415926,2026-02-06 22:12:06+08:00,QqBG8uS6Q,好看好看,0,0,1770451641352,广西,5263447454912011,,7861659904,用户7861659904,f,https://m.weibo.cn/u/7861659904?launchid=10000360-page_H5,"https://tvax1.sinaimg.cn/default/images/default_avatar_female_180.gif?KID=imgbed,tva&Expires=1770462441&ssig=k8V5x9%2FrSo"
5263437405883967,1770413530,2026-02-06 21:32:10+08:00,QqBG8uS6Q,挺好看的，很搞笑，我才看到第四集，要是早知道今天才上线的，就留几天看了，太少了,0,0,1770451641354,云南,5263437405883967,,7363335984,快来削我_,m,https://m.weibo.cn/u/7363335984?launchid=10000360-page_H5,"https://tvax4.sinaimg.cn/crop.0.0.378.378.180/0082jO3Cly8hwwcudx3okj30ai0aiwex.jpg?KID=imgbed,tva&Expires=1770462441&ssig=8Frhz5JJ8a"
5263436167776671,1770413235,2026-02-06 21:27:15+08:00,QqBG8uS6Q,看过短剧版,0,0,1770451641356,辽宁,5263436167776671,,7122374405,770o0,f,https://m.weibo.cn/u/7122374405?launchid=10000360-page_H5,"https://tvax1.sinaimg.cn/crop.0.0.412.412.180/007M0KWxly8gemm45iipsj30bg0bg0u9.jpg?KID=imgbed,tva&Expires=1770462441&ssig=zuh1EgKUMe"
5263434247837323,1770412777,2026-02-06 21:19:37+08:00,QqBG8uS6Q,好看的,0,0,1770451641357,湖北,5263434247837323,,7769018020,拥抱大自然QQ,f,https://m.weibo.cn/u/7769018020?launchid=10000360-page_H5,"https://tvax1.sinaimg.cn/crop.0.0.1080.1080.180/008tM0ugly8h64zcp2fxjj30u00u0jsj.jpg?KID=imgbed,tva&Expires=1770462441&ssig=lH7FwlenIC"
5263432691488808,1770412406,2026-02-06 21:13:26+08:00,QqBG8uS6Q,好看,0,0,1770451641358,福建,5263432691488808,,2134494074,温柔的夏风季,f,https://m.weibo.cn/u/2134494074?launchid=10000360-page_H5,"https://tvax2.sinaimg.cn/crop.0.0.550.550.180/7f39cb7aly8i1nvzxqt4zj20fa0faaap.jpg?KID=imgbed,tva&Expires=1770462441&ssig=i%2BgbDTyeOC"
5263678578365123,1770471030,2026-02-07 13:30:30+08:00,QqBG8uS6Q,成何体统非常好看,0,0,1770451641359,吉林,5263678578365123,,5370260211,毛宁我永远支持你_847,f,https://m.weibo.cn/u/5370260211?launchid=10000360-page_H5,"https://tvax2.sinaimg.cn/crop.0.0.500.500.180/005Rr40bly8i84wldrbdaj30dw0dw75j.jpg?KID=imgbed,tva&Expires=1770462441&ssig=rXWmqRiVVG"
5263697360455998,1770475508,2026-02-07 14:45:08+08:00,QqJ2kybjL,才开播一天耶，这热度升的好快哇,0,12,1770451661190,浙江,5263697360455998,,7438924716,综艺圆香芹,f,https://m.weibo.cn/u/7438924716?launchid=10000360-page_H5,"https://tvax3.sinaimg.cn/crop.0.0.1000.1000.180/0087qY8Ily8gyb3q9int9j30rs0rsgn5.jpg?KID=imgbed,tva&Expires=1770462461&ssig=oNUmjONKWS"
5263696970647712,1770475415,2026-02-07 14:43:35+08:00,QqJ2kybjL,真的很喜欢看,0,9,1770451661193,辽宁,5263696970647712,,6594796295,朝晖卿茫,f,https://m.weibo.cn/u/6594796295?launchid=10000360-page_H5,"https://tvax2.sinaimg.cn/crop.0.0.1079.1079.180/007cj5Mbly8i9pgvfvgfdj30tz0u0ta0.jpg?KID=imgbed,tva&Expires=1770462461&ssig=SupbTVyj37"
5263696928443265,1770475405,2026-02-07 14:43:25+08:00,QqJ2kybjL,好好看啊,0,9,1770451661193,辽宁,5263696928443265,,7008191518,璇岛聆叶,f,https://m.weibo.cn/u/7008191518?launchid=10000360-page_H5,"https://tvax1.sinaimg.cn/crop.0.0.1080.1080.180/007EhEL4ly8hzodah6o2vj30u00u0afq.jpg?KID=imgbed,tva&Expires=1770462461&ssig=j%2FVTU9IMVD"
5263696976676647,1770475417,2026-02-07 14:43:37+08:00,QqJ2kybjL,很好看啊,0,9,1770451661195,江西,5263696976676647,,7807458677,云襄的爱人,m,https://m.weibo.cn/u/7807458677?launchid=10000360-page_H5,"https://tvax3.sinaimg.cn/crop.0.0.942.942.180/008wniERly8h8y2bqsdffj30q60q6wfr.jpg?KID=imgbed,tva&Expires=1770462461&ssig=9SBHVCqG84"
5263696973793854,1770475416,2026-02-07 14:43:36+08:00,QqJ2kybjL,确实是,0,9,1770451661196,浙江,5263696973793854,,3384959940,闹子怪奇怪的,f,https://m.weibo.cn/u/3384959940?launchid=10000360-page_H5,"https://tvax2.sinaimg.cn/crop.0.0.1002.1002.180/c9c263c4ly8gkd1fbjrbdj20ru0rujtv.jpg?KID=imgbed,tva&Expires=1770462461&ssig=%2BeLxtr7lVi"
5263696968548503,1770475414,2026-02-07 14:43:34+08:00,QqJ2kybjL,是这样的,0,9,1770451661197,山东,5263696968548503,,6668166620,狗烧,m,https://m.weibo.cn/u/6668166620?launchid=10000360-page_H5,"https://tvax2.sinaimg.cn/crop.0.0.1080.1080.180/007hgWKwly8i935afwqxzj30u00u0jsz.jpg?KID=imgbed,tva&Expires=1770462461&ssig=GmRmf%2Fc18R"
5263696566685300,1770475319,2026-02-07 14:41:59+08:00,QqJ2kybjL,嘿！你也在关注“太平年”吗？快戳《太平年》演员进入专题页查看并关注相关博主吧，包含@白宇WHITE 、@周雨彤微博 等18位博主哦，热门精彩内容不错过！,0,1,1770451661199,,5263696566685300,https://wx3.sinaimg.cn/large/006LRvLXly1i9iuh7qzxjj30ji06s0vg.jpg,5406006781,微博电视剧,m,https://m.weibo.cn/u/5406006781?launchid=10000360-page_H5,"https://tvax1.sinaimg.cn/crop.0.0.180.180.180/005TR3jLly8i2lpl2ell1j6050050q2v02.jpg?KID=imgbed,tva&Expires=1770462461&ssig=bZlodDGJqP"
5263712227165532,1770479053,2026-02-07 15:44:13+08:00,QqJ2kybjL,不辣菜，都可以看一个平台的 查看图片,1,1,1770451661200,四川,5263712227165532,https://wx1.sinaimg.cn/large/62e0dc47gy1ia22403ht0j21jk0v9wwv.jpg,1658903623,佑菓,f,https://m.weibo.cn/u/1658903623?launchid=10000360-page_H5,"https://tvax3.sinaimg.cn/crop.0.0.500.500.180/62e0dc47ly8i9tozqidk3j20dw0dwwfp.jpg?KID=imgbed,tva&Expires=1770462461&ssig=j7RRl35PM4"
5263711895816715,1770478974,2026-02-07 15:42:54+08:00,QqJ2kybjL,题材不同都是爱奇艺的剧集，欢迎一起来看《生命树》，保证好看，不好看我生7个儿子 查看图片,1,0,1770451661201,四川,5263711895816715,https://wx3.sinaimg.cn/large/62e0dc47gy1ia222nm913j215o224e81.jpg,1658903623,佑菓,f,https://m.weibo.cn/u/1658903623?launchid=10000360-page_H5,"https://tvax3.sinaimg.cn/crop.0.0.500.500.180/62e0dc47ly8i9tozqidk3j20dw0dwwfp.jpg?KID=imgbed,tva&Expires=1770462461&ssig=j7RRl35PM4"
5263716903818401,1770480168,2026-02-07 16:02:48+08:00,QqJ2kybjL,没有什么好骄傲的，短剧改编，又穿越什么的，迎合短剧的趋势，有什么脸跟正剧比较，太平年，生命树，是他得不到的爸爸，因为他们没机会演这么好的剧，因为演技撑不起来好剧！,0,0,1770451661203,辽宁,5263716903818401,,6340111056,致善小马,f,https://m.weibo.cn/u/6340111056?launchid=10000360-page_H5,"https://tvax4.sinaimg.cn/crop.0.0.1080.1080.180/006V4svKly8i4eyeep9jwj30u00u0q6e.jpg?KID=imgbed,tva&Expires=1770462461&ssig=Hpa5ztO2UQ"
5263713678395982,1770479399,2026-02-07 15:49:59+08:00,QqJ2kybjL,所以杨紫粉丝就别瞧不起别人，自己古偶播的好，粉丝就吹上天，苏不知道都是古偶的底盘而已,1,0,1770451661204,山东,5263713678395982,,2365365293,充满power的小宇宙,f,https://m.weibo.cn/u/2365365293?launchid=10000360-page_H5,"https://tvax1.sinaimg.cn/default/images/default_avatar_female_180.gif?KID=imgbed,tva&Expires=1770462461&ssig=QrY%2FhfLtO8"
5263704375690367,1770477181,2026-02-07 15:13:01+08:00,QqJ2kybjL,太平年三平台比啥,0,0,1770451661205,江苏,5263704375690367,,1792958032,B612星球上唯一的小狐狸,f,https://m.weibo.cn/u/1792958032?launchid=10000360-page_H5,"https://tvax2.sinaimg.cn/crop.0.0.1080.1080.180/6ade5e50ly8hvsnem8108j20u00u03zz.jpg?KID=imgbed,tva&Expires=1770462461&ssig=NM4%2FFlZBlC"
5263716035854445,1770479960,2026-02-07 15:59:20+08:00,QqJ2kybjL,嗯，你爱看多看点。我们爱看生命树的也会每天持续追虽然昨天剧情有点让人泪奔,0,0,1770451661206,上海,5263716035854445,,2643152617,壹闪壹闪小辛_饼干,m,https://m.weibo.cn/u/2643152617?launchid=10000360-page_H5,"https://tvax3.sinaimg.cn/crop.0.0.800.800.180/9d8b4ee9ly8i9l20wwh0oj20m80m8acp.jpg?KID=imgbed,tva&Expires=1770462461&ssig=Wbt%2FXn7v%2Fo"
5263697074195506,1770475440,2026-02-07 14:44:00+08:00,QqJ2kybjL,真的太厉害了,0,6,1770451661208,安徽,5263697074195506,,8449230992,折荔a,m,https://m.weibo.cn/u/8449230992?launchid=10000360-page_H5,"https://tvax1.sinaimg.cn/crop.0.0.1080.1080.180/009dO6Xely8i8zl3s3fygj30u00u0gpt.jpg?KID=imgbed,tva&Expires=1770462461&ssig=V36JVIWlAb"
5263707166736430,1770477845,2026-02-07 15:24:05+08:00,QqJ2kybjL,古偶市场一直都比正剧大，因为大部分人都喜欢不带脑子看剧,0,0,1770451661209,浙江,5263707166736430,,3097314547,爱唱歌的小肥啾,m,https://m.weibo.cn/u/3097314547?launchid=10000360-page_H5,"https://tvax2.sinaimg.cn/crop.0.0.512.512.180/b89d44f3ly8gswuoh35fkj20e80e8aac.jpg?KID=imgbed,tva&Expires=1770462461&ssig=Roh%2FHRa83L"
5263697010493891,1770475425,2026-02-07 14:43:45+08:00,QqJ2kybjL,真的很好看,0,7,1770451661211,江西,5263697010493891,,7774374588,一只漂流的晓瓶子,m,https://m.weibo.cn/u/7774374588?launchid=10000360-page_H5,"https://tvax3.sinaimg.cn/crop.0.0.512.512.180/008u8tYwly8h4ccufffonj30e80e8q3a.jpg?KID=imgbed,tva&Expires=1770462461&ssig=vzzrNS4%2Fp6"
5263696906684616,1770475400,2026-02-07 14:43:20+08:00,QqJ2kybjL,没必要拉踩,0,7,1770451661212,湖南,5263696906684616,,7298789729,超喜欢冷脸萌,f,https://m.weibo.cn/u/7298789729?launchid=10000360-page_H5,"https://tvax1.sinaimg.cn/crop.0.1.1206.1206.180/005BHmQ1ly8ia0ba7rsm8j30u00u076p.jpg?KID=imgbed,tva&Expires=1770462461&ssig=kMPM8S5wcg"
5263714725139416,1770479648,2026-02-07 15:54:08+08:00,QqJ2kybjL,这个词条太歹毒了，都是好剧，都在不同赛道，受众大部分也不一样，别引战了好么 ,0,0,1770451661213,江苏,5263714725139416,,2867971362,295打饼酱哦,f,https://m.weibo.cn/u/2867971362?launchid=10000360-page_H5,"https://tva2.sinaimg.cn/crop.0.0.180.180.180/aaf1c522jw1e8qgp5bmzyj2050050aa8.jpg?KID=imgbed,tva&Expires=1770462461&ssig=XfkkxZ5ePO"
5263712244203956,1770479056,2026-02-07 15:44:16+08:00,QqJ2kybjL,@综艺崽崽酱,0,0,1770451675666,四川,5263712227165532,,1658903623,佑菓,f,https://m.weibo.cn/u/1658903623?launchid=10000360-page_H5,"https://tvax3.sinaimg.cn/crop.0.0.500.500.180/62e0dc47ly8i9tozqidk3j20dw0dwwfp.jpg?KID=imgbed,tva&Expires=1770462461&ssig=j7RRl35PM4"
5263711971574448,1770478992,2026-02-07 15:43:12+08:00,QqJ2kybjL,@综艺崽崽酱,0,0,1770451675668,四川,5263711895816715,,1658903623,佑菓,f,https://m.weibo.cn/u/1658903623?launchid=10000360-page_H5,"https://tvax3.sinaimg.cn/crop.0.0.500.500.180/62e0dc47ly8i9tozqidk3j20dw0dwwfp.jpg?KID=imgbed,tva&Expires=1770462461&ssig=j7RRl35PM4"
5263716154868793,1770479989,2026-02-07 15:59:49+08:00,QqJ2kybjL,又关杨紫什么事，杨紫拍古偶被骂的更凶怎么没人说,0,0,1770451675669,四川,5263713678395982,,7881658315,偏爱人间烟火ztca,f,https://m.weibo.cn/u/7881658315?launchid=10000360-page_H5,"https://tvax3.sinaimg.cn/crop.0.0.1080.1080.180/008BoDndly8hjze1o8rw7j30u00u1tdx.jpg?KID=imgbed,tva&Expires=1770462461&ssig=xxEAnd6%2BqN"
