comment_id,create_time,create_date_time,note_id,content,sub_comment_count,comment_like_count,last_modify_ts,ip_location,parent_comment_id,pictures,user_id,nickname,gender,profile_url,avatar
5258215260686217,1769168474,2026-01-23 11:41:14+08:00,QoqfOroqv,希望是教学统一，不要学生不考来考老师，一面学生要减压减负，一面又给老师搞任务搞考核，搞得教师里外不是人夹缝中求生。,67,2753,1770362745408,湖北,5258215260686217,,3934985539,山咔咔里的M8,m,https://m.weibo.cn/u/3934985539?launchid=10000360-page_H5,"https://tvax1.sinaimg.cn/crop.0.0.1076.1076.180/ea8b1d43ly8i2t3c4wuk0j20tw0twju7.jpg?KID=imgbed,tva&Expires=1770373545&ssig=7ch7gYPV%2FC"
5258225416929656,1769170894,2026-01-23 12:21:34+08:00,QoqfOroqv,越隐瞒越焦虑,21,1696,1770362745411,辽宁,5258225416929656,,7383111515,杏林肖肖,f,https://m.weibo.cn/u/7383111515?launchid=10000360-page_H5,"https://tvax2.sinaimg.cn/crop.0.0.996.996.180/0083EMzNly8gbo2cko9r0j30ro0rogma.jpg?KID=imgbed,tva&Expires=1770373545&ssig=VuS7st5Zpb"
5258269767765007,1769181469,2026-01-23 15:17:49+08:00,QoqfOroqv,平时不练兵，到毕业时直接上考场？！,56,1266,1770362745412,山西,5258269767765007,,7720826552,打哈欠都要记本本,f,https://m.weibo.cn/u/7720826552?launchid=10000360-page_H5,"https://tvax1.sinaimg.cn/crop.0.0.1080.1080.180/008qvNGwly8hw7z1fu0ebj30u00u0dn3.jpg?KID=imgbed,tva&Expires=1770373545&ssig=4Fo58lOwu6"
5258234006344696,1769172943,2026-01-23 12:55:43+08:00,QoqfOroqv,开始玩快乐教育那一套了吗？,70,1013,1770362745413,广东,5258234006344696,,2140492002,甜豆腐花甜豆浆身心健康,m,https://m.weibo.cn/u/2140492002?launchid=10000360-page_H5,"https://tvax3.sinaimg.cn/crop.0.0.960.960.180/7f9550e2ly8hdf54wrt1ej20qo0qo418.jpg?KID=imgbed,tva&Expires=1770373545&ssig=Er6U79gNdw"
5258259581635886,1769179041,2026-01-23 14:37:21+08:00,QoqfOroqv,取消期末统考就减轻了学业压力？？？难道学业压力主要是期末统考带来的吗,16,916,1770362745415,广西,5258259581635886,,2009244985,普通用户_3721,m,https://m.weibo.cn/u/2009244985?launchid=10000360-page_H5,"https://tvax4.sinaimg.cn/crop.0.0.360.360.180/77c2a539ly8h8142utc9tj20a00a0aa8.jpg?KID=imgbed,tva&Expires=1770373545&ssig=kvpz5j1GWw"
5258218095775579,1769169150,2026-01-23 11:52:30+08:00,QoqfOroqv,有人在胡来。,19,580,1770362745416,北京,5258218095775579,,1402238542,此时明月照九州,m,https://m.weibo.cn/u/1402238542?launchid=10000360-page_H5,"https://tvax2.sinaimg.cn/crop.0.0.1080.1080.180/5394764ely8h4vpeslpgbj20u00u0do1.jpg?KID=imgbed,tva&Expires=1770373545&ssig=tq3ThcDLB0"
5258265810437041,1769180526,2026-01-23 15:02:06+08:00,QoqfOroqv,没搞懂这个举措，期末考试并没有取消，还是照常进行，那还不如全区统考，反正都要考，又跑不脱。,27,378,1770362745417,四川,5258265810437041,,6088344430,飒岚枫Elva,f,https://m.weibo.cn/u/6088344430?launchid=10000360-page_H5,"https://tvax4.sinaimg.cn/crop.0.0.828.828.180/006E24vIly8grn8lqfmyij30n00n0dh1.jpg?KID=imgbed,tva&Expires=1770373545&ssig=DVgbbFFP%2BA"
5258252276992486,1769177299,2026-01-23 14:08:19+08:00,QoqfOroqv,只有公立学校遵守规定，私立学校一般不会遵守，又会造成不平衡，现在私立学校是最卷的,25,282,1770362745418,广东,5258252276992486,,1736705045,-极品蓝山-,m,https://m.weibo.cn/u/1736705045?launchid=10000360-page_H5,"https://tvax3.sinaimg.cn/crop.0.0.1080.1080.180/67840415ly8gvsx75zu08j20u00u0gm2.jpg?KID=imgbed,tva&Expires=1770373545&ssig=7byruzBkiG"
5258211923071299,1769167678,2026-01-23 11:27:58+08:00,QoqfOroqv,换了个名字，叫期末大训练,15,139,1770362745419,陕西,5258211923071299,,3211358003,瓜大僵尸,f,https://m.weibo.cn/u/3211358003?launchid=10000360-page_H5,"https://tva4.sinaimg.cn/crop.0.0.180.180.180/bf696f33jw1e8qgp5bmzyj2050050aa8.jpg?KID=imgbed,tva&Expires=1770373545&ssig=d%2BtdieqICA"
5258208764499454,1769166925,2026-01-23 11:15:25+08:00,QoqfOroqv,不上学更能解决学业压力,3,126,1770362745421,北京,5258208764499454,,7385419828,酸辣粉大人,m,https://m.weibo.cn/u/7385419828?launchid=10000360-page_H5,"https://tvax3.sinaimg.cn/crop.0.0.828.828.180/0083Ot4Ely8gbk6wkekz0j30n00n0768.jpg?KID=imgbed,tva&Expires=1770373545&ssig=DDKRu09tuY"
5258213800805164,1769168126,2026-01-23 11:35:26+08:00,QoqfOroqv,放过基层老师,15,150,1770362745423,湖北,5258213800805164,,3630634347,卷毛里有只爱打嗝的汽水猫,m,https://m.weibo.cn/u/3630634347?launchid=10000360-page_H5,"https://tvax4.sinaimg.cn/crop.0.2.1242.1242.180/d867156bly8fdflw2pwncj20yi0yn0tr.jpg?KID=imgbed,tva&Expires=1770373545&ssig=xGdOkP0EBa"
5258272580045275,1769182140,2026-01-23 15:29:00+08:00,QoqfOroqv,减负降压我是支持的，前提是私立学校一起，别公立搞快乐教育，私立搞精英,5,101,1770362745424,广西,5258272580045275,,5262460537,尼古拉斯妖琳,m,https://m.weibo.cn/u/5262460537?launchid=10000360-page_H5,"https://tvax2.sinaimg.cn/crop.0.0.512.512.180/005K8KnLly8g4mitcdsglj30e80e874z.jpg?KID=imgbed,tva&Expires=1770373545&ssig=k1egDb8FaB"
5258268463335453,1769181158,2026-01-23 15:12:38+08:00,QoqfOroqv,有本事取消中考高考呀,10,128,1770362745426,上海,5258268463335453,,2881557357,手机用户2881557357,f,https://m.weibo.cn/u/2881557357?launchid=10000360-page_H5,"https://tvax1.sinaimg.cn/default/images/default_avatar_female_180.gif?KID=imgbed,tva&Expires=1770373545&ssig=2HxZTmyVQU"
5258259959123236,1769179131,2026-01-23 14:38:51+08:00,QoqfOroqv,要实行快乐教育吗？学西方那一套,17,112,1770362745427,广东,5258259959123236,,5815680772,秀Mandy,f,https://m.weibo.cn/u/5815680772?launchid=10000360-page_H5,"https://tva2.sinaimg.cn/crop.0.0.170.170.180/006lA0eMjw8ezhisu6mqqj304q04qt8h.jpg?KID=imgbed,tva&Expires=1770373545&ssig=dDqPqB4bMz"
5258271323588567,1769181840,2026-01-23 15:24:00+08:00,QoqfOroqv,怎么给我感觉有点像快乐教育的前奏呢？我觉得少考试可以，但是期末还是要考的。,6,67,1770362745428,天津,5258271323588567,,1769402715,hao慢hao慢,f,https://m.weibo.cn/u/1769402715?launchid=10000360-page_H5,"https://tvax2.sinaimg.cn/crop.0.0.773.773.180/6976f15bly8hi55xph34lj20lh0lhjs3.jpg?KID=imgbed,tva&Expires=1770373545&ssig=7Tv1%2B1HYED"
5258270638080877,1769181677,2026-01-23 15:21:17+08:00,QoqfOroqv,护学岗、老师节假日值班、家委会这些也都应该取消,3,70,1770362745430,辽宁,5258270638080877,,6338035927,小小哥de哥,m,https://m.weibo.cn/u/6338035927?launchid=10000360-page_H5,"https://tvax1.sinaimg.cn/crop.0.0.1002.1002.180/006UVKFVly8g60nqocnf4j30ru0ruwfc.jpg?KID=imgbed,tva&Expires=1770373545&ssig=wL2EgQjf72"
5258279300373781,1769183742,2026-01-23 15:55:42+08:00,QoqfOroqv,到底是哪些人在支持呀,6,53,1770362745431,山东,5258279300373781,,7215166228,天天开心0793,m,https://m.weibo.cn/u/7215166228?launchid=10000360-page_H5,"https://tvax1.sinaimg.cn/crop.0.0.996.996.180/007Si6kQly8gqondxb8bqj30ro0rogo9.jpg?KID=imgbed,tva&Expires=1770373545&ssig=gz7r%2BxR%2BrY"
5258282568519673,1769184521,2026-01-23 16:08:41+08:00,QoqfOroqv,又来温水煮青蛙了！平时不考，最后高考都考的啥也不是,4,48,1770362745432,天津,5258282568519673,,1671901553,伊楚777,f,https://m.weibo.cn/u/1671901553?launchid=10000360-page_H5,"https://tva4.sinaimg.cn/crop.0.0.180.180.180/63a73171jw1e8qgp5bmzyj2050050aa8.jpg?KID=imgbed,tva&Expires=1770373545&ssig=97h4DhWzTB"
5258265462312717,1769180443,2026-01-23 15:00:43+08:00,QoqfOroqv,直接取消所有小学到高中的考试，所有的大学不分本科专科，全是职业学校，想再提升就接着考研考博接着学,4,32,1770362745433,湖北,5258265462312717,,5602596479,一二听了随笔,f,https://m.weibo.cn/u/5602596479?launchid=10000360-page_H5,"https://tva1.sinaimg.cn/crop.0.0.512.512.180/00679Vhljw8escz7xt5p7j30e80e8jrm.jpg?KID=imgbed,tva&Expires=1770373545&ssig=%2BHsTTFUMuh"
5258263816044787,1769180049,2026-01-23 14:54:09+08:00,QoqfOroqv,你们不下基层问问普通老师吗？,1,44,1770362745435,安徽,5258263816044787,,2332184587,用户名和密码忘了,m,https://m.weibo.cn/u/2332184587?launchid=10000360-page_H5,"https://tvax4.sinaimg.cn/crop.0.0.1024.1024.180/8b02500bly8hyqurdqhhbj20sg0sgtdy.jpg?KID=imgbed,tva&Expires=1770373545&ssig=4P2edsJrBu"
5258259621479045,1769179050,2026-01-23 14:37:30+08:00,QoqfOroqv,快进到举孝廉,4,49,1770362747810,江苏,5258259621479045,,2750963200,姑苏玄律,m,https://m.weibo.cn/u/2750963200?launchid=10000360-page_H5,"https://tvax3.sinaimg.cn/crop.0.0.1080.1080.180/a3f85e00ly8h2dpz0d3aoj20u00u0tdd.jpg?KID=imgbed,tva&Expires=1770373547&ssig=J%2F65GInJXz"
5258266180849084,1769180614,2026-01-23 15:03:34+08:00,QoqfOroqv,想要学好的学生会焦虑，很多家长也会焦虑，哎.......表面上不卷了，反而在背后会卷更多的东西了,2,30,1770362747812,江苏,5258266180849084,,2045799821,Mavis_wky,f,https://m.weibo.cn/u/2045799821?launchid=10000360-page_H5,"https://tvax3.sinaimg.cn/crop.0.0.1080.1080.180/79f06d8dly8hpf6mtq48mj20u00u0q46.jpg?KID=imgbed,tva&Expires=1770373547&ssig=zmLh8MNr3K"
5258291120964809,1769186560,2026-01-23 16:42:40+08:00,QoqfOroqv,正常考试有何不行，别越改越复杂了，教委人员能不能认真思考,0,18,1770362747813,北京,5258291120964809,,2119175514,julia509,f,https://m.weibo.cn/u/2119175514?launchid=10000360-page_H5,"https://tvax2.sinaimg.cn/crop.0.97.640.640.180/7e500d5aly8gfbcl5zoclj20hs0n6gml.jpg?KID=imgbed,tva&Expires=1770373547&ssig=FI3yO0t4Fm"
5258277416078054,1769183293,2026-01-23 15:48:13+08:00,QoqfOroqv,最终不是还得走中高考的独木桥吗？,0,20,1770362747814,河北,5258277416078054,,2457595364,春暖花开嘻哈,f,https://m.weibo.cn/u/2457595364?launchid=10000360-page_H5,"https://tvax2.sinaimg.cn/crop.0.0.1080.1080.180/927bede4ly8hbb6l7tnmbj20u00u0tao.jpg?KID=imgbed,tva&Expires=1770373547&ssig=Fdlz3Ix8F2"
5258300838381815,1769188877,2026-01-23 17:21:17+08:00,QoqfOroqv,请问中考取消了，大家都直升髙中？？不考试，只让家长更卷,1,10,1770362747815,广东,5258300838381815,,5387271710,夏天一条鱼,m,https://m.weibo.cn/u/5387271710?launchid=10000360-page_H5,"https://tvax1.sinaimg.cn/default/images/default_avatar_male_180.gif?KID=imgbed,tva&Expires=1770373547&ssig=6%2BGC6cvB4l"
5258269410199206,1769181384,2026-01-23 15:16:24+08:00,QoqfOroqv,学一滴水就考一滴水，也是对中小学生的尊重。,1,14,1770362747817,江苏,5258269410199206,,2695640481,来不及说的诺言,f,https://m.weibo.cn/u/2695640481?launchid=10000360-page_H5,"https://tva1.sinaimg.cn/crop.0.0.180.180.180/a0ac35a1jw1e8qgp5bmzyj2050050aa8.jpg?KID=imgbed,tva&Expires=1770373547&ssig=AT5eskXnFm"
5258266817862747,1769180766,2026-01-23 15:06:06+08:00,QoqfOroqv,快乐教育为啥都近视了，一坐一天比上班都累,1,25,1770362747818,吉林,5258266817862747,,2487724823,红气球小妍,f,https://m.weibo.cn/u/2487724823?launchid=10000360-page_H5,"https://tvax1.sinaimg.cn/default/images/default_avatar_female_180.gif?KID=imgbed,tva&Expires=1770373547&ssig=x%2Fdc1FdjCT"
5258210065776715,1769167234,2026-01-23 11:20:34+08:00,QoqfOroqv,重点不应该是社会分配问题嘛,1,18,1770362747820,湖北,5258210065776715,,6479869576,啃瓜皮的小侠,f,https://m.weibo.cn/u/6479869576?launchid=10000360-page_H5,"https://tvax1.sinaimg.cn/crop.0.0.1080.1080.180/0074wS5qly8ghmxd1sm5kj30u00u0why.jpg?KID=imgbed,tva&Expires=1770373547&ssig=P0TuaOFGeX"
5258335282795428,1769197089,2026-01-23 19:38:09+08:00,QoqfOroqv,每个孩子都能上高中，我也无所谓考不考。,0,8,1770362747821,陕西,5258335282795428,,1263137787,晓曼smile,f,https://m.weibo.cn/u/1263137787?launchid=10000360-page_H5,"https://tva3.sinaimg.cn/crop.0.0.720.720.180/4b49f3fbjw8elb1zwaohcj20k00k0jsc.jpg?KID=imgbed,tva&Expires=1770373547&ssig=QrUMR3eh6N"
5258267686341234,1769180973,2026-01-23 15:09:33+08:00,QoqfOroqv,微微一笑懂得都懂,0,13,1770362747822,广东,5258267686341234,,1878474197,JoJo赤道与北极,f,https://m.weibo.cn/u/1878474197?launchid=10000360-page_H5,"https://tva2.sinaimg.cn/crop.0.0.180.180.180/6ff73dd5gw1eejwpiyolwj2050050gll.jpg?KID=imgbed,tva&Expires=1770373547&ssig=vpYDPYyR2a"
5258291781307024,1769186718,2026-01-23 16:45:18+08:00,QoqfOroqv,快乐教育会害了孩子,2,11,1770362747824,辽宁,5258291781307024,,7237965161,不得不起个名,m,https://m.weibo.cn/u/7237965161?launchid=10000360-page_H5,"https://tvax3.sinaimg.cn/crop.0.0.1080.1080.180/007TPLnzly8i6rczsooymj30u00u0q6d.jpg?KID=imgbed,tva&Expires=1770373547&ssig=AFGijLqJGY"
5258270994336024,1769181762,2026-01-23 15:22:42+08:00,QoqfOroqv,新名字我都想好了：学生知识大比武,0,17,1770362747825,辽宁,5258270994336024,,6338035927,小小哥de哥,m,https://m.weibo.cn/u/6338035927?launchid=10000360-page_H5,"https://tvax1.sinaimg.cn/crop.0.0.1002.1002.180/006UVKFVly8g60nqocnf4j30ru0ruwfc.jpg?KID=imgbed,tva&Expires=1770373547&ssig=%2FdzC6CKvIJ"
5258310037017137,1769191070,2026-01-23 17:57:50+08:00,QoqfOroqv,越隐瞒越焦虑。我不为成绩不为排名，我只想知道孩子哪里没学好，之后查漏补缺！现在卷子都看不到。,0,9,1770362747827,四川,5258310037017137,,5842601936,用户5842601936,m,https://m.weibo.cn/u/5842601936?launchid=10000360-page_H5,"https://tvax1.sinaimg.cn/default/images/default_avatar_male_180.gif?KID=imgbed,tva&Expires=1770373547&ssig=6%2BGC6cvB4l"
5258279169035103,1769183711,2026-01-23 15:55:11+08:00,QoqfOroqv,出了社会考公考编不也得出成绩嘛,0,9,1770362747828,山东,5258279169035103,,3937653156,琼琼xi,f,https://m.weibo.cn/u/3937653156?launchid=10000360-page_H5,"https://tvax1.sinaimg.cn/crop.0.0.1002.1002.180/eab3d1a4ly8gg70kfyqp8j20ru0rujtw.jpg?KID=imgbed,tva&Expires=1770373547&ssig=A9867caS5Z"
5258360049895681,1769202994,2026-01-23 21:16:34+08:00,QoqfOroqv,不要步美国后尘,0,5,1770362747829,北京,5258360049895681,,6457826468,爱吃葡萄的小兔子20230819,f,https://m.weibo.cn/u/6457826468?launchid=10000360-page_H5,"https://tvax2.sinaimg.cn/crop.0.0.600.600.180/00732nFqly8ha6r6psnnaj30go0gojtk.jpg?KID=imgbed,tva&Expires=1770373547&ssig=FCCxmQdmSw"
5258314950902752,1769192242,2026-01-23 18:17:22+08:00,QoqfOroqv,彰显了学位房的重要性。普通学校的孩子看不到跟重点学校的差距了，卷子难度不一样。,0,6,1770362747831,湖南,5258314950902752,,1977010763,诗酒话年华99,f,https://m.weibo.cn/u/1977010763?launchid=10000360-page_H5,"https://tvax1.sinaimg.cn/crop.0.0.1002.1002.180/75d6ca4bly8gik3yctvxsj20ru0rumzk.jpg?KID=imgbed,tva&Expires=1770373547&ssig=DV9G5pyc9c"
5258278204343171,1769183481,2026-01-23 15:51:21+08:00,QoqfOroqv,过犹不及,0,6,1770362747833,广东,5258278204343171,,1880446534,Kristin丶l,f,https://m.weibo.cn/u/1880446534?launchid=10000360-page_H5,"https://tvax1.sinaimg.cn/crop.0.0.512.512.180/70155646ly8gsucr6o52sj20e80e8my6.jpg?KID=imgbed,tva&Expires=1770373547&ssig=3ap5iKYX93"
5258269238496213,1769181343,2026-01-23 15:15:43+08:00,QoqfOroqv,统考可以取消，但是学校得考一下看看娃娃的程度,1,6,1770362747834,宁夏,5258269238496213,,6720699357,被踢过的风,f,https://m.weibo.cn/u/6720699357?launchid=10000360-page_H5,"https://tvax4.sinaimg.cn/crop.0.0.996.996.180/007kPmUJly8gsml52if6fj30ro0rowgy.jpg?KID=imgbed,tva&Expires=1770373547&ssig=UO%2F6dzPyMQ"
5258269712189102,1769181456,2026-01-23 15:17:36+08:00,QoqfOroqv,那我们这里还是要考的，整个市区一套试卷，县里是另外的试卷,0,6,1770362747836,江西,5258269712189102,,5018469169,Hazellia-,f,https://m.weibo.cn/u/5018469169?launchid=10000360-page_H5,"https://tvax4.sinaimg.cn/crop.0.0.996.996.180/005tCZ57ly8ghp0q0xtizj30ro0rojsk.jpg?KID=imgbed,tva&Expires=1770373547&ssig=mgpWBpPEy1"
5258269364850097,1769181373,2026-01-23 15:16:13+08:00,QoqfOroqv,都去送外卖,0,12,1770362747837,河北,5258269364850097,,2705847511,大猪小猪落玉盘真香警告,f,https://m.weibo.cn/u/2705847511?launchid=10000360-page_H5,"https://tvax4.sinaimg.cn/crop.0.0.1080.1080.180/a147f4d7ly8h854726isfj20u00u0wjr.jpg?KID=imgbed,tva&Expires=1770373547&ssig=xCyK%2BPr3cA"
5258357814332768,1769202461,2026-01-23 21:07:41+08:00,QoqfOroqv,中高考制度不变革说这些都没用。中高考的根儿上就是一个看分的考试 ,0,3,1770362750231,河北,5258357814332768,,5787801388,白日乄依山尽,m,https://m.weibo.cn/u/5787801388?launchid=10000360-page_H5,"https://tvax3.sinaimg.cn/crop.0.0.1006.1006.180/006jH1xily8gdguzlncw4j30ry0ryjsl.jpg?KID=imgbed,tva&Expires=1770373549&ssig=R6GM1e0wGi"
5258320248311979,1769193505,2026-01-23 18:38:25+08:00,QoqfOroqv,怎么着 要取消高考了？,0,4,1770362750233,北京,5258320248311979,,1130444580,熙熙精妖小,f,https://m.weibo.cn/u/1130444580?launchid=10000360-page_H5,"https://tvax4.sinaimg.cn/crop.0.0.1080.1080.180/43613724ly8i72raonmqzj20u00u00xj.jpg?KID=imgbed,tva&Expires=1770373549&ssig=Vn2NeKLUhh"
5258308672030207,1769190745,2026-01-23 17:52:25+08:00,QoqfOroqv,能提前进工厂么？,0,3,1770362750234,辽宁,5258308672030207,,6879610675,就爱说_实话_de-姐,f,https://m.weibo.cn/u/6879610675?launchid=10000360-page_H5,"https://tvax1.sinaimg.cn/crop.0.0.690.690.180/007vA90vly8go1xg80hk0j30j60j6whu.jpg?KID=imgbed,tva&Expires=1770373549&ssig=J8almxtf1v"
5258285847676109,1769185303,2026-01-23 16:21:43+08:00,QoqfOroqv,有啥用？,0,3,1770362750236,山东,5258285847676109,,3983508826,吕大嘻i,f,https://m.weibo.cn/u/3983508826?launchid=10000360-page_H5,"https://tva4.sinaimg.cn/crop.0.0.511.511.180/ed6f855ajw8fag6cy7yqjj20e70e8mx9.jpg?KID=imgbed,tva&Expires=1770373549&ssig=vTAgvlihrV"
5258285267813810,1769185165,2026-01-23 16:19:25+08:00,QoqfOroqv,干脆高考都取消吧哈哈,2,6,1770362750237,福建,5258285267813810,,2308656240,喜多多丫丫,f,https://m.weibo.cn/u/2308656240?launchid=10000360-page_H5,"https://tvax3.sinaimg.cn/crop.0.0.512.512.180/899b4c70ly8g58peoyk80j20e80e80t0.jpg?KID=imgbed,tva&Expires=1770373549&ssig=B4J2xBjleF"
5258278692717055,1769183596,2026-01-23 15:53:16+08:00,QoqfOroqv,快乐教育吗？,0,8,1770362750239,广东,5258278692717055,,1891095177,学校的章鱼,f,https://m.weibo.cn/u/1891095177?launchid=10000360-page_H5,"https://tvax2.sinaimg.cn/crop.0.0.1080.1080.180/70b7d289ly8h50a66oxe7j20u00u0th7.jpg?KID=imgbed,tva&Expires=1770373549&ssig=aO1z1HtapD"
5258270555768170,1769181657,2026-01-23 15:20:57+08:00,QoqfOroqv,一直都是应试教育，就是为了考试而教育的,3,6,1770362750240,广东,5258270555768170,,3547107331,王自生象棋,m,https://m.weibo.cn/u/3547107331?launchid=10000360-page_H5,"https://tvax4.sinaimg.cn/crop.0.0.996.996.180/d36c9003ly8fovdvwej6bj20ro0romye.jpg?KID=imgbed,tva&Expires=1770373549&ssig=wLxJovB15o"
5258265357190467,1769180418,2026-01-23 15:00:18+08:00,QoqfOroqv,我们是毕业年级都不统考了，真的太左了吧,1,6,1770362750241,四川,5258265357190467,,1744343231,pjh小小,m,https://m.weibo.cn/u/1744343231?launchid=10000360-page_H5,"https://tvax4.sinaimg.cn/crop.0.0.751.751.180/67f890bfly8gdkbx2gdy6j20kv0kvab7.jpg?KID=imgbed,tva&Expires=1770373549&ssig=kFmps71qbc"
5258282332860021,1769184465,2026-01-23 16:07:45+08:00,QoqfOroqv,取消期末统考就减轻了学业压力？？？难道学业压力主要是期末统考带来的吗,0,4,1770362750242,湖南,5258282332860021,,7355544686,紫菜蛋花汤200902,f,https://m.weibo.cn/u/7355544686?launchid=10000360-page_H5,"https://tvax3.sinaimg.cn/crop.0.0.664.664.180/0081N7bwly8g9x8wlaqshj30ig0igdh8.jpg?KID=imgbed,tva&Expires=1770373549&ssig=c%2B0uaHdJCM"
5258347470135557,1769199995,2026-01-23 20:26:35+08:00,QoqfOroqv,小学砍掉英语，减负1/3，那是真的减负啊,0,3,1770362750244,上海,5258347470135557,,1792333555,xiaoou22,m,https://m.weibo.cn/u/1792333555?launchid=10000360-page_H5,"https://tva2.sinaimg.cn/crop.80.98.240.240.180/6ad4d6f3jw1e7m6os5bj9j20b40aw3z2.jpg?KID=imgbed,tva&Expires=1770373549&ssig=fpPlGDkoxO"
5258314197764656,1769192062,2026-01-23 18:14:22+08:00,QoqfOroqv,取消是一种趋势与必然！,0,3,1770362750246,山东,5258314197764656,,1507338420,富在买房,m,https://m.weibo.cn/u/1507338420?launchid=10000360-page_H5,"https://tva2.sinaimg.cn/crop.0.0.480.480.180/59d828b4jw8er48hbfxgij20dc0dc74e.jpg?KID=imgbed,tva&Expires=1770373549&ssig=VqJWy3zKRZ"
5258280169637272,1769183949,2026-01-23 15:59:09+08:00,QoqfOroqv,为什么我们经常是从这个极端走向另外一个极端呢？,0,3,1770362750247,陕西,5258280169637272,,5580424228,潜水爱好者c,f,https://m.weibo.cn/u/5580424228?launchid=10000360-page_H5,"https://tvax3.sinaimg.cn/crop.0.0.986.986.180/0065ETgoly8grvdh44e86j30re0redgw.jpg?KID=imgbed,tva&Expires=1770373549&ssig=brd2HAZRAT"
5258281136430034,1769184180,2026-01-23 16:03:00+08:00,QoqfOroqv,取消中考挺好的平时少考试挺好的,0,2,1770362750248,广西,5258281136430034,,3153291174,福气安康气血充足,f,https://m.weibo.cn/u/3153291174?launchid=10000360-page_H5,"https://tvax2.sinaimg.cn/crop.0.0.500.500.180/bbf367a6ly8i9deyn8zgoj20dw0dwabc.jpg?KID=imgbed,tva&Expires=1770373549&ssig=JjpIcadxMX"
5258214977309785,1769168406,2026-01-23 11:40:06+08:00,QoqfOroqv,,0,1,1770362750250,北京,5258214977309785,,1902298885,北京高生,m,https://m.weibo.cn/u/1902298885?launchid=10000360-page_H5,"https://tvax4.sinaimg.cn/crop.0.0.996.996.180/7162c705ly8gcnre3s38ej20ro0rowg8.jpg?KID=imgbed,tva&Expires=1770373549&ssig=%2BRX0TXUMWK"
5258283465838901,1769184735,2026-01-23 16:12:15+08:00,QoqfOroqv,笑死了,0,2,1770362750251,福建,5258283465838901,,2757036737,世界第一sayo吹小洋葱,m,https://m.weibo.cn/u/2757036737?launchid=10000360-page_H5,"https://tvax2.sinaimg.cn/crop.0.0.512.512.180/a4550ac1ly8fgjfqy7g6nj20e80e83yx.jpg?KID=imgbed,tva&Expires=1770373549&ssig=HbkC5tpIFp"
5258306616558198,1769190254,2026-01-23 17:44:14+08:00,QoqfOroqv,我家娃上幼儿园时搞双减，幼儿园啥也不教，然后一年级跟不上，天天哭着不上学，二年级才跟上，一二年级不留作业不考试，三年级刚刚考试，又不打分，留作业也都写着自愿，孩子一看自愿也不爱写，天天搞得特焦虑,1,1,1770362750252,北京,5258306616558198,,7505587959,呀小崔,f,https://m.weibo.cn/u/7505587959?launchid=10000360-page_H5,"https://tvax3.sinaimg.cn/crop.0.0.996.996.180/008bWGijly8glqx27atywj30ro0ro40g.jpg?KID=imgbed,tva&Expires=1770373549&ssig=%2BQMqpnEl%2B9"
5258281497142329,1769184266,2026-01-23 16:04:26+08:00,QoqfOroqv,那干嘛分班分的那么严重，好的学生都在一个班，和差的学生都在一个班,1,4,1770362750254,湖南,5258281497142329,,5088491527,梦幽兰1014,f,https://m.weibo.cn/u/5088491527?launchid=10000360-page_H5,"https://tvax3.sinaimg.cn/crop.0.1.1078.1078.180/005ymN5Zly8i8te9ixx6tj30ty0u0q74.jpg?KID=imgbed,tva&Expires=1770373549&ssig=0WB%2FiHi90A"
5258262196260239,1769179664,2026-01-23 14:47:44+08:00,QoqfOroqv,取消的好，统考就是给学生，家长，以及学校带来很大的压力,2,2,1770362750256,广东,5258262196260239,,1798107570,小狼家好,m,https://m.weibo.cn/u/1798107570?launchid=10000360-page_H5,"https://tvax3.sinaimg.cn/crop.0.0.1080.1080.180/6b2cf1b2ly8hdwib2utvoj20u00u0mz3.jpg?KID=imgbed,tva&Expires=1770373549&ssig=0ARl9zSxvr"
5259641749504281,1769508574,2026-01-27 10:09:34+08:00,QoqfOroqv,有什么用，最好还是要中考，高考，学校不学的，课外家长要花更多钱去补,0,1,1770362750257,江苏,5259641749504281,,6658689750,羊咩咩咩2018,f,https://m.weibo.cn/u/6658689750?launchid=10000360-page_H5,"https://tvax3.sinaimg.cn/crop.0.0.824.824.180/007gDbnMly8hixw64s3taj30mw0mwt9k.jpg?KID=imgbed,tva&Expires=1770373549&ssig=YVekGuo7li"
5258379782263598,1769207699,2026-01-23 22:34:59+08:00,QoqfOroqv,以前有人想交钱上的时候上不了，现在人口下降，直接让你上学，但是得交钱！,0,1,1770362750259,内蒙古,5258379782263598,,1679197894,Starnic,m,https://m.weibo.cn/u/1679197894?launchid=10000360-page_H5,"https://tva4.sinaimg.cn/crop.0.0.180.180.180/641686c6jw1e8qgp5bmzyj2050050aa8.jpg?KID=imgbed,tva&Expires=1770373549&ssig=bI5mygmVKQ"
5258377661780451,1769207193,2026-01-23 22:26:33+08:00,QoqfOroqv,现在这个教育让我很迷茫，作为小学老师的我，我在愁自己幼儿园的娃，该上公立还是私立，看不懂哪个更靠谱了。,0,1,1770362752615,广东,5258377661780451,,2025435763,Ms白开,f,https://m.weibo.cn/u/2025435763?launchid=10000360-page_H5,"https://tvax4.sinaimg.cn/crop.0.0.1080.1080.180/78b9b273ly8h7g6erqmxtj20u00u03zr.jpg?KID=imgbed,tva&Expires=1770373552&ssig=1STJLdOQ21"
5258375865831636,1769206765,2026-01-23 22:19:25+08:00,QoqfOroqv,干脆不要考试算了，直接都大学好了,0,8,1770362752617,上海,5258375865831636,,5307852839,窝着的兔子,m,https://m.weibo.cn/u/5307852839?launchid=10000360-page_H5,"https://tvax4.sinaimg.cn/crop.0.0.836.836.180/005NdcZFly8gbaxsgsyy8j30n80n8jrr.jpg?KID=imgbed,tva&Expires=1770373552&ssig=u7WsD%2F72fU"
5258369071584247,1769205145,2026-01-23 21:52:25+08:00,QoqfOroqv,取消高考呀,0,2,1770362752619,浙江,5258369071584247,,7805804810,用户7805804810,f,https://m.weibo.cn/u/7805804810?launchid=10000360-page_H5,"https://tvax1.sinaimg.cn/default/images/default_avatar_female_180.gif?KID=imgbed,tva&Expires=1770373552&ssig=mUCFxsbUVp"
5258346473194390,1769199756,2026-01-23 20:22:36+08:00,QoqfOroqv,高考的选拔性没有改变啊，前期快乐了，后面拿到成绩才发现自己和别人的差距有多大，而且这样下去 差距会越来越大，高考的选拔性也实现了。,0,1,1770362752620,河北,5258346473194390,,3295399545,吃橘子不吐橘子皮ye,f,https://m.weibo.cn/u/3295399545?launchid=10000360-page_H5,"https://tvax1.sinaimg.cn/crop.0.0.1080.1080.180/c46bce79ly8hy0oi3iv5yj20u00u0tcq.jpg?KID=imgbed,tva&Expires=1770373552&ssig=R9XWMTWVGz"
5258346129000239,1769199675,2026-01-23 20:21:15+08:00,QoqfOroqv,取消统考不代表学校不安排考试,0,1,1770362752621,浙江,5258346129000239,,2811332412,王各王各Abby,f,https://m.weibo.cn/u/2811332412?launchid=10000360-page_H5,"https://tvax2.sinaimg.cn/crop.0.0.1002.1002.180/a791873cly8g5bcsaxdwrj20ru0ru40a.jpg?KID=imgbed,tva&Expires=1770373552&ssig=KazvqU0mkh"
5258342659785154,1769198847,2026-01-23 20:07:27+08:00,QoqfOroqv,抽部分一样排名,0,2,1770362752623,重庆,5258342659785154,,7197536140,娜么安心2020,f,https://m.weibo.cn/u/7197536140?launchid=10000360-page_H5,"https://tvax1.sinaimg.cn/crop.0.0.996.996.180/007R67WAly8g43sy9pbgpj30ro0ro422.jpg?KID=imgbed,tva&Expires=1770373552&ssig=qiLloifDmf"
5258335565648272,1769197157,2026-01-23 19:39:17+08:00,QoqfOroqv,辅导班开起来,0,1,1770362752625,广东,5258335565648272,,3802486168,你好哇胡小白,f,https://m.weibo.cn/u/3802486168?launchid=10000360-page_H5,"https://tvax1.sinaimg.cn/crop.0.0.511.511.180/e2a55598ly8fhh2qyclv4j20e70e8my3.jpg?KID=imgbed,tva&Expires=1770373552&ssig=9sAhTojjvP"
5258225081648951,1769170815,2026-01-23 12:20:15+08:00,QoqfOroqv,是全世界的科技强国都这么卷教育吗？每天在校12小时起,2,1,1770362752626,湖北,5258225081648951,,1433478321,小雅如是_988,f,https://m.weibo.cn/u/1433478321?launchid=10000360-page_H5,"https://tvax3.sinaimg.cn/crop.0.0.512.512.180/557124b1ly8hirjbkbrrrj20e80e80td.jpg?KID=imgbed,tva&Expires=1770373552&ssig=0FIyV1NsIF"
5258221012910995,1769169845,2026-01-23 12:04:05+08:00,QoqfOroqv,,0,1,1770362752627,江苏,5258221012910995,,3734837411,温暖牌小杯子,m,https://m.weibo.cn/u/3734837411?launchid=10000360-page_H5,"https://tva3.sinaimg.cn/crop.0.0.640.640.180/de9d18a3jw8e7uf2ecxeij20hs0hsmy6.jpg?KID=imgbed,tva&Expires=1770373552&ssig=8voa70nLg5"
5258299362510079,1769188525,2026-01-23 17:15:25+08:00,QoqfOroqv,取消区统考，看不到学生区排名，又不影响学校自己考,2,1,1770362752629,四川,5258299362510079,,3184742962,爱比奇遇记,f,https://m.weibo.cn/u/3184742962?launchid=10000360-page_H5,"https://tvax4.sinaimg.cn/crop.0.0.1080.1080.180/bdd35232ly8i94swb1gywj20u00u0wia.jpg?KID=imgbed,tva&Expires=1770373552&ssig=vFMLqpsW40"
5259402529475482,1769451541,2026-01-26 18:19:01+08:00,QoqfOroqv,,0,0,1770362752630,广东,5259402529475482,,7390323738,庭判,f,https://m.weibo.cn/u/7390323738?launchid=10000360-page_H5,"https://tvax4.sinaimg.cn/crop.0.0.1080.1080.180/008492NYly8i9ogktq5n3j30u00u0dhm.jpg?KID=imgbed,tva&Expires=1770373552&ssig=5jRKSa2Ecf"
5258905357910074,1769333005,2026-01-25 09:23:25+08:00,QoqfOroqv,从基础教育开始崩溃，这个要不得的,0,0,1770362752632,重庆,5258905357910074,,3245446913,罐爷汪Sir,m,https://m.weibo.cn/u/3245446913?launchid=10000360-page_H5,"https://tvax2.sinaimg.cn/crop.0.0.568.568.180/c1719701ly8i146q3yuxnj20fs0fst9j.jpg?KID=imgbed,tva&Expires=1770373552&ssig=Eb%2BpCvjfqh"
5258368194972238,1769204936,2026-01-23 21:48:56+08:00,QoqfOroqv,减负减负，越减越负,0,0,1770362752633,日本,5258368194972238,,5832180585,发発発,m,https://m.weibo.cn/u/5832180585?launchid=10000360-page_H5,"https://tvax1.sinaimg.cn/crop.0.0.1080.1080.180/006mHeANly8i61f838ah7j30u00u0n1w.jpg?KID=imgbed,tva&Expires=1770373552&ssig=vqmkZpUBwr"
5258347243902241,1769199941,2026-01-23 20:25:41+08:00,QoqfOroqv,观望,0,0,1770362752635,天津,5258347243902241,,6698921443,雾眠汽泡水oooooooooooo,f,https://m.weibo.cn/u/6698921443?launchid=10000360-page_H5,"https://tvax1.sinaimg.cn/crop.0.0.1080.1080.180/007jlZu3ly8hutw8zl344j30u00u0wk0.jpg?KID=imgbed,tva&Expires=1770373552&ssig=he5FLnOoWi"
5258342333418764,1769198770,2026-01-23 20:06:10+08:00,QoqfOroqv,太对了//@山咔咔里的M8:希望是教学统一，不要学生不考来考老师，一面学生要减压减负，一面又给老师搞任务搞考核，搞得教师里外不是人夹缝中求生。,0,0,1770362752637,河北,5258342333418764,,7815124707,秣陵龙邪,f,https://m.weibo.cn/u/7815124707?launchid=10000360-page_H5,"https://tvax3.sinaimg.cn/crop.0.0.1080.1080.180/008wTsWvly8hyvs10g0hbj30u00u0wga.jpg?KID=imgbed,tva&Expires=1770373552&ssig=dyCk%2B0HDXw"
5258293817379755,1769187203,2026-01-23 16:53:23+08:00,QoqfOroqv,关键各地命题能力差距很大，自己靠自己的很难保证起到检测效果，后续对这方面的平衡得跟上,0,1,1770362752638,湖北,5258293817379755,,5839569526,一个探子,m,https://m.weibo.cn/u/5839569526?launchid=10000360-page_H5,"https://tvax1.sinaimg.cn/crop.0.0.1080.1080.180/006nceNgly8i3x9pwsnrtj30u00u0djc.jpg?KID=imgbed,tva&Expires=1770373552&ssig=%2BFcFglJpuR"
5258279217267025,1769183721,2026-01-23 15:55:21+08:00,QoqfOroqv,这是好还是坏呢？,0,0,1770362752639,陕西,5258279217267025,,1746743117,正人力天,m,https://m.weibo.cn/u/1746743117?launchid=10000360-page_H5,"https://tva1.sinaimg.cn/crop.127.367.1903.1903.180/681d2f4djw1e779t18ybrj21kw2dc7q0.jpg?KID=imgbed,tva&Expires=1770373552&ssig=rILSLoQcLa"
5258276814194094,1769183149,2026-01-23 15:45:49+08:00,QoqfOroqv,还是根据自己的所属地区的教学情况安排吧！不要攀比！更不要本末倒置！,0,0,1770362752641,河北,5258276814194094,,5447803630,琳梦竹,f,https://m.weibo.cn/u/5447803630?launchid=10000360-page_H5,"https://tvax3.sinaimg.cn/crop.0.0.996.996.180/005WGqAuly8guyid7efvnj60ro0roq5h02.jpg?KID=imgbed,tva&Expires=1770373552&ssig=cRnSAhrSm7"
5258270354442852,1769181609,2026-01-23 15:20:09+08:00,QoqfOroqv,统考换了个名字而已：“学校自主组织评价”，试卷还是上面统一命题的,0,6,1770362752643,广东,5258270354442852,,2693053617,七零后二宝娘的日常,f,https://m.weibo.cn/u/2693053617?launchid=10000360-page_H5,"https://tvax1.sinaimg.cn/crop.0.0.1080.1080.180/a084bcb1ly8i88ipzj5h2j20u00u042l.jpg?KID=imgbed,tva&Expires=1770373552&ssig=6Sc9ZnP5Oq"
5258269971977361,1769181518,2026-01-23 15:18:38+08:00,QoqfOroqv,更不学了,0,2,1770362752644,北京,5258269971977361,,1453058332,清月弯弯,f,https://m.weibo.cn/u/1453058332?launchid=10000360-page_H5,"https://tvax4.sinaimg.cn/crop.0.0.933.933.180/569be91cly8h1yrr8mxbdj20px0pxjsq.jpg?KID=imgbed,tva&Expires=1770373552&ssig=8Zn7aB%2Fe%2Fj"
5258221851773923,1769170045,2026-01-23 12:07:25+08:00,QoqfOroqv,啊？,0,0,1770362755106,广东,5258221851773923,,7464714131,橹穆快麦孩子总哭,f,https://m.weibo.cn/u/7464714131?launchid=10000360-page_H5,"https://tvax1.sinaimg.cn/crop.0.0.1080.1080.180/0089bb91ly8ia062uxjcdj30u00u0jtu.jpg?KID=imgbed,tva&Expires=1770373554&ssig=jbwcjumtAJ"
5258345201539129,1769199454,2026-01-23 20:17:34+08:00,QoqfOroqv,为什么不取消中考高考直接上大学？,0,2,1770362755108,吉林,5258345201539129,,6678347091,疯宇同学,m,https://m.weibo.cn/u/6678347091?launchid=10000360-page_H5,"https://tvax2.sinaimg.cn/crop.0.0.996.996.180/007hXF9Fly8i0eeift3roj30ro0ro74s.jpg?KID=imgbed,tva&Expires=1770373554&ssig=5YLhhEjc6o"
5258289361455705,1769186141,2026-01-23 16:35:41+08:00,QoqfOroqv,如果就业能达到100%，那取消所有考试都行,0,4,1770362755110,浙江,5258289361455705,,6511133797,无烦无恼2,f,https://m.weibo.cn/u/6511133797?launchid=10000360-page_H5,"https://tvax2.sinaimg.cn/crop.0.0.1080.1080.180/0076E3l3ly8gbmhbbrctjj30u00u077s.jpg?KID=imgbed,tva&Expires=1770373554&ssig=v2G%2Fak2ovz"
5258356870876035,1769202236,2026-01-23 21:03:56+08:00,QoqfOroqv,简单来说人家不带你玩了，教育分层化，好的教育资源握在一部分人手里,0,2,1770362755112,福建,5258356870876035,,2822730120,凤非梧桐不止呀,f,https://m.weibo.cn/u/2822730120?launchid=10000360-page_H5,"https://tvax3.sinaimg.cn/crop.0.0.960.960.180/a83f7188ly8ho7o14wyy5j20qo0qogo2.jpg?KID=imgbed,tva&Expires=1770373554&ssig=wJJ6ajFZfk"
5258347840278256,1769200083,2026-01-23 20:28:03+08:00,QoqfOroqv,我们区里会根据学生成绩，给老师们排名公布,0,1,1770362755113,山东,5258347840278256,,5339645237,冰糖葫芦-Sophia,f,https://m.weibo.cn/u/5339645237?launchid=10000360-page_H5,"https://tvax4.sinaimg.cn/crop.0.0.940.940.180/005PmBEhly8hj5cxfs7u1j30q40q4wfg.jpg?KID=imgbed,tva&Expires=1770373554&ssig=Cixyj16fD1"
5258273569638403,1769182376,2026-01-23 15:32:56+08:00,QoqfOroqv,抗议,0,1,1770362755115,江苏,5258273569638403,,1841228323,正向时刻2008,f,https://m.weibo.cn/u/1841228323?launchid=10000360-page_H5,"https://tva3.sinaimg.cn/crop.0.0.750.750.180/6dbeea23jw8f4r849369aj20ku0ku3zx.jpg?KID=imgbed,tva&Expires=1770373554&ssig=T3fWI%2BST5q"
5258270752900721,1769181704,2026-01-23 15:21:44+08:00,QoqfOroqv,集体拆盲盒,0,3,1770362755116,辽宁,5258270752900721,,2088773647,醒悟飘渺,f,https://m.weibo.cn/u/2088773647?launchid=10000360-page_H5,"https://tvax1.sinaimg.cn/crop.0.0.786.786.180/7c80280fly8h7bovi0cwbj20lu0luq5m.jpg?KID=imgbed,tva&Expires=1770373554&ssig=nnYrArsAGH"
5259402162209454,1769451453,2026-01-26 18:17:33+08:00,QoqfOroqv,,0,0,1770362755118,安徽,5259402162209454,,6602189256,LI东耕,m,https://m.weibo.cn/u/6602189256?launchid=10000360-page_H5,"https://tvax1.sinaimg.cn/crop.0.0.768.768.180/007cO71uly8hs1pmse73cj30lc0lcgn4.jpg?KID=imgbed,tva&Expires=1770373554&ssig=c8PsOXQ04O"
5259110779193764,1769381982,2026-01-25 22:59:42+08:00,QoqfOroqv,那高一高二不统考，不知道成绩排位，等到高三才统考，如果到那时候才发现大问题，根本很难再有改进的时间和机会了呀！如果平时统考了，知道自己的水平，定好下次努力的目标不好吗？,0,0,1770362755120,广东,5259110779193764,,7574456821,热爱生活的燕子jy,f,https://m.weibo.cn/u/7574456821?launchid=10000360-page_H5,"https://tvax1.sinaimg.cn/crop.0.0.1080.1080.180/008gBEeply8hye4twgorrj30u00u07aq.jpg?KID=imgbed,tva&Expires=1770373554&ssig=mxUtZsLTGa"
5259085622020009,1769375984,2026-01-25 21:19:44+08:00,QoqfOroqv,,0,0,1770362755121,安徽,5259085622020009,,5494828869,湖南化工职业技术学院电竞社,m,https://m.weibo.cn/u/5494828869?launchid=10000360-page_H5,"https://tvax1.sinaimg.cn/crop.144.145.363.363.180/005ZRK05ly8glpq8co6zgj30i40i73zj.jpg?KID=imgbed,tva&Expires=1770373554&ssig=wYKG7fHj4W"
5258552295821185,1769248829,2026-01-24 10:00:29+08:00,QoqfOroqv,真正的减负,0,0,1770362755123,辽宁,5258552295821185,,7409934409,君看天下7799,m,https://m.weibo.cn/u/7409934409?launchid=10000360-page_H5,"https://tvax4.sinaimg.cn/crop.0.0.498.498.180/0085tkr7ly8gcp21vcvi2j30du0du74o.jpg?KID=imgbed,tva&Expires=1770373554&ssig=ODFX0qj3%2Fl"
5258531569667347,1769243888,2026-01-24 08:38:08+08:00,QoqfOroqv,真的减负我觉得要降低教材难度。,0,0,1770362755124,安徽,5258531569667347,,7518345212,用户7518345212,f,https://m.weibo.cn/u/7518345212?launchid=10000360-page_H5,"https://tvax2.sinaimg.cn/crop.0.0.948.948.180/008cOd2sly8hys98jgy7lj30qc0qc40x.jpg?KID=imgbed,tva&Expires=1770373554&ssig=4ReIZDHKna"
5258404290368611,1769213542,2026-01-24 00:12:22+08:00,QoqfOroqv,河南一所小县城取消了统考。,0,0,1770362755126,河南,5258404290368611,,6072464894,栗子色WHW,m,https://m.weibo.cn/u/6072464894?launchid=10000360-page_H5,"https://tvax2.sinaimg.cn/crop.0.0.1080.1080.180/006CXrwaly8i9zxrhrb3tj30u00u0go4.jpg?KID=imgbed,tva&Expires=1770373554&ssig=sYyvscUncP"
5258395657702253,1769211484,2026-01-23 23:38:04+08:00,QoqfOroqv,什么时候能结束乱卷，孩子好累,0,0,1770362755127,云南,5258395657702253,,6084196538,此间的少年1122,f,https://m.weibo.cn/u/6084196538?launchid=10000360-page_H5,"https://tvax3.sinaimg.cn/crop.0.0.512.512.180/006DKFsely8fslcx111ncj30e80e8gm2.jpg?KID=imgbed,tva&Expires=1770373554&ssig=ahUvpZ%2Fh0c"
5258391897509302,1769210587,2026-01-23 23:23:07+08:00,QoqfOroqv,学年度的考试也取消，就问你到大考的时候咋办？,0,0,1770362755129,陕西,5258391897509302,,5822203337,我们多米多,f,https://m.weibo.cn/u/5822203337?launchid=10000360-page_H5,"https://tvax1.sinaimg.cn/crop.0.0.664.664.180/006m1n3rly8gjfx6er8f1j30ig0ih75b.jpg?KID=imgbed,tva&Expires=1770373554&ssig=37lzCU0fZ9"
5258371821473241,1769205801,2026-01-23 22:03:21+08:00,QoqfOroqv,CTBZ,0,0,1770362755130,浙江,5258371821473241,,5296950221,红袖点绛LL,f,https://m.weibo.cn/u/5296950221?launchid=10000360-page_H5,"https://tvax2.sinaimg.cn/crop.0.10.492.492.180/005MtsIZly8fdmfj8clomj30do0e8jsc.jpg?KID=imgbed,tva&Expires=1770373554&ssig=vS3LpFCScA"
5258365292774578,1769204244,2026-01-23 21:37:24+08:00,QoqfOroqv,这到底要干啥,0,0,1770362755131,云南,5258365292774578,,2720982271,芒果糖5,f,https://m.weibo.cn/u/2720982271?launchid=10000360-page_H5,"https://tvax1.sinaimg.cn/default/images/default_avatar_female_180.gif?KID=imgbed,tva&Expires=1770373554&ssig=0Vv3yaflKg"
5258364145637190,1769203971,2026-01-23 21:32:51+08:00,QoqfOroqv,不给老师排名，才是根本,0,0,1770362755133,河北,5258364145637190,,6032905807,Makabakaff,f,https://m.weibo.cn/u/6032905807?launchid=10000360-page_H5,"https://tvax2.sinaimg.cn/crop.0.0.512.512.180/006Ahsonly8hirpeygdbij30e80e8dgx.jpg?KID=imgbed,tva&Expires=1770373554&ssig=%2BAvXoI1xRT"
5258361911902633,1769203437,2026-01-23 21:23:57+08:00,QoqfOroqv,我们下周二考四年级,0,0,1770362755135,山东,5258361911902633,,3174505303,夜的小女巫,f,https://m.weibo.cn/u/3174505303?launchid=10000360-page_H5,"https://tvax4.sinaimg.cn/crop.0.22.1125.1125.180/bd371b57ly8fml4xmnit5j20v90witaw.jpg?KID=imgbed,tva&Expires=1770373554&ssig=vQBtlpD0cS"
5258358263384933,1769202568,2026-01-23 21:09:28+08:00,QoqfOroqv,毕业的时候还是一样要考啊，真想减轻孩子压力，解决根本啊。,0,0,1770362755137,山东,5258358263384933,,1595480765,HANAHANAHANA,m,https://m.weibo.cn/u/1595480765?launchid=10000360-page_H5,"https://tvax3.sinaimg.cn/crop.0.0.1080.1080.180/5f191abdly8i37u2nrqyoj20u00u0gnn.jpg?KID=imgbed,tva&Expires=1770373554&ssig=G%2F2zmrhZDL"
5258312536293636,1769191665,2026-01-23 18:07:45+08:00,QoslhCFgD,感觉教育部陷入他们自己定义的可能错误的素质教育的怪圈,5,26,1770362771542,浙江,5258312536293636,,1039058767,cattiger110,m,https://m.weibo.cn/u/1039058767?launchid=10000360-page_H5,"https://tvax1.sinaimg.cn/default/images/default_avatar_male_180.gif?KID=imgbed,tva&Expires=1770373571&ssig=p%2FZvyOJH6f"
5258341337007640,1769198533,2026-01-23 20:02:13+08:00,QoslhCFgD,只规避在中小学里面的挫折是没有用的，甚至是掩耳盗铃，因为到了社会上人面对的全是挫折,3,22,1770362771543,天津,5258341337007640,,3993078267,轻轨小兵李思维,m,https://m.weibo.cn/u/3993078267?launchid=10000360-page_H5,"https://tva1.sinaimg.cn/crop.71.211.1228.1228.180/ee0189fbtw1ef0i48y2ysj216o1kwx1g.jpg?KID=imgbed,tva&Expires=1770373571&ssig=21gXrOfE59"
5258317802767660,1769192922,2026-01-23 18:28:42+08:00,QoslhCFgD,真正的教育不是取消考试，而是学会正确看待考试，老师如此，学生如此，家长也如此,1,25,1770362771545,湖北,5258317802767660,,3909105584,纳兹米的胖太吖,f,https://m.weibo.cn/u/3909105584?launchid=10000360-page_H5,"https://tvax2.sinaimg.cn/crop.0.0.960.960.180/e90037b0ly8frkh5j1fh6j20qo0qoq6l.jpg?KID=imgbed,tva&Expires=1770373571&ssig=zGq4ITBsMW"
5258471681294435,1769229609,2026-01-24 04:40:09+08:00,QoslhCFgD,以后学校的责任越来越小了，都开始卷家长了,0,9,1770362771546,天津,5258471681294435,,1038604855,米斯特-小烦,m,https://m.weibo.cn/u/1038604855?launchid=10000360-page_H5,"https://tvax4.sinaimg.cn/crop.0.0.512.512.180/3de7da37ly8hjr15bcnduj20e80e83zb.jpg?KID=imgbed,tva&Expires=1770373571&ssig=8XXeBhVeuH"
5258321722082034,1769193855,2026-01-23 18:44:15+08:00,QoslhCFgD,学校不抓成绩，都靠校外培训，成本越来越高,0,9,1770362771547,北京,5258321722082034,,3287513477,同月王木,m,https://m.weibo.cn/u/3287513477?launchid=10000360-page_H5,"https://tva1.sinaimg.cn/crop.0.0.750.750.180/c3f37985jw8f578rb4ftuj20ku0kujrd.jpg?KID=imgbed,tva&Expires=1770373571&ssig=3BEQSK0u%2B%2F"
5258295631939072,1769187636,2026-01-23 17:00:36+08:00,QoslhCFgD,不好,0,2,1770362771549,广东,5258295631939072,,6681767031,亮亮创江湖,f,https://m.weibo.cn/u/6681767031?launchid=10000360-page_H5,"https://tvax3.sinaimg.cn/crop.0.0.1080.1080.180/007ic0PZly8i86q8ls6yaj30u00u0dhv.jpg?KID=imgbed,tva&Expires=1770373571&ssig=i1pYeq53ll"
5258290688167492,1769186457,2026-01-23 16:40:57+08:00,QoslhCFgD,还是先看新闻的具体报道,0,1,1770362771550,江苏,5258290688167492,,3857450408,苍狼D雄鹰,m,https://m.weibo.cn/u/3857450408?launchid=10000360-page_H5,"https://tvax1.sinaimg.cn/crop.0.0.996.996.180/e5ec05a8ly8fx8f1g3t82j20ro0rotbm.jpg?KID=imgbed,tva&Expires=1770373571&ssig=8RKHCqDMK1"
5258545570514144,1769247226,2026-01-24 09:33:46+08:00,QoslhCFgD,教育成了家长的事。家长认知高的抓的紧，等升学的时候人家的孩子上大学的了，普通的上职高，再普通的进工厂,1,1,1770362771552,山西,5258545570514144,,5283509279,丑到没昵称,m,https://m.weibo.cn/u/5283509279?launchid=10000360-page_H5,"https://tvax1.sinaimg.cn/default/images/default_avatar_male_180.gif?KID=imgbed,tva&Expires=1770373571&ssig=p%2FZvyOJH6f"
5258342341545840,1769198772,2026-01-23 20:06:12+08:00,QoslhCFgD,前面都不考，小升初、初升高却要考，真的有点醉。要么就从始至终不考，要么就从始至终考，这样感觉太不伦不类了,0,6,1770362771553,河北,5258342341545840,,2922746442,纠结桑的日常,f,https://m.weibo.cn/u/2922746442?launchid=10000360-page_H5,"https://tva4.sinaimg.cn/crop.0.0.996.996.180/ae35924ajw8f4bjp2ed57j20ro0rp0v5.jpg?KID=imgbed,tva&Expires=1770373571&ssig=znC1WWIwW2"
5258330387777539,1769195922,2026-01-23 19:18:42+08:00,QoslhCFgD,以后越来越考验个人自觉了，也没有作业，也没有考试，想不想读好书，就看各位家长了。不想读书，另寻一条路可能也不会过的差。总之大家不卷了。,0,0,1770362771555,天津,5258330387777539,,2745607643,不羡花正红只羡柳来青,m,https://m.weibo.cn/u/2745607643?launchid=10000360-page_H5,"https://tva3.sinaimg.cn/crop.0.0.996.996.180/a3a6a5dbjw8f5u8fpcoy5j20ro0rodii.jpg?KID=imgbed,tva&Expires=1770373571&ssig=HgVqrRvoHJ"
5258307828711745,1769190543,2026-01-23 17:49:03+08:00,QoslhCFgD,好事,0,0,1770362771556,广东,5258307828711745,,5995348759,智慧无穷人,m,https://m.weibo.cn/u/5995348759?launchid=10000360-page_H5,"https://tva1.sinaimg.cn/crop.0.0.996.996.180/006xJS5xjw8f6gwvogwh6j30ro0rptag.jpg?KID=imgbed,tva&Expires=1770373571&ssig=NprW9MTKrn"
5258307378087032,1769190435,2026-01-23 17:47:15+08:00,QoslhCFgD,看看,0,0,1770362771557,河南,5258307378087032,,7715458363,王爱Randi,f,https://m.weibo.cn/u/7715458363?launchid=10000360-page_H5,"https://tvax4.sinaimg.cn/crop.0.0.1080.1080.180/008q9haPly8gz9updgcizj30u00u03zl.jpg?KID=imgbed,tva&Expires=1770373571&ssig=60j5F6lPVG"
5258307340337673,1769190426,2026-01-23 17:47:06+08:00,QoslhCFgD,,0,0,1770362771558,河南,5258307340337673,,7715458363,王爱Randi,f,https://m.weibo.cn/u/7715458363?launchid=10000360-page_H5,"https://tvax4.sinaimg.cn/crop.0.0.1080.1080.180/008q9haPly8gz9updgcizj30u00u03zl.jpg?KID=imgbed,tva&Expires=1770373571&ssig=60j5F6lPVG"
5258297993335745,1769188199,2026-01-23 17:09:59+08:00,QoslhCFgD,,0,0,1770362771560,浙江,5258297993335745,,6522432749,坚定的漫步者,m,https://m.weibo.cn/u/6522432749?launchid=10000360-page_H5,"https://tvax4.sinaimg.cn/crop.0.0.1024.1024.180/0077psIdly8hpgoup2u2bj30sg0sgq6a.jpg?KID=imgbed,tva&Expires=1770373571&ssig=beFVe7zrDC"
5258289692543940,1769186220,2026-01-23 16:37:00+08:00,QoslhCFgD,支持取消,0,0,1770362771561,浙江,5258289692543940,,2119176290,晨风睿语,m,https://m.weibo.cn/u/2119176290?launchid=10000360-page_H5,"https://tvax2.sinaimg.cn/crop.0.0.630.630.180/7e501062ly8hdfshv3ggzj20hi0hiwfd.jpg?KID=imgbed,tva&Expires=1770373571&ssig=3rRJ3qpVpt"
5258289592928549,1769186196,2026-01-23 16:36:36+08:00,QoslhCFgD,我上班躺着看,0,0,1770362771562,新疆,5258289592928549,,3767738237,粥哥的小弟,m,https://m.weibo.cn/u/3767738237?launchid=10000360-page_H5,"https://tvax4.sinaimg.cn/crop.0.0.996.996.180/e0931f7dly8fe0pyev91bj20ro0rowgv.jpg?KID=imgbed,tva&Expires=1770373571&ssig=9sDovCSYmZ"
5258289064451420,1769186070,2026-01-23 16:34:30+08:00,QoslhCFgD,,0,0,1770362771564,天津,5258289064451420,,3028085952,梦想-走你,m,https://m.weibo.cn/u/3028085952?launchid=10000360-page_H5,"https://tva1.sinaimg.cn/crop.0.0.180.180.180/b47cecc0jw1e8qgp5bmzyj2050050aa8.jpg?KID=imgbed,tva&Expires=1770373571&ssig=6Zf4Ghw9Gp"
5258550844589566,1769248483,2026-01-24 09:54:43+08:00,QoslhCFgD,掩耳盗铃。,0,0,1770362771566,广东,5258550844589566,,7417758079,霜篱1005,f,https://m.weibo.cn/u/7417758079?launchid=10000360-page_H5,"https://tvax2.sinaimg.cn/crop.0.0.750.750.180/008609Jlly8gd3vfplpp2j30ku0ku0uy.jpg?KID=imgbed,tva&Expires=1770373571&ssig=smT07cD78%2F"
5258308986602728,1769190820,2026-01-23 17:53:40+08:00,QoslhCFgD,感觉是要走快乐教育的路子了,0,4,1770362771567,四川,5258308986602728,,2677270713,女儿奴吗,m,https://m.weibo.cn/u/2677270713?launchid=10000360-page_H5,"https://tvax2.sinaimg.cn/crop.0.0.512.512.180/9f93e8b9ly8h1cj2a6th0j20e80e8mxa.jpg?KID=imgbed,tva&Expires=1770373571&ssig=lp%2FpZHFn6s"
5258665334673836,1769275780,2026-01-24 17:29:40+08:00,QoslhCFgD,还是要给孩子一点压力的，考试就是给学生唯一压力，否则要读书的孩子越来越少，年少不吃苦，老大徒伤悲！,0,3,1770362771569,浙江,5258665334673836,,5974345535,用户5974345535,m,https://m.weibo.cn/u/5974345535?launchid=10000360-page_H5,"https://tvax3.sinaimg.cn/crop.0.0.1080.1080.180/006wjKbRly8i2iqy2yykij30u00u0gmr.jpg?KID=imgbed,tva&Expires=1770373571&ssig=NLcsyYruJp"
5258528214221636,1769243088,2026-01-24 08:24:48+08:00,QoslhCFgD,也有种可能教育系统被内部攻破了，因为我看不到目前的走向和西方快乐教育的本质区别,0,0,1770362773570,河南,5258312536293636,,6100275101,吐槽喵本人的小号,f,https://m.weibo.cn/u/6100275101?launchid=10000360-page_H5,"https://tvax2.sinaimg.cn/crop.0.0.1080.1080.180/006EQ8dTly8i5ms3nqnsdj30u00u0q5g.jpg?KID=imgbed,tva&Expires=1770373571&ssig=WpzL1Gc5ms"
5259257536840629,1769416972,2026-01-26 08:42:52+08:00,QoslhCFgD,回复@吐槽喵本人的小号:看牢A啊,0,0,1770362773572,北京,5258312536293636,,1448016541,甘道夫灰袍巫师,m,https://m.weibo.cn/u/1448016541?launchid=10000360-page_H5,"https://tvax4.sinaimg.cn/crop.0.0.340.340.180/564efa9dly8i3t2qadjd8j209g09g3z0.jpg?KID=imgbed,tva&Expires=1770373571&ssig=k4uxwJ%2FaTI"
5259251968119252,1769415644,2026-01-26 08:20:44+08:00,QoslhCFgD,这和挫折是两回事，牺牲了身体和心理健康，没有兴趣爱好，考上大学了天天玩，出了校门什么也不会……这就是现在的教育,0,0,1770362773573,广西,5258341337007640,,1420313950,_秋天以后,f,https://m.weibo.cn/u/1420313950?launchid=10000360-page_H5,"https://tvax3.sinaimg.cn/crop.0.0.1080.1080.180/54a8455ely8hgi6ruewtlj20u00u0wiy.jpg?KID=imgbed,tva&Expires=1770373571&ssig=qMLfrDVOzy"
5259675962179687,1769516731,2026-01-27 12:25:31+08:00,QoslhCFgD,最强嘴替,0,0,1770362773575,江苏,5258317802767660,,1863604932,上汤_娃娃菜,f,https://m.weibo.cn/u/1863604932?launchid=10000360-page_H5,"https://tvax3.sinaimg.cn/crop.0.0.664.664.180/00227uM4ly8gug4qw1le8j60ig0ig3z802.jpg?KID=imgbed,tva&Expires=1770373571&ssig=de88SPPoxA"
5259275542987351,1769421264,2026-01-26 09:54:24+08:00,QoslhCFgD,是啊，感觉这筛选机制除了淘汰一部分天资不好不是读书料的，还考验家长的眼光和教育能力，读书无用论的，各显神通了，一窍不通的家长则两眼一抹黑。好的工作，学历就是一道门槛了。老早就够不上的，不用自命天高，该干啥活干啥活了。,0,0,1770362773576,福建,5258545570514144,,2199649485,不知所以风中凌乱,f,https://m.weibo.cn/u/2199649485?launchid=10000360-page_H5,"https://tvax2.sinaimg.cn/crop.0.0.756.756.180/831bfccdly8hqsvnvcqxlj20l00l0q4d.jpg?KID=imgbed,tva&Expires=1770373571&ssig=h%2BGUrrfjA2"
5259323606564877,1769432723,2026-01-26 13:05:23+08:00,QoslhCFgD,反正年轻人也赚不到什么钱，将来活着就是最大的成功,0,1,1770362773904,四川,5259323606564877,,5253744589,小周周健康快乐,f,https://m.weibo.cn/u/5253744589?launchid=10000360-page_H5,"https://tvax4.sinaimg.cn/crop.0.0.1080.1080.180/005JyaXXly8hwk8m0wndqj30u00u07bz.jpg?KID=imgbed,tva&Expires=1770373573&ssig=wktptFBhND"
5259039877366033,1769365077,2026-01-25 18:17:57+08:00,QoslhCFgD,教育回归本质才是符合人性的。延时服务伤害师生心理健康。,0,1,1770362773906,四川,5259039877366033,,3987743659,C文姬女士,m,https://m.weibo.cn/u/3987743659?launchid=10000360-page_H5,"https://tvax2.sinaimg.cn/crop.0.0.512.512.180/edb023ably8hn95z6qlwwj20e80e8dfs.jpg?KID=imgbed,tva&Expires=1770373573&ssig=lT8OBzOuBB"
5258861774898229,1769322615,2026-01-25 06:30:15+08:00,QoslhCFgD,教育，文化，媒体，法律，基本被渗透洗脑,0,3,1770362773907,四川,5258861774898229,,7724878299,用户7433088599,m,https://m.weibo.cn/u/7724878299?launchid=10000360-page_H5,"https://tvax1.sinaimg.cn/default/images/default_avatar_male_180.gif?KID=imgbed,tva&Expires=1770373573&ssig=5wCh7y0Aq2"
5260681948433390,1769756578,2026-01-30 07:02:58+08:00,QoslhCFgD,主要还是孩子少了,0,0,1770362773908,河南,5260681948433390,,5655498649,CH湾湾岛HC,m,https://m.weibo.cn/u/5655498649?launchid=10000360-page_H5,"https://tva4.sinaimg.cn/crop.0.0.99.99.180/006aJTy9jw8eu6hnfntq8j302s02r3yc.jpg?KID=imgbed,tva&Expires=1770373573&ssig=zp%2FdzGcJXL"
5260329372354068,1769672517,2026-01-29 07:41:57+08:00,QoslhCFgD,做家长好难呀,0,0,1770362773910,广东,5260329372354068,,1996466991,编辑烨,f,https://m.weibo.cn/u/1996466991?launchid=10000360-page_H5,"https://tvax3.sinaimg.cn/crop.0.0.1080.1080.180/76ffab2fly8hpx1g0a5laj20u00u00uw.jpg?KID=imgbed,tva&Expires=1770373573&ssig=%2Br6Qigdl1Y"
5260172995593461,1769635234,2026-01-28 21:20:34+08:00,QoslhCFgD,平时掩耳盗铃，中考高考刺刀见红,0,0,1770362773911,河南,5260172995593461,,5738858688,xuewqi,m,https://m.weibo.cn/u/5738858688?launchid=10000360-page_H5,"https://tvax1.sinaimg.cn/default/images/default_avatar_male_180.gif?KID=imgbed,tva&Expires=1770373573&ssig=5wCh7y0Aq2"
5259952504965215,1769582665,2026-01-28 06:44:25+08:00,QoslhCFgD,最终成了有钱有权人的游戏,0,1,1770362773913,浙江,5259952504965215,,7875975493,用户7875975493,f,https://m.weibo.cn/u/7875975493?launchid=10000360-page_H5,"https://tvax1.sinaimg.cn/crop.0.0.1080.1080.180/008B0N0Nly8hirodc9podj30u00u0ti2.jpg?KID=imgbed,tva&Expires=1770373573&ssig=2BMV7AguAg"
5259658291841377,1769512519,2026-01-27 11:15:19+08:00,QoslhCFgD,和把头埋进土里有什么区别,0,0,1770362773914,广西,5259658291841377,,6219995116,wj66jw,m,https://m.weibo.cn/u/6219995116?launchid=10000360-page_H5,"https://tvax1.sinaimg.cn/default/images/default_avatar_male_180.gif?KID=imgbed,tva&Expires=1770373573&ssig=5wCh7y0Aq2"
5259386651413392,1769447755,2026-01-26 17:15:55+08:00,QoslhCFgD,呵呵呵呵，平时不测验吗，没养过娃的就别瞎操心了。,0,0,1770362773916,北京,5259386651413392,,7075713628,浪淘水中沙,m,https://m.weibo.cn/u/7075713628?launchid=10000360-page_H5,"https://tvax4.sinaimg.cn/crop.0.179.1080.1080.180/007IQYlmly8hjl45gzfpvj30u013zwji.jpg?KID=imgbed,tva&Expires=1770373573&ssig=8HhfHkX28g"
5258616502486071,1769264137,2026-01-24 14:15:37+08:00,QoslhCFgD,压力给到家庭罢了,0,0,1770362773917,云南,5258616502486071,,7868785773,史达糕钙咖,m,https://m.weibo.cn/u/7868785773?launchid=10000360-page_H5,"https://tvax2.sinaimg.cn/crop.0.0.380.380.180/008AwCDzly8hhkdgo1ss9j30ak0ak74p.jpg?KID=imgbed,tva&Expires=1770373573&ssig=vcSsMSqCUL"
5258615449717599,1769263886,2026-01-24 14:11:26+08:00,QoslhCFgD,还是应该考，不然一学期下来怎么知道他学的怎么样？,0,0,1770362773918,广东,5258615449717599,,5815680772,秀Mandy,f,https://m.weibo.cn/u/5815680772?launchid=10000360-page_H5,"https://tva2.sinaimg.cn/crop.0.0.170.170.180/006lA0eMjw8ezhisu6mqqj304q04qt8h.jpg?KID=imgbed,tva&Expires=1770373573&ssig=syzvjFpp8k"
5258611129322186,1769262856,2026-01-24 13:54:16+08:00,QoslhCFgD,建议取消高考，摇号上大学,0,0,1770362773920,广东,5258611129322186,,3687916362,大侠小李2021,m,https://m.weibo.cn/u/3687916362?launchid=10000360-page_H5,"https://tva4.sinaimg.cn/crop.0.0.720.720.180/dbd1234ajw8eumfjgp3guj20k00k075s.jpg?KID=imgbed,tva&Expires=1770373573&ssig=rBr0uqoqJR"
5258590046915502,1769257830,2026-01-24 12:30:30+08:00,QoslhCFgD,都是坑,0,0,1770362773921,北京,5258590046915502,,2255191385,dodow2012,m,https://m.weibo.cn/u/2255191385?launchid=10000360-page_H5,"https://tva2.sinaimg.cn/crop.0.0.180.180.180/866b7d59jw1e8qgp5bmzyj2050050aa8.jpg?KID=imgbed,tva&Expires=1770373573&ssig=fb2yAHvCd8"
5258363545849306,1769203828,2026-01-23 21:30:28+08:00,QoslhCFgD,没啥意义，另外一种折腾。以后还有中考呢和高考呢？,0,0,1770362773923,河北,5258363545849306,,5025289265,十八张半唱片,m,https://m.weibo.cn/u/5025289265?launchid=10000360-page_H5,"https://tvax4.sinaimg.cn/crop.0.0.823.823.180/005u5BiFly8h18kcg7gzrj30mv0mvwfj.jpg?KID=imgbed,tva&Expires=1770373573&ssig=HRt0Wa%2BiMD"
5258319325561952,1769193285,2026-01-23 18:34:45+08:00,QoslhCFgD,同意,0,2,1770362773923,重庆,5258319325561952,,3258594515,我自明月照大江,m,https://m.weibo.cn/u/3258594515?launchid=10000360-page_H5,"https://tva2.sinaimg.cn/crop.196.62.568.568.180/c23a34d3jw8eu2p675yggj20sg0lcn0l.jpg?KID=imgbed,tva&Expires=1770373573&ssig=DMRSDBwZ%2B%2F"
5259201485996585,1769403608,2026-01-26 05:00:08+08:00,QoslhCFgD,教育部有内鬼，只能说被渗透成筛子了,0,1,1770362773925,陕西,5259201485996585,,8012370912,啵唧啵唧薯,m,https://m.weibo.cn/u/8012370912?launchid=10000360-page_H5,"https://tvax2.sinaimg.cn/crop.0.0.1080.1080.180/008Kf5GUly8i40qktv8phj30u00u0gmz.jpg?KID=imgbed,tva&Expires=1770373573&ssig=5RQY1n%2FbAZ"
5259035856602804,1769364119,2026-01-25 18:01:59+08:00,QoslhCFgD,不同意啊，教育和司法里面混入了敌人,0,1,1770362773927,湖北,5259035856602804,,8380913162,云海青丝寒酥,f,https://m.weibo.cn/u/8380913162?launchid=10000360-page_H5,"https://tvax2.sinaimg.cn/crop.0.0.1080.1080.180/0099bsmKly8i8rl99p2abj30u00u0qb8.jpg?KID=imgbed,tva&Expires=1770373573&ssig=CEJkAJatEY"
5258295319465338,1769187561,2026-01-23 16:59:21+08:00,QoslhCFgD,这到底是好是坏,0,0,1770362773929,河北,5258295319465338,,8013908178,可可-可乐兔,m,https://m.weibo.cn/u/8013908178?launchid=10000360-page_H5,"https://tvax2.sinaimg.cn/crop.0.0.1080.1080.180/008KlxBwly8i5fik2cw58j30u00u0abr.jpg?KID=imgbed,tva&Expires=1770373573&ssig=InyFrvc1Ip"
5259110658084659,1769381953,2026-01-25 22:59:13+08:00,QoslhCFgD,我们的教育必须改革，孩子家长太累了,0,1,1770362773930,江苏,5259110658084659,,2406583897,我娘是司令,m,https://m.weibo.cn/u/2406583897?launchid=10000360-page_H5,"https://tvax2.sinaimg.cn/crop.0.0.1080.1080.180/8f718e59ly8hh8i1ph1bej20u00u07a4.jpg?KID=imgbed,tva&Expires=1770373573&ssig=Fo6SwTJpgn"
5260077753698597,1769612527,2026-01-28 15:02:07+08:00,QoslhCFgD,纯属扯犊子,0,0,1770362773932,辽宁,5260077753698597,,2037800443,某个大丫,f,https://m.weibo.cn/u/2037800443?launchid=10000360-page_H5,"https://tva3.sinaimg.cn/crop.0.0.180.180.180/79765dfbjw1e8qgp5bmzyj2050050aa8.jpg?KID=imgbed,tva&Expires=1770373573&ssig=YshQUAwG0a"
5259143201949387,1769389712,2026-01-26 01:08:32+08:00,QoslhCFgD,我们小时候没听说统考，就直接中考高考,0,2,1770362776276,北京,5259143201949387,,7957468384,谁也不爱911,m,https://m.weibo.cn/u/7957468384?launchid=10000360-page_H5,"https://tvax2.sinaimg.cn/crop.0.0.1080.1080.180/008GwJ2gly8i5hwubhrsij30u00u00w2.jpg?KID=imgbed,tva&Expires=1770373576&ssig=EyqJftOEgV"
5258667222106150,1769276229,2026-01-24 17:37:09+08:00,QoslhCFgD,愚蠢  无知   可悲,0,1,1770362776278,陕西,5258667222106150,,7960437004,毛毛2217876,m,https://m.weibo.cn/u/7960437004?launchid=10000360-page_H5,"https://tvax4.sinaimg.cn/crop.0.0.715.715.180/008GJbjely8i1ie77l81rj30jv0jvt99.jpg?KID=imgbed,tva&Expires=1770373576&ssig=FXofNTdNDM"
5258369820526907,1769205324,2026-01-23 21:55:24+08:00,QoslhCFgD,没办法从根本上解决得,0,1,1770362776279,福建,5258369820526907,,2388526831,YJC2388526831,m,https://m.weibo.cn/u/2388526831?launchid=10000360-page_H5,"https://tvax1.sinaimg.cn/default/images/default_avatar_male_180.gif?KID=imgbed,tva&Expires=1770373576&ssig=ORYCM%2Fz4oY"
5259322510542191,1769432463,2026-01-26 13:01:03+08:00,QoslhCFgD,这些人双减双减就是没减到点子上！第一步就应该解散家长群，学校做好教书，家长育人！每天让家长检查孩子作业，让家长督促作业，甚至让家长改作业，能不卷吗,0,0,1770362776281,福建,5259322510542191,,5723433282,雷神花洒1990,m,https://m.weibo.cn/u/5723433282?launchid=10000360-page_H5,"https://tvax2.sinaimg.cn/crop.0.0.512.512.180/006fkWs2ly8gnt1mx23hcj30e80e8abk.jpg?KID=imgbed,tva&Expires=1770373576&ssig=mIw%2FmcE%2Bba"
5259103012127035,1769380129,2026-01-25 22:28:49+08:00,QoslhCFgD,胡搞乱搞，彻底搞乱,0,0,1770362776282,四川,5259103012127035,,7964160349,破草鞋爬天梯,m,https://m.weibo.cn/u/7964160349?launchid=10000360-page_H5,"https://tvax2.sinaimg.cn/crop.0.0.945.945.180/008GYNVbly8hvt0zfd3n3j30q90q940k.jpg?KID=imgbed,tva&Expires=1770373576&ssig=9XmHd2eaDZ"
5258288254160331,1769185877,2026-01-23 16:31:17+08:00,QoslhCFgD,,0,1,1770362776283,广东,5258288254160331,,9127368005,北枫200004,m,https://m.weibo.cn/u/9127368005?launchid=10000360-page_H5,"https://tvax1.sinaimg.cn/crop.0.0.1023.1023.180/009XHvmZly8i6urj1ixc0j30sg0sfjsv.jpg?KID=imgbed,tva&Expires=1770373576&ssig=Q6ypRyP%2F5N"
5258284361581325,1769184949,2026-01-23 16:15:49+08:00,QorZxzvwJ,在选拔框架未变时，单一减考可能将压力从学校转嫁家庭。,2,10,1770362793018,海南,5258284361581325,,2639160961,逍遥岛主3,m,https://m.weibo.cn/u/2639160961?launchid=10000360-page_H5,"https://tvax2.sinaimg.cn/crop.53.0.1429.1429.180/9d4e6681ly8fejt2m86otj216o13pafn.jpg?KID=imgbed,tva&Expires=1770373592&ssig=WyS42fbd%2B3"
5258282633528515,1769184537,2026-01-23 16:08:57+08:00,QorZxzvwJ,高考和中考就按照排名，不知道自己的能力，怎么选择学校，以后干脆就只有高考和中考算了，这样多刺激,1,8,1770362793020,山东,5258282633528515,,2674901590,花开盛夏2021,m,https://m.weibo.cn/u/2674901590?launchid=10000360-page_H5,"https://tvax4.sinaimg.cn/crop.0.0.996.996.180/9f6fc256ly8gu01khux1lj20ro0rodiy.jpg?KID=imgbed,tva&Expires=1770373592&ssig=PJ7gSu6hPE"
5258280477659458,1769184023,2026-01-23 16:00:23+08:00,QorZxzvwJ,最好能直升，不然平时不考看似轻松，最后中考高考还是那么难，这不就是为了减负而减负嘛。,2,2,1770362793022,江苏,5258280477659458,,7301942773,用户7301942773,f,https://m.weibo.cn/u/7301942773?launchid=10000360-page_H5,"https://tvax1.sinaimg.cn/default/images/default_avatar_female_180.gif?KID=imgbed,tva&Expires=1770373592&ssig=pCfELd7XA7"
5258378890450532,1769207486,2026-01-23 22:31:26+08:00,QorZxzvwJ,说实话，我不同意,1,1,1770362793024,广东,5258378890450532,,1323940067,飞扬的尘埃已落定,f,https://m.weibo.cn/u/1323940067?launchid=10000360-page_H5,"https://tvax4.sinaimg.cn/crop.0.0.1080.1080.180/4ee9b8e3ly8i67qcq4u8uj20u00u0wfm.jpg?KID=imgbed,tva&Expires=1770373592&ssig=MxOo9k1y97"
5258286527153615,1769185465,2026-01-23 16:24:25+08:00,QorZxzvwJ,然后很多学校还在偷偷考试。很多学校听话不考了。接下来成绩差距越来越大，然后教育资源进一步不均衡。择校变得更难。落后的孩子们愚蠢的玩耍。,3,5,1770362793025,广东,5258286527153615,,1582756857,相相526,f,https://m.weibo.cn/u/1582756857?launchid=10000360-page_H5,"https://tva3.sinaimg.cn/crop.0.0.160.160.180/5e56f3f9jw8e7k76hqpt6j204g04g743.jpg?KID=imgbed,tva&Expires=1770373592&ssig=l%2FmcK5DQ49"
5258296115333691,1769187751,2026-01-23 17:02:31+08:00,QorZxzvwJ,支持,0,0,1770362793027,广东,5258296115333691,,6411668608,梨栗乐园,f,https://m.weibo.cn/u/6411668608?launchid=10000360-page_H5,"https://tvax3.sinaimg.cn/crop.0.0.1080.1080.180/006ZUHTOly8hyaad2dyolj30u00u0n1p.jpg?KID=imgbed,tva&Expires=1770373592&ssig=zgIxzP0ujd"
5258288372385832,1769185905,2026-01-23 16:31:45+08:00,QorZxzvwJ,取消挺好的,0,0,1770362793028,广东,5258288372385832,,7794721869,听你讲故事yy,f,https://m.weibo.cn/u/7794721869?launchid=10000360-page_H5,"https://tvax4.sinaimg.cn/crop.0.0.720.720.180/008vvRetly8i5wl5lsr98j30k00k0q4u.jpg?KID=imgbed,tva&Expires=1770373592&ssig=hhRA5e5%2FEv"
5258275080896947,1769182735,2026-01-23 15:38:55+08:00,QorZxzvwJ,不错,0,0,1770362793030,湖北,5258275080896947,,1980815982,面包妹儿你好呀,f,https://m.weibo.cn/u/1980815982?launchid=10000360-page_H5,"https://tvax1.sinaimg.cn/crop.0.0.1080.1080.180/7610da6ely8i93td74nylj20u00u0gp8.jpg?KID=imgbed,tva&Expires=1770373592&ssig=ykEG9vzQ3G"
5258295318155513,1769187561,2026-01-23 16:59:21+08:00,QorZxzvwJ,好事,0,0,1770362793031,陕西,5258295318155513,,2834159387,瞳不潼,m,https://m.weibo.cn/u/2834159387?launchid=10000360-page_H5,"https://tvax2.sinaimg.cn/crop.71.65.622.622.180/a8edd71bly8fyegui3lwkj20sg0lc4l6.jpg?KID=imgbed,tva&Expires=1770373592&ssig=bfNfXz4dGc"
5258292903022069,1769186985,2026-01-23 16:49:45+08:00,QorZxzvwJ,非常好,0,0,1770362793032,河南,5258292903022069,,7474220277,今天冬至你吃饺子了吗,m,https://m.weibo.cn/u/7474220277?launchid=10000360-page_H5,"https://tvax3.sinaimg.cn/crop.0.0.500.500.180/0089P47Xly8i8s3qv3szhj30dw0dwgmt.jpg?KID=imgbed,tva&Expires=1770373592&ssig=KVmeIpEcxO"
5258292162989263,1769186809,2026-01-23 16:46:49+08:00,QorZxzvwJ,说不好，看似减压，其实压力一点没减少，家长也跟着焦虑,0,0,1770362793034,安徽,5258292162989263,,7335923595,少年派的奇幻漂流885,f,https://m.weibo.cn/u/7335923595?launchid=10000360-page_H5,"https://tvax1.sinaimg.cn/crop.0.0.684.684.180/0080sMQjly8ga71ji7cajj30j00j0dgi.jpg?KID=imgbed,tva&Expires=1770373592&ssig=Vxhfzpp0u0"
5258291732808475,1769186705,2026-01-23 16:45:05+08:00,QorZxzvwJ,本质,0,0,1770362793036,广东,5258291732808475,,7906300312,斗罗大陆海神唐三,m,https://m.weibo.cn/u/7906300312?launchid=10000360-page_H5,"https://tvax1.sinaimg.cn/crop.0.0.563.563.180/008D41SMly8hne3gx3avaj30fn0fnt9z.jpg?KID=imgbed,tva&Expires=1770373592&ssig=cosfNU0lkd"
5258289799761781,1769186245,2026-01-23 16:37:25+08:00,QorZxzvwJ,减压,0,0,1770362793038,河北,5258289799761781,,6232907641,好运haoyun-,f,https://m.weibo.cn/u/6232907641?launchid=10000360-page_H5,"https://tvax4.sinaimg.cn/crop.0.0.751.751.180/006NOE0ply8h1zya4i8wlj30kv0kvgn8.jpg?KID=imgbed,tva&Expires=1770373592&ssig=ZU3D9N1GjV"
5258287249100068,1769185637,2026-01-23 16:27:17+08:00,QorZxzvwJ,教育需要改改了,1,0,1770362793039,吉林,5258287249100068,,3283152515,雪在天上飘,f,https://m.weibo.cn/u/3283152515?launchid=10000360-page_H5,"https://tva1.sinaimg.cn/crop.177.77.444.444.180/c3b0ee83jw8eyep2ua482j20m80go0vb.jpg?KID=imgbed,tva&Expires=1770373592&ssig=P58z%2BCCBsZ"
5258284380717388,1769184952,2026-01-23 16:15:52+08:00,QorZxzvwJ,太支持了,0,0,1770362793040,天津,5258284380717388,,5629127518,在你迷路的时候往前走,f,https://m.weibo.cn/u/5629127518?launchid=10000360-page_H5,"https://tvax1.sinaimg.cn/crop.0.0.1080.1080.180/0068Xfdkly8h9w5knyz9ej30u00u0jtw.jpg?KID=imgbed,tva&Expires=1770373592&ssig=5CQL0hucMW"
5258283753411778,1769184804,2026-01-23 16:13:24+08:00,QorZxzvwJ,教育回归本质，避免恶性竞争,0,0,1770362793042,上海,5258283753411778,,1681108421,打个哈欠算了,m,https://m.weibo.cn/u/1681108421?launchid=10000360-page_H5,"https://tvax3.sinaimg.cn/crop.0.0.512.512.180/6433adc5ly8hyr49yhc1jj20e80e8wf5.jpg?KID=imgbed,tva&Expires=1770373592&ssig=IobF3HyY2X"
5258282715317340,1769184556,2026-01-23 16:09:16+08:00,QorZxzvwJ,支持,0,0,1770362793043,北京,5258282715317340,,7849444356,潇洒橙子看喜剧,f,https://m.weibo.cn/u/7849444356?launchid=10000360-page_H5,"https://tvax1.sinaimg.cn/crop.0.0.1024.1024.180/008zdt3ely8hx46avwpvtj30sg0sg773.jpg?KID=imgbed,tva&Expires=1770373592&ssig=xZcmvc1o7t"
5258282663946835,1769184544,2026-01-23 16:09:04+08:00,QorZxzvwJ,我们已经放假了,0,0,1770362793044,广东,5258282663946835,,7962974036,梅兰竹菊桂牡丹,m,https://m.weibo.cn/u/7962974036?launchid=10000360-page_H5,"https://tvax2.sinaimg.cn/crop.0.0.1080.1080.180/008GTPj6ly8i3z4lzhc19j30u00u0780.jpg?KID=imgbed,tva&Expires=1770373592&ssig=le1516N7GF"
5258281423733469,1769184248,2026-01-23 16:04:08+08:00,QorZxzvwJ,支持,0,0,1770362793046,河南,5258281423733469,,6876365978,101Not_Free,f,https://m.weibo.cn/u/6876365978?launchid=10000360-page_H5,"https://tvax2.sinaimg.cn/crop.0.0.1080.1080.180/007vmwUGly8i9ubq3jprfj30u00u0di0.jpg?KID=imgbed,tva&Expires=1770373592&ssig=M2jE8va7b7"
5258278521276472,1769183556,2026-01-23 15:52:36+08:00,QorZxzvwJ,,0,0,1770362793048,浙江,5258278521276472,,7770214327,郑朝友01,m,https://m.weibo.cn/u/7770214327?launchid=10000360-page_H5,"https://tvax4.sinaimg.cn/crop.0.0.1080.1080.180/008tR1Hxly8hrir0o0agvj30u00u0wjf.jpg?KID=imgbed,tva&Expires=1770373592&ssig=6M7coqLipc"
5258284713903913,1769185033,2026-01-23 16:17:13+08:00,QorZxzvwJ,这个确实是个问题,0,0,1770362795050,浙江,5258284361581325,,7512971643,说车的姚老板,m,https://m.weibo.cn/u/7512971643?launchid=10000360-page_H5,"https://tvax4.sinaimg.cn/crop.0.0.512.512.180/008crF7Zly8i198abl3hvj30e80e8t8t.jpg?KID=imgbed,tva&Expires=1770373592&ssig=WK8LVUbkYS"
5258285508987390,1769185222,2026-01-23 16:20:22+08:00,QorZxzvwJ,这个确实还是需要改进,0,0,1770362795052,浙江,5258282633528515,,7512971643,说车的姚老板,m,https://m.weibo.cn/u/7512971643?launchid=10000360-page_H5,"https://tvax4.sinaimg.cn/crop.0.0.512.512.180/008crF7Zly8i198abl3hvj30e80e8t8t.jpg?KID=imgbed,tva&Expires=1770373592&ssig=WK8LVUbkYS"
5258285780830341,1769185287,2026-01-23 16:21:27+08:00,QorZxzvwJ,希望以后可以按兴趣进行升学分类,0,0,1770362795053,浙江,5258280477659458,,7512971643,说车的姚老板,m,https://m.weibo.cn/u/7512971643?launchid=10000360-page_H5,"https://tvax4.sinaimg.cn/crop.0.0.512.512.180/008crF7Zly8i198abl3hvj30e80e8t8t.jpg?KID=imgbed,tva&Expires=1770373592&ssig=WK8LVUbkYS"
5258411560143637,1769215275,2026-01-24 00:41:15+08:00,QorZxzvwJ,直升无异于顶替入学,0,0,1770362795055,山西,5258280477659458,,9162463717,小黑猫疯了,f,https://m.weibo.cn/u/9162463717?launchid=10000360-page_H5,"https://tvax2.sinaimg.cn/crop.0.0.1080.1080.180/00a04LmRly8i7pryt7595j30u00u0taa.jpg?KID=imgbed,tva&Expires=1770373592&ssig=VUAmjBRzOi"
5258379368335739,1769207600,2026-01-23 22:33:20+08:00,QorZxzvwJ,但我说了没用,0,0,1770362795056,广东,5258378890450532,,1323940067,飞扬的尘埃已落定,f,https://m.weibo.cn/u/1323940067?launchid=10000360-page_H5,"https://tvax4.sinaimg.cn/crop.0.0.1080.1080.180/4ee9b8e3ly8i67qcq4u8uj20u00u0wfm.jpg?KID=imgbed,tva&Expires=1770373592&ssig=MxOo9k1y97"
5258349379847516,1769200450,2026-01-23 20:34:10+08:00,QorZxzvwJ,取消统考不是取消考试！看懂了吗？,0,0,1770362795057,天津,5258286527153615,,6673123149,愿无所事事,m,https://m.weibo.cn/u/6673123149?launchid=10000360-page_H5,"https://tvax4.sinaimg.cn/crop.0.0.996.996.180/007hBKaxly8futzedxiuzj30ro0romy5.jpg?KID=imgbed,tva&Expires=1770373592&ssig=pOaky%2FtNSj"
5258275048128834,1769182727,2026-01-23 15:38:47+08:00,QorZxzvwJ,转发微博,0,0,1770362795443,山东,5258275048128834,,7927656868,心灵de砝码,f,https://m.weibo.cn/u/7927656868?launchid=10000360-page_H5,"https://tvax2.sinaimg.cn/crop.0.0.132.132.180/008EvDHmly4hqy3al15phj303o03ojrb.jpg?KID=imgbed,tva&Expires=1770373595&ssig=PnY%2FO0R5p5"
5260656968466657,1769750622,2026-01-30 05:23:42+08:00,QorZxzvwJ,减负是减的谁的负，哪些阶层家庭的孩子，才是减负政策的实际收益人？家庭托举孩子的目的是什么，好工作，在减负大背景下，谁更有条件获取？减负的结果是让更多的普通家庭陷入更大的焦虑，对前途更迷茫。,0,0,1770362795452,中国香港,5260656968466657,,1672847194,用户qtvyxk78zo,m,https://m.weibo.cn/u/1672847194?launchid=10000360-page_H5,"https://tva2.sinaimg.cn/crop.0.0.200.200.180/63b59f5ajw1f17ef4wtw1j205k05ka9v.jpg?KID=imgbed,tva&Expires=1770373595&ssig=1ZzEpfNaSt"
5260565599224936,1769728838,2026-01-29 23:20:38+08:00,QorZxzvwJ,那就只能拼家长了,0,0,1770362795454,广东,5260565599224936,,3811125383,一飞冲他天1234567890,m,https://m.weibo.cn/u/3811125383?launchid=10000360-page_H5,"https://tvax1.sinaimg.cn/default/images/default_avatar_male_180.gif?KID=imgbed,tva&Expires=1770373595&ssig=c4I5VxlQBz"
5259102024630511,1769379894,2026-01-25 22:24:54+08:00,QorZxzvwJ,回归育人本质，多么虚无缥缈的说法！ 但凡有人告诉你一个虚无的原因目的，那不用怀疑，他在忽悠你,0,0,1770362795455,江西,5259102024630511,,6286725701,ccpy2017,m,https://m.weibo.cn/u/6286725701?launchid=10000360-page_H5,"https://tvax1.sinaimg.cn/default/images/default_avatar_male_180.gif?KID=imgbed,tva&Expires=1770373595&ssig=c4I5VxlQBz"
5258752078909258,1769296461,2026-01-24 23:14:21+08:00,QorZxzvwJ,高中取消统考完全不知道自己全市排名，就最后一次开盲盒呗,0,0,1770362795457,山东,5258752078909258,,2105138065,人不狠站不稳sunny,f,https://m.weibo.cn/u/2105138065?launchid=10000360-page_H5,"https://tvax1.sinaimg.cn/crop.0.0.996.996.180/7d79db91ly8g73w73ns48j20ro0rojsk.jpg?KID=imgbed,tva&Expires=1770373595&ssig=RoT7BynVhb"
5258638679869002,1769269425,2026-01-24 15:43:45+08:00,QorZxzvwJ,又不是取消考试，期末还是都考试,0,0,1770362795458,湖南,5258638679869002,,1464783902,追寻梦想乐享生活,m,https://m.weibo.cn/u/1464783902?launchid=10000360-page_H5,"https://tvax2.sinaimg.cn/crop.0.0.1080.1080.180/001B85cOly8gri0cy3w2yj60u00u0dne02.jpg?KID=imgbed,tva&Expires=1770373595&ssig=GjwG2QykPc"
5258559365580173,1769250515,2026-01-24 10:28:35+08:00,QorZxzvwJ,这样只能是两个种极端，一种懒惰的继续懒惰，一种努力的更加努力。一种家长彻底躺平以为没有压力减轻负担了，直接走向淘汰赛道，一种家长更加注重成果督促孩子更加自律，为了以后多一个生存技能的选择。有人说学历不重要，能力才重要，可往往敲门砖就是学历。,0,0,1770362795459,广东,5258559365580173,,2815371307,我不吃红萝卜,f,https://m.weibo.cn/u/2815371307?launchid=10000360-page_H5,"https://tvax4.sinaimg.cn/crop.0.0.512.512.180/a7cf282bly8gp12v4qc2bj20e80e8q3f.jpg?KID=imgbed,tva&Expires=1770373595&ssig=OT64QA1IH1"
5258483972964726,1769232540,2026-01-24 05:29:00+08:00,QorZxzvwJ,中高考啥时候取消？,0,0,1770362795460,河南,5258483972964726,,5931532135,deng_123,f,https://m.weibo.cn/u/5931532135?launchid=10000360-page_H5,"https://tvax1.sinaimg.cn/crop.0.0.678.678.180/006tq6t9ly8hco1bx5rowj30iu0iujs1.jpg?KID=imgbed,tva&Expires=1770373595&ssig=%2FpnK%2FtGbxW"
5258298374752671,1769188290,2026-01-23 17:11:30+08:00,QorZxzvwJ,为什么有那么多集团校了呢 ？取消统考是好事儿吗  不好说,0,0,1770362795462,北京,5258298374752671,,1722789804,大桐子呦吼呦吼,f,https://m.weibo.cn/u/1722789804?launchid=10000360-page_H5,"https://tvax4.sinaimg.cn/crop.0.0.664.664.180/66afafacly8gmonoqcoioj20ig0ihq3y.jpg?KID=imgbed,tva&Expires=1770373595&ssig=hSiGCjBdxL"
5258294960849861,1769187476,2026-01-23 16:57:56+08:00,QorZxzvwJ,等着中考高考开盲盒？想想就刺激,0,0,1770362795463,江苏,5258294960849861,,2027729493,不作繁华主,f,https://m.weibo.cn/u/2027729493?launchid=10000360-page_H5,"https://tva4.sinaimg.cn/crop.0.0.180.180.180/78dcb255jw1e8qgp5bmzyj2050050aa8.jpg?KID=imgbed,tva&Expires=1770373595&ssig=wu2EOE7Khl"
5258290556567999,1769186425,2026-01-23 16:40:25+08:00,QorZxzvwJ,初一家长真的已经受不了了每天无脑刷题，真的是为了啥,0,0,1770362795465,浙江,5258290556567999,,5527330760,酷酷本尊是也,m,https://m.weibo.cn/u/5527330760?launchid=10000360-page_H5,"https://tvax2.sinaimg.cn/crop.0.0.1080.1080.180/006247e8ly8g7q0485ramj30u00u0jts.jpg?KID=imgbed,tva&Expires=1770373595&ssig=Ijo9QFdtUL"
5258288536486289,1769185943,2026-01-23 16:32:23+08:00,QorZxzvwJ,减负和排名有多大关系,0,0,1770362795467,上海,5258288536486289,,7532302734,无限空间点滴,f,https://m.weibo.cn/u/7532302734?launchid=10000360-page_H5,"https://tvax3.sinaimg.cn/crop.0.0.1024.1024.180/008dKM1Mly8hov1ahf9vsj30sg0shjt4.jpg?KID=imgbed,tva&Expires=1770373595&ssig=MeBAseZK9E"
5258286502775253,1769185459,2026-01-23 16:24:19+08:00,QorZxzvwJ,不管怎么样，终究要选拔的，看孩子自己了,0,0,1770362795468,上海,5258286502775253,,6333949652,磨叽的读书郎,m,https://m.weibo.cn/u/6333949652?launchid=10000360-page_H5,"https://tvax1.sinaimg.cn/crop.0.0.647.647.180/006UEBEgly8hjw6l9fconj30hz0hztai.jpg?KID=imgbed,tva&Expires=1770373595&ssig=1J8FaStwpx"
5258285227967319,1769185155,2026-01-23 16:19:15+08:00,QorZxzvwJ,旱的旱死，涝的涝死,0,0,1770362795469,韩国,5258285227967319,,2450173257,寰宇密码,m,https://m.weibo.cn/u/2450173257?launchid=10000360-page_H5,"https://tvax1.sinaimg.cn/crop.0.0.1080.1080.180/920aad49ly8hn9i5ogwn2j20u00u0wja.jpg?KID=imgbed,tva&Expires=1770373595&ssig=XBtRmzUSmR"
5258283961028695,1769184853,2026-01-23 16:14:13+08:00,QorZxzvwJ,不会取消的，换个时间考试而已,0,0,1770362795471,广东,5258283961028695,,7007359706,雪雪飘飘871214,f,https://m.weibo.cn/u/7007359706?launchid=10000360-page_H5,"https://tvax3.sinaimg.cn/crop.0.0.1080.1080.180/007EeamKly8i8sxv14rd0j30u00u0div.jpg?KID=imgbed,tva&Expires=1770373595&ssig=lhczY3RtJq"
5258282206769684,1769184435,2026-01-23 16:07:15+08:00,QorZxzvwJ,支持取消,0,0,1770362795472,云南,5258282206769684,,5586226330,kkuunn999,m,https://m.weibo.cn/u/5586226330?launchid=10000360-page_H5,"https://tva3.sinaimg.cn/crop.0.0.750.750.180/00663eEGjw8er2tc9eepbj30ku0kumxz.jpg?KID=imgbed,tva&Expires=1770373595&ssig=vgAhCHeFEJ"
5258280395605262,1769184003,2026-01-23 16:00:03+08:00,QorZxzvwJ,但是，最终还是要考，这种自欺欺人的开心只会导致后期的当头一击,0,0,1770362795474,浙江,5258280395605262,,2877608664,Y周婷Y22,f,https://m.weibo.cn/u/2877608664?launchid=10000360-page_H5,"https://tvax3.sinaimg.cn/crop.0.0.996.996.180/ab84d2d8ly8gshw6of33jj20ro0roabv.jpg?KID=imgbed,tva&Expires=1770373595&ssig=D0LWVCgoo5"
5258411487790728,1769215258,2026-01-24 00:40:58+08:00,QorZxzvwJ,哪怕是为了校内考试能发挥作用，也不能取消统考！统考实际上是在监督和批评校内考试“太简单了”“没有区分度”“监测不出学生真实水平”等等，校内考试因为有统考才会变得比较难，没了统考的监督和批评，校内考试很快就会变成掩耳盗铃自欺欺人的作秀，最后学生彻底没了检测自己的途径,0,0,1770362795475,山西,5258411487790728,,9162463717,小黑猫疯了,f,https://m.weibo.cn/u/9162463717?launchid=10000360-page_H5,"https://tvax2.sinaimg.cn/crop.0.0.1080.1080.180/00a04LmRly8i7pryt7595j30u00u0taa.jpg?KID=imgbed,tva&Expires=1770373595&ssig=kbG4QXzFWb"
5258282782425466,1769184571,2026-01-23 16:09:31+08:00,QorZxzvwJ,支持取消统考,0,0,1770362795477,河南,5258282782425466,,9004152356,谁是捣蛋轨oooo,f,https://m.weibo.cn/u/9004152356?launchid=10000360-page_H5,"https://tvax3.sinaimg.cn/crop.0.0.1080.1080.180/009PmvlOly8i9rp871oduj30u00u0gor.jpg?KID=imgbed,tva&Expires=1770373595&ssig=8ML%2Bu2Zci0"
5258282450813053,1769184492,2026-01-23 16:08:12+08:00,QorZxzvwJ,这挺好,0,0,1770362795478,北京,5258282450813053,,8460203534,komorebi827,f,https://m.weibo.cn/u/8460203534?launchid=10000360-page_H5,"https://tvax3.sinaimg.cn/crop.0.0.1080.1080.180/009ey9pIly8i95o1uc1waj30u00u0wia.jpg?KID=imgbed,tva&Expires=1770373595&ssig=dS%2FGRiZPSH"
5258680874567472,1769279485,2026-01-24 18:31:25+08:00,QorZxzvwJ,压力的根源不就是中考的高考吗，取消考试可以理解，但是连期末都要取消或者调整，实属不应该,0,0,1770362797947,河北,5258680874567472,,7866909321,用户7866909321,m,https://m.weibo.cn/u/7866909321?launchid=10000360-page_H5,"https://tvax2.sinaimg.cn/crop.0.0.1080.1080.180/008AoKudly8hhbokdu7gyj30u00u0q6f.jpg?KID=imgbed,tva&Expires=1770373597&ssig=rJPwTMlJB1"
5258296061856005,1769187738,2026-01-23 17:02:18+08:00,QorZxzvwJ,可以的,0,1,1770362797949,广东,5258296061856005,,6580712747,沐叶清风1221,f,https://m.weibo.cn/u/6580712747?launchid=10000360-page_H5,"https://tvax3.sinaimg.cn/crop.0.0.1080.1080.180/007bm00bly8i9jtfgj4fjj30u00u0goj.jpg?KID=imgbed,tva&Expires=1770373597&ssig=WedNNE0PQi"
5258294135620392,1769187278,2026-01-23 16:54:38+08:00,QorZxzvwJ,这样也挺好的,0,0,1770362797951,湖南,5258294135620392,,7766339536,小喵脾气菠萝心,f,https://m.weibo.cn/u/7766339536?launchid=10000360-page_H5,"https://tvax2.sinaimg.cn/crop.0.0.1080.1080.180/008tALGUly8i8vils9c52j30u00u0adt.jpg?KID=imgbed,tva&Expires=1770373597&ssig=xHiht30Tpx"
5258293007879449,1769187010,2026-01-23 16:50:10+08:00,QorZxzvwJ,很好,0,0,1770362797952,黑龙江,5258293007879449,,5361015773,是阿婷大人呀,f,https://m.weibo.cn/u/5361015773?launchid=10000360-page_H5,"https://tvax2.sinaimg.cn/crop.0.0.1080.1080.180/005QOh6lly8i5y0vq304fj30u00u0gou.jpg?KID=imgbed,tva&Expires=1770373597&ssig=ewYD3Bygj6"
5258292720828909,1769186941,2026-01-23 16:49:01+08:00,QorZxzvwJ,说的对,0,0,1770362797953,黑龙江,5258292720828909,,5541483718,哆啦A甲的梦,f,https://m.weibo.cn/u/5541483718?launchid=10000360-page_H5,"https://tvax3.sinaimg.cn/crop.0.0.1080.1080.180/00631v3Ely8i606bhc0v2j30u00u00v8.jpg?KID=imgbed,tva&Expires=1770373597&ssig=jZzskYelap"
5258291936756738,1769186755,2026-01-23 16:45:55+08:00,QorZxzvwJ,没错,0,0,1770362797955,黑龙江,5258291936756738,,5152786971,水冰月野小兔子,f,https://m.weibo.cn/u/5152786971?launchid=10000360-page_H5,"https://tvax4.sinaimg.cn/crop.0.0.1080.1080.180/005CIzhhly8i6oykc93y6j30u00u0n0p.jpg?KID=imgbed,tva&Expires=1770373597&ssig=X3AyHVxxzb"
5258290967873516,1769186524,2026-01-23 16:42:04+08:00,QorZxzvwJ,支持,0,0,1770362797956,湖南,5258290967873516,,7447093907,海中一朵莲,f,https://m.weibo.cn/u/7447093907?launchid=10000360-page_H5,"https://tvax1.sinaimg.cn/crop.0.0.1080.1080.180/0087ZfjRly8i8v7s2ywssj30u00u00uy.jpg?KID=imgbed,tva&Expires=1770373597&ssig=%2B0gcfjPaD%2F"
5258290901550294,1769186508,2026-01-23 16:41:48+08:00,QorZxzvwJ,还不错,0,0,1770362797958,广东,5258290901550294,,7750216428,伏见桃希,m,https://m.weibo.cn/u/7750216428?launchid=10000360-page_H5,"https://tvax3.sinaimg.cn/crop.0.0.1080.1080.180/008sv7kMly8hqj511fxqvj30u00u0wg4.jpg?KID=imgbed,tva&Expires=1770373597&ssig=Dj7I%2B6YDch"
5258289696998188,1769186221,2026-01-23 16:37:01+08:00,QorZxzvwJ,支持取消 减压适当,0,0,1770362797959,上海,5258289696998188,,7431112066,H-ozzzier,m,https://m.weibo.cn/u/7431112066?launchid=10000360-page_H5,"https://tvax1.sinaimg.cn/crop.0.0.828.828.180/0086UbIely8h3hnlg6c33j30n00n0wff.jpg?KID=imgbed,tva&Expires=1770373597&ssig=Bd8VwzQSJ%2B"
5258286687586374,1769185503,2026-01-23 16:25:03+08:00,QorZxzvwJ,中考和高考看的都是排名，有啥用，只要选拔机制不变，一切都多余,0,0,1770362797961,广东,5258286687586374,,7925615773,秋夜嘌呤,f,https://m.weibo.cn/u/7925615773?launchid=10000360-page_H5,"https://tvax1.sinaimg.cn/crop.0.0.500.500.180/008En4Itly8i9jhvfyp4oj30dw0dwmyd.jpg?KID=imgbed,tva&Expires=1770373597&ssig=kcWx7R0mOx"
5258276956538983,1769183183,2026-01-23 15:46:23+08:00,QorZxzvwJ,取消才好呢,0,0,1770362797963,山东,5258276956538983,,7638964562,Surroundedbyhappiness,f,https://m.weibo.cn/u/7638964562?launchid=10000360-page_H5,"https://tvax3.sinaimg.cn/crop.0.0.1080.1080.180/008kYjDQly8i8ns4v2kioj30u00u00ur.jpg?KID=imgbed,tva&Expires=1770373597&ssig=qGYg6nRM%2FA"
5258275206467082,1769182766,2026-01-23 15:39:26+08:00,QorZxzvwJ,只希望教育可以轻松点，现在的小孩太累了，精神压力太大了,3,3,1770362797965,福建,5258275206467082,,7634204254,猫肚子里的龙眼核,m,https://m.weibo.cn/u/7634204254?launchid=10000360-page_H5,"https://tvax1.sinaimg.cn/crop.7.0.956.956.180/008kElgGly8hmpr89q6wxj30qy0qkmxi.jpg?KID=imgbed,tva&Expires=1770373597&ssig=xenryokmeX"
5258275734947936,1769182892,2026-01-23 15:41:32+08:00,QorZxzvwJ,迷局脱困面膜,0,0,1770362797966,广东,5258275734947936,,8343155061,追梦者200612,m,https://m.weibo.cn/u/8343155061?launchid=10000360-page_H5,"https://tvax1.sinaimg.cn/crop.0.0.1080.1080.180/0096D1L7ly8i5hpjwya4lj30u00u00zq.jpg?KID=imgbed,tva&Expires=1770373597&ssig=lvWqXZl600"
5258287043054736,1769185588,2026-01-23 16:26:28+08:00,QorZxzvwJ,1,0,0,1770362797967,河北,5258287043054736,,7439519345,用户7439519345,m,https://m.weibo.cn/u/7439519345?launchid=10000360-page_H5,"https://tvax2.sinaimg.cn/crop.0.0.1080.1080.180/0087tsPvly8ge2h3uc849j30u00u0dhr.jpg?KID=imgbed,tva&Expires=1770373597&ssig=iHHVzSZnSx"
5258277254596765,1769183254,2026-01-23 15:47:34+08:00,QorZxzvwJ,应该让孩子放松点按兴趣健康成长,0,0,1770362799970,浙江,5258275206467082,,7512971643,说车的姚老板,m,https://m.weibo.cn/u/7512971643?launchid=10000360-page_H5,"https://tvax4.sinaimg.cn/crop.0.0.512.512.180/008crF7Zly8i198abl3hvj30e80e8t8t.jpg?KID=imgbed,tva&Expires=1770373597&ssig=fea3Azs1WU"
5258285087196178,1769185122,2026-01-23 16:18:42+08:00,QorZxzvwJ,你可以不用那么累啊，但你别要求别人和你一样摆烂，你说是吧？,0,0,1770362799972,福建,5258275206467082,,7942209400,芊里共良宵,m,https://m.weibo.cn/u/7942209400?launchid=10000360-page_H5,"https://tvax4.sinaimg.cn/crop.0.0.500.500.180/008FuHtCly8i9ce01ou0jj30dw0dwq3k.jpg?KID=imgbed,tva&Expires=1770373597&ssig=imZs1MUI2r"
5258356211845011,1769202079,2026-01-23 21:01:19+08:00,QossvxmpM,,0,1,1770362820180,辽宁,5258356211845011,,6272405035,沐白1904,m,https://m.weibo.cn/u/6272405035?launchid=10000360-page_H5,"https://tvax1.sinaimg.cn/crop.0.0.857.857.180/006Qun59ly8hxtwhskshdj30nt0ntdg3.jpg?KID=imgbed,tva&Expires=1770373619&ssig=Ir9HQQqeTw"
5258387345645472,1769209502,2026-01-23 23:05:02+08:00,QossvxmpM,,0,1,1770362820182,广东,5258387345645472,,5196515396,平头哥TZX,m,https://m.weibo.cn/u/5196515396?launchid=10000360-page_H5,"https://tvax2.sinaimg.cn/crop.0.0.750.750.180/005FG32sly8hcfynazz6kj30ku0kuacf.jpg?KID=imgbed,tva&Expires=1770373619&ssig=ICd9xDX2zU"
5258386992008276,1769209418,2026-01-23 23:03:38+08:00,QossvxmpM,现在的小朋友早已没有了童年,0,1,1770362820184,重庆,5258386992008276,,6996031077,夺命笑001,m,https://m.weibo.cn/u/6996031077?launchid=10000360-page_H5,"https://tvax4.sinaimg.cn/crop.0.0.600.600.180/007DsDgVly8gyasq3gju9j30go0gomy6.jpg?KID=imgbed,tva&Expires=1770373619&ssig=8GRHqAwGID"
5258362155698644,1769203496,2026-01-23 21:24:56+08:00,QossvxmpM,,0,1,1770362820186,河北,5258362155698644,,1961561925,花开陌上minmin,f,https://m.weibo.cn/u/1961561925?launchid=10000360-page_H5,"https://tvax4.sinaimg.cn/crop.0.0.1060.1060.180/74eb0f45ly8gsbzj1jdiqj20tg0tgq57.jpg?KID=imgbed,tva&Expires=1770373619&ssig=dFTuA8kGLw"
5258345523186672,1769199531,2026-01-23 20:18:51+08:00,QossvxmpM,,0,1,1770362820187,浙江,5258345523186672,,2115729944,小兔爱牛奶,f,https://m.weibo.cn/u/2115729944?launchid=10000360-page_H5,"https://tvax4.sinaimg.cn/crop.0.0.1080.1080.180/7e1b7a18ly8h00hp495slj20u00u0t9p.jpg?KID=imgbed,tva&Expires=1770373619&ssig=CeVeMA%2FoMK"
5258319638039365,1769193359,2026-01-23 18:35:59+08:00,QossvxmpM,跟开盲盒一样，不晓得自己家娃成绩咋样，毕业就给你来个惊喜,0,2,1770362820189,湖北,5258319638039365,,2298404903,Cobb木,m,https://m.weibo.cn/u/2298404903?launchid=10000360-page_H5,"https://tvax3.sinaimg.cn/crop.0.0.996.996.180/88fee027ly8fh5rlt21d8j20ro0ro0ti.jpg?KID=imgbed,tva&Expires=1770373619&ssig=aOGDo%2F4CL4"
5258317783894889,1769192917,2026-01-23 18:28:37+08:00,QossvxmpM,,0,1,1770362820190,山东,5258317783894889,,5989187361,19861127585加油,m,https://m.weibo.cn/u/5989187361?launchid=10000360-page_H5,"https://tvax2.sinaimg.cn/crop.0.0.1080.1080.180/006xk1e9ly8i4z35orvahj30u00u0dkn.jpg?KID=imgbed,tva&Expires=1770373619&ssig=87kC7F09ok"
5258312075709876,1769191556,2026-01-23 18:05:56+08:00,QossvxmpM,,0,1,1770362820191,山东,5258312075709876,,5771800999,Jessie20101015,f,https://m.weibo.cn/u/5771800999?launchid=10000360-page_H5,"https://tvax3.sinaimg.cn/crop.0.0.996.996.180/006iBT6vly8gtlmpbihawj30ro0ro75f.jpg?KID=imgbed,tva&Expires=1770373619&ssig=fiLeh8F1O2"
5258303656432414,1769189549,2026-01-23 17:32:29+08:00,QossvxmpM,可怜天下父母心！,0,1,1770362820193,福建,5258303656432414,,7209587042,木木181872,f,https://m.weibo.cn/u/7209587042?launchid=10000360-page_H5,"https://tvax2.sinaimg.cn/crop.0.0.960.960.180/007RUGVYly8hfl8igjuibj30qo0qo0ur.jpg?KID=imgbed,tva&Expires=1770373619&ssig=NIgUutSZhl"
5258303307518093,1769189466,2026-01-23 17:31:06+08:00,QossvxmpM,,0,1,1770362820195,北京,5258303307518093,,2813591031,心态第一位518,f,https://m.weibo.cn/u/2813591031?launchid=10000360-page_H5,"https://tva2.sinaimg.cn/crop.0.0.180.180.180/a7b3fdf7jw1e8qgp5bmzyj2050050aa8.jpg?KID=imgbed,tva&Expires=1770373619&ssig=I1MMRe8OV2"
5258300471903047,1769188789,2026-01-23 17:19:49+08:00,QossvxmpM,对啊,0,1,1770362820196,广东,5258300471903047,,6126736390,yhvghhkkj,m,https://m.weibo.cn/u/6126736390?launchid=10000360-page_H5,"https://tva2.sinaimg.cn/crop.74.48.200.200.180/006GDa0Sjw8fcmni3222zj30a00a00tc.jpg?KID=imgbed,tva&Expires=1770373619&ssig=g38%2BQwKIT5"
5258297949032756,1769188188,2026-01-23 17:09:48+08:00,QossvxmpM,,0,1,1770362820197,山东,5258297949032756,,3779311731,天道宝典,m,https://m.weibo.cn/u/3779311731?launchid=10000360-page_H5,"https://tva4.sinaimg.cn/crop.92.1.420.420.180/e143b873gw1ebbkcydkfyj20go0brdjl.jpg?KID=imgbed,tva&Expires=1770373619&ssig=PaSRMAOUUY"
5258295288794722,1769187554,2026-01-23 16:59:14+08:00,QossvxmpM,转发微博,0,1,1770362820199,陕西,5258295288794722,,1864677244,俺是你大耶,m,https://m.weibo.cn/u/1864677244?launchid=10000360-page_H5,"https://tvax2.sinaimg.cn/crop.0.0.1080.1080.180/6f24b77cly8i8017p0t62j20u00u0dhp.jpg?KID=imgbed,tva&Expires=1770373619&ssig=y6apGmSI4Y"
5258307444671280,1769190452,2026-01-23 17:47:32+08:00,QossvxmpM,家长的思维赶紧转变,0,0,1770362820200,陕西,5258307444671280,,1775837425,南丘嘉树,f,https://m.weibo.cn/u/1775837425?launchid=10000360-page_H5,"https://tvax2.sinaimg.cn/crop.0.0.1080.1080.180/69d920f1ly8i8lwreoompj20u00u0ab7.jpg?KID=imgbed,tva&Expires=1770373619&ssig=29rGKOwET%2F"
5263002224034029,1770309774,2026-02-05 16:42:54+08:00,QossvxmpM,,0,0,1770362820201,河南,5263002224034029,,5570720728,老刘Z二百,m,https://m.weibo.cn/u/5570720728?launchid=10000360-page_H5,"https://tvax1.sinaimg.cn/crop.0.0.690.690.180/00650aWkly8h2h5vhb0uhj30j60j6js2.jpg?KID=imgbed,tva&Expires=1770373619&ssig=2nXDNH6CcE"
5258649129189658,1769271915,2026-01-24 16:25:15+08:00,QossvxmpM,,0,0,1770362820202,四川,5258649129189658,,2924726383,不会哭的泪_13135,m,https://m.weibo.cn/u/2924726383?launchid=10000360-page_H5,"https://tvax4.sinaimg.cn/crop.0.0.512.512.180/ae53c86fly8hsdfr42u3cj20e80e8t94.jpg?KID=imgbed,tva&Expires=1770373619&ssig=f77jYydy2J"
5258579210666742,1769255246,2026-01-24 11:47:26+08:00,QossvxmpM,,0,0,1770362820204,广东,5258579210666742,,7747739473,遇见美好-MM,f,https://m.weibo.cn/u/7747739473?launchid=10000360-page_H5,"https://tvax1.sinaimg.cn/crop.0.0.705.705.180/008skIXTly8heikumfumej30jl0jlmys.jpg?KID=imgbed,tva&Expires=1770373619&ssig=QvZNgw1TEx"
5258363405598908,1769203793,2026-01-23 21:29:53+08:00,QossvxmpM,,0,0,1770362820205,辽宁,5258363405598908,,7764612561,烟雨-202206,m,https://m.weibo.cn/u/7764612561?launchid=10000360-page_H5,"https://tvax4.sinaimg.cn/crop.0.0.751.751.180/008ttwqtly8h34pfd1xanj30kv0kv404.jpg?KID=imgbed,tva&Expires=1770373619&ssig=wcHCgoMnFM"
5258321009574131,1769193685,2026-01-23 18:41:25+08:00,QossvxmpM,,0,0,1770362820207,江苏,5258321009574131,,2290629107,史二娘,f,https://m.weibo.cn/u/2290629107?launchid=10000360-page_H5,"https://tvax1.sinaimg.cn/crop.0.0.1342.1342.180/888839f3ly8fkaw8d9tdaj211a11b0wx.jpg?KID=imgbed,tva&Expires=1770373619&ssig=ihk2sG5w6E"
5258360033378490,1769202989,2026-01-23 21:16:29+08:00,QossvxmpM,,0,1,1770362820208,江苏,5258360033378490,,6790065647,善待所有人便是善待自己,f,https://m.weibo.cn/u/6790065647?launchid=10000360-page_H5,"https://tvax1.sinaimg.cn/crop.0.0.1024.1024.180/007pwqfRly8i19lc273c2j30sg0sgtdr.jpg?KID=imgbed,tva&Expires=1770373619&ssig=AaCQlbflrr"
5258292999226886,1769187008,2026-01-23 16:50:08+08:00,QossvxmpM,那么久都看不见成绩怎么样 当然心慌意乱了,0,1,1770362822527,浙江,5258292999226886,,7879619437,秦时丨月,m,https://m.weibo.cn/u/7879619437?launchid=10000360-page_H5,"https://tvax1.sinaimg.cn/crop.0.0.1080.1080.180/008Bg4Y5ly8hu151ttcf0j30u00u0mzo.jpg?KID=imgbed,tva&Expires=1770373622&ssig=%2F9MCCsQW9L"
5259123503400731,1769385016,2026-01-25 23:50:16+08:00,QossvxmpM,太难了,0,0,1770362822528,新疆,5259123503400731,,7542524361,钱多多进来L,f,https://m.weibo.cn/u/7542524361?launchid=10000360-page_H5,"https://tvax3.sinaimg.cn/crop.0.0.1080.1080.180/008erF8Jly8htc2tpadvdj30u00u0myf.jpg?KID=imgbed,tva&Expires=1770373622&ssig=YfAYAxkDd8"
5258583090136513,1769256171,2026-01-24 12:02:51+08:00,QossvxmpM,,0,0,1770362822530,广东,5258583090136513,,6882311934,小猴在修车,m,https://m.weibo.cn/u/6882311934?launchid=10000360-page_H5,"https://tvax3.sinaimg.cn/crop.0.0.500.500.180/007vLtJcly8hzv7z8d5z5j30dw0dwmyd.jpg?KID=imgbed,tva&Expires=1770373622&ssig=fvnUl%2BEQwR"
5258370365784204,1769205453,2026-01-23 21:57:33+08:00,Qosvq0MUH,真是实话实说,0,8,1770362831288,黑龙江,5258370365784204,,6990367759,思钱想瘦ysy,f,https://m.weibo.cn/u/6990367759?launchid=10000360-page_H5,"https://tvax3.sinaimg.cn/crop.0.0.1080.1080.180/007D4RZ5ly8i9eu9okjfrj30u00u1gor.jpg?KID=imgbed,tva&Expires=1770373630&ssig=wvmV1I4oBp"
5258294538799340,1769187375,2026-01-23 16:56:15+08:00,Qosvq0MUH,,0,1,1770362831290,云南,5258294538799340,,3320372863,东禾w,m,https://m.weibo.cn/u/3320372863?launchid=10000360-page_H5,"https://tvax3.sinaimg.cn/crop.0.0.512.512.180/c5e8de7fly8hyhwi6scfxj20e80e83z9.jpg?KID=imgbed,tva&Expires=1770373630&ssig=%2F5Btc9y7js"
5258602214589345,1769260731,2026-01-24 13:18:51+08:00,Qosvq0MUH,一回事，成绩不代表工作能力，但成绩好的工作能力普遍更强。,0,9,1770362831291,湖北,5258602214589345,,1744759727,阿龙电商投资,m,https://m.weibo.cn/u/1744759727?launchid=10000360-page_H5,"https://tvax1.sinaimg.cn/crop.0.0.1080.1080.180/67feebafly8i7s13h80kbj20u00u0jsw.jpg?KID=imgbed,tva&Expires=1770373630&ssig=Lfj9WvzDbM"
5259707097024386,1769524155,2026-01-27 14:29:15+08:00,Qosvq0MUH,不能同意更多,0,0,1770362831293,河南,5259707097024386,,1223496107,Lisa_AuYeung,f,https://m.weibo.cn/u/1223496107?launchid=10000360-page_H5,"https://tvax1.sinaimg.cn/crop.0.0.512.512.180/48ed11ably8hphe43ojp3j20e80e8dg3.jpg?KID=imgbed,tva&Expires=1770373630&ssig=VYk706wxoW"
5258548096271106,1769247828,2026-01-24 09:43:48+08:00,Qosvq0MUH,有人其实是希望大家不要考虑什么阶层流动，因为，他自己的生态位，是想让自己后代来继承的。,0,2,1770362831294,江苏,5258548096271106,,1107345694,Redingun,m,https://m.weibo.cn/u/1107345694?launchid=10000360-page_H5,"https://tvax1.sinaimg.cn/crop.0.0.512.512.180/4200c11ely8huzp3zstxcj20e80e80ui.jpg?KID=imgbed,tva&Expires=1770373630&ssig=pgJb0DyLrR"
5259766393736092,1769538293,2026-01-27 18:24:53+08:00,Qosvq0MUH,教育局期末考试还给老师排名的，把孩子家长老师都要逼疯,0,0,1770362831296,江西,5259766393736092,,2079579125,mysuita,f,https://m.weibo.cn/u/2079579125?launchid=10000360-page_H5,"https://tvax2.sinaimg.cn/crop.0.0.996.996.180/7bf3dbf5ly8gmjtcu765ij20ro0rojvc.jpg?KID=imgbed,tva&Expires=1770373630&ssig=7j4Lm%2BRS%2Bq"
5258690726727272,1769281834,2026-01-24 19:10:34+08:00,Qosvq0MUH,#家庭传承#人最终是靠会的部分赚钱吃饭，大家都会的东西，你会不会不重要；,0,0,1770362831297,北京,5258690726727272,,2389241412,种花aragon,m,https://m.weibo.cn/u/2389241412?launchid=10000360-page_H5,"https://tvax1.sinaimg.cn/crop.0.0.996.996.180/8e68ee44ly8fp5gj2h53fj20ro0rogpa.jpg?KID=imgbed,tva&Expires=1770373630&ssig=ilCKuTpKTY"
5258646502256467,1769271290,2026-01-24 16:14:50+08:00,Qosvq0MUH,说的太对了，,0,0,1770362831299,山东,5258646502256467,,6843410838,一块晓晓的石头,f,https://m.weibo.cn/u/6843410838?launchid=10000360-page_H5,"https://tvax2.sinaimg.cn/crop.0.0.1019.1019.180/007t8fMaly8htaocumxsrj30sb0sbq50.jpg?KID=imgbed,tva&Expires=1770373630&ssig=KQtn8d0iHH"
5258577446963327,1769254826,2026-01-24 11:40:26+08:00,Qosvq0MUH,,0,0,1770362831299,安徽,5258577446963327,,5718860350,我是李传稳阿,m,https://m.weibo.cn/u/5718860350?launchid=10000360-page_H5,"https://tva2.sinaimg.cn/crop.0.1.510.510.180/006f1KP4jw8f5ubo5wxiyj30e60e8q2w.jpg?KID=imgbed,tva&Expires=1770373630&ssig=xRpGaF%2Flbq"
5258461302489364,1769227135,2026-01-24 03:58:55+08:00,Qosvq0MUH,感觉要丸,0,0,1770362831301,广东,5258461302489364,,2391900395,贝WENWUBEI,f,https://m.weibo.cn/u/2391900395?launchid=10000360-page_H5,"https://tvax2.sinaimg.cn/crop.0.0.996.996.180/8e9180ebly8fo4k4f4dikj20ro0roaca.jpg?KID=imgbed,tva&Expires=1770373630&ssig=UQMshuY%2Fwx"
5258388267336512,1769209722,2026-01-23 23:08:42+08:00,Qosvq0MUH,真实的大实话！,0,0,1770362831303,河北,5258388267336512,,7298348014,闲女3399,m,https://m.weibo.cn/u/7298348014?launchid=10000360-page_H5,"https://tvax1.sinaimg.cn/default/images/default_avatar_male_180.gif?KID=imgbed,tva&Expires=1770373630&ssig=8usxH5IeKV"
5258372007332372,1769205845,2026-01-23 22:04:05+08:00,Qosvq0MUH,说的太好了,0,0,1770362831304,北京,5258372007332372,,1201145515,暖夏壹峰,f,https://m.weibo.cn/u/1201145515?launchid=10000360-page_H5,"https://tva1.sinaimg.cn/crop.0.0.180.180.180/479806abjw1e8qgp5bmzyj2050050aa8.jpg?KID=imgbed,tva&Expires=1770373630&ssig=ovbgPtTNGv"
5258331726022664,1769196240,2026-01-23 19:24:00+08:00,Qosvq0MUH,大实话,0,0,1770362831306,山东,5258331726022664,,6968386322,Yang紫齐,f,https://m.weibo.cn/u/6968386322?launchid=10000360-page_H5,"https://tvax1.sinaimg.cn/crop.0.0.1080.1080.180/007BADBMly8i71kbj06dgj30u00u0jwn.jpg?KID=imgbed,tva&Expires=1770373630&ssig=%2Fy3bQU6mCJ"
5258330345050120,1769195912,2026-01-23 19:18:32+08:00,Qosvq0MUH,没用的东西可学可不学 学了会忘记的可学可不学 学了学不会的可学可不学 不感兴趣的可学可不学 然后把时间花在自己感兴趣、擅长的、有用的方面。,0,0,1770362831307,上海,5258330345050120,,2843087344,平和与冲突的红色地带,f,https://m.weibo.cn/u/2843087344?launchid=10000360-page_H5,"https://tvax4.sinaimg.cn/crop.0.0.640.640.180/a97611f0ly8gyejtnagcoj20hs0hsmxo.jpg?KID=imgbed,tva&Expires=1770373630&ssig=BWNhJGZNSt"
5258304410618347,1769189729,2026-01-23 17:35:29+08:00,Qosvq0MUH,怎么最高效率的找到感兴趣且擅长的有用的方面啊，好难啊,0,0,1770362831309,江苏,5258304410618347,,6014641884,陈尔东777,m,https://m.weibo.cn/u/6014641884?launchid=10000360-page_H5,"https://tvax1.sinaimg.cn/crop.0.0.996.996.180/006z2P6Yly8gdzgiqfx8pj30ro0rotav.jpg?KID=imgbed,tva&Expires=1770373630&ssig=qyIkeReAme"
5258297788597257,1769188150,2026-01-23 17:09:10+08:00,Qosvq0MUH,净说大实话,0,0,1770362831310,山东,5258297788597257,,2245945783,Lulu-天使爱美丽,m,https://m.weibo.cn/u/2245945783?launchid=10000360-page_H5,"https://tvax2.sinaimg.cn/crop.0.0.1080.1080.180/85de69b7ly8gb5ej0o8dhj20u00u0mzi.jpg?KID=imgbed,tva&Expires=1770373630&ssig=3Bci%2BA3UM9"
5258530991112928,1769243750,2026-01-24 08:35:50+08:00,Qosvq0MUH,实话是实话，但是比例不对，不至于教10，一般是教80，会30，考100,0,0,1770362831311,湖南,5258530991112928,,7054470608,点妈689,f,https://m.weibo.cn/u/7054470608?launchid=10000360-page_H5,"https://tvax3.sinaimg.cn/crop.0.0.1080.1080.180/007HpQ40ly8i2zk5qihy7j30u00u0q6q.jpg?KID=imgbed,tva&Expires=1770373630&ssig=agKiSK7r0C"
5262541467950406,1770199922,2026-02-04 10:12:02+08:00,5262536440022531,那么多年了 我突然发觉我其实根本分不出烂和不烂的区别,76,2856,1770365402955,北京,5262541467950406,,5336717731,娱乐吃瓜姐,f,https://m.weibo.cn/u/5336717731?launchid=10000360-page_H5,"https://tvax3.sinaimg.cn/crop.64.83.316.316.180/005Pak4rly8g12llgrs5lj30b40b4q34.jpg?KID=imgbed,tva&Expires=1770376202&ssig=Hr9zKl2Gs5"
5262540436412886,1770199676,2026-02-04 10:07:56+08:00,5262536440022531,马上就要出来车厘子蛋糕，车厘子奶茶，车厘子果切拼盘,29,1728,1770365402957,北京,5262540436412886,,1674479784,阿呆呆先生,m,https://m.weibo.cn/u/1674479784?launchid=10000360-page_H5,"https://tvax3.sinaimg.cn/crop.0.0.1080.1080.180/63ce88a8ly8i1zui99kctj20u00u0tb1.jpg?KID=imgbed,tva&Expires=1770376202&ssig=mI9EfO9dgl"
5262539795206775,1770199523,2026-02-04 10:05:23+08:00,5262536440022531,所以要早买早享受12月第一轮船来的时候我就买，每周一箱，明显最开始买的虽然贵一些可是口感更好1月开始每周越来越便宜，可我已经吃够了我就没买了,62,1075,1770365402958,北京,5262539795206775,,1663788167,慵懒的柒姐,f,https://m.weibo.cn/u/1663788167?launchid=10000360-page_H5,"https://tvax4.sinaimg.cn/crop.0.0.1080.1080.180/632b6487ly8hnbrmucyouj20u00u00v6.jpg?KID=imgbed,tva&Expires=1770376202&ssig=rjk46AuK6A"
5262541116146214,1770199837,2026-02-04 10:10:37+08:00,5262536440022531,车厘子吃着苦是什么原因呀,46,195,1770365402960,北京,5262541116146214,,5200745353,只是笑疯,m,https://m.weibo.cn/u/5200745353?launchid=10000360-page_H5,"https://tvax4.sinaimg.cn/crop.0.0.1080.1080.180/005FXNrzly8i5r0c63un7j30u00u0420.jpg?KID=imgbed,tva&Expires=1770376202&ssig=vTIIDz3Qhz"
5262576439004617,1770208260,2026-02-04 12:31:00+08:00,5262536440022531,难怪那么难吃,0,7,1770365402962,广西,5262576439004617,,3697587502,梦语镧,f,https://m.weibo.cn/u/3697587502?launchid=10000360-page_H5,"https://tvax3.sinaimg.cn/crop.0.0.996.996.180/dc64b52ely8fr0xv6z6flj20ro0rojss.jpg?KID=imgbed,tva&Expires=1770376202&ssig=xR4hVvyVag"
5262539527294573,1770199459,2026-02-04 10:04:19+08:00,5262536440022531,啊这竟然是烂的吗？我还以为是熟透了呢，吃的可带劲了,1,100,1770365402963,北京,5262539527294573,,1668769021,韩耳根,m,https://m.weibo.cn/u/1668769021?launchid=10000360-page_H5,"https://tvax3.sinaimg.cn/crop.0.0.1080.1080.180/637764fdly8hvgz4utnzdj20u00u00vu.jpg?KID=imgbed,tva&Expires=1770376202&ssig=wKw9HuJmby"
5262541740835623,1770199986,2026-02-04 10:13:06+08:00,5262536440022531,不要吃不要吃，昨天吃了10来颗从昨天晚上吐今天上午，胆汁都吐出来,26,166,1770365402965,北京,5262541740835623,,7321903935,是笑疯了,m,https://m.weibo.cn/u/7321903935?launchid=10000360-page_H5,"https://tvax2.sinaimg.cn/crop.0.0.1080.1080.180/007ZvXGLly8i5r00bc5d6j30u00u042p.jpg?KID=imgbed,tva&Expires=1770376202&ssig=ThU2aEsHCo"
5262576709272220,1770208324,2026-02-04 12:32:04+08:00,5262536440022531,看不出来是烂的。而且我看她咬的声音也脆脆的，看那个横截面 真看不出来烂的。好怪,10,177,1770365402967,浙江,5262576709272220,,5361290856,亲爱的小透明o,f,https://m.weibo.cn/u/5361290856?launchid=10000360-page_H5,"https://tva2.sinaimg.cn/crop.0.0.640.640.180/005QPqFajw8eoznjkbvx7j30hs0hsglu.jpg?KID=imgbed,tva&Expires=1770376202&ssig=S2a61ll4bw"
5262542340886200,1770200130,2026-02-04 10:15:30+08:00,5262536440022531,烂的我也吃了，毕竟不便宜,5,66,1770365402967,北京,5262542340886200,,6608334772,允南先生,m,https://m.weibo.cn/u/6608334772?launchid=10000360-page_H5,"https://tvax3.sinaimg.cn/crop.0.0.1080.1080.180/007ddTKIly8htaa43x89vj30u00u041r.jpg?KID=imgbed,tva&Expires=1770376202&ssig=UjlkJeL06x"
5262580960725287,1770209338,2026-02-04 12:48:58+08:00,5262536440022531,买了一盒 杆是绿的，捏着也不软，但是里面坏了，全扔了。。,10,68,1770365402970,四川,5262580960725287,,1875491793,木林晓晓晓,f,https://m.weibo.cn/u/1875491793?launchid=10000360-page_H5,"https://tvax1.sinaimg.cn/crop.0.0.512.512.180/6fc9bbd1ly8gpkqivsmgzj20e80e8mxi.jpg?KID=imgbed,tva&Expires=1770376202&ssig=dq6eiPfjqK"
5262542500269557,1770200168,2026-02-04 10:16:08+08:00,5262536440022531,爱吃车厘子的人天塌了,0,22,1770365402971,北京,5262542500269557,,5800736955,阿伟笑长,m,https://m.weibo.cn/u/5800736955?launchid=10000360-page_H5,"https://tvax4.sinaimg.cn/crop.0.0.1080.1080.180/006kziFtly8i1vknj3vzjj30u00u078d.jpg?KID=imgbed,tva&Expires=1770376202&ssig=AgU4h19Ore"
5262543200195573,1770200335,2026-02-04 10:18:55+08:00,5262536440022531,我都没吃出来，嘎嘎炫,6,25,1770365402973,北京,5262543200195573,,6230632381,宓哇,f,https://m.weibo.cn/u/6230632381?launchid=10000360-page_H5,"https://tvax2.sinaimg.cn/crop.0.0.1002.1002.180/006NF66Fly8gt1mb1uppnj30ru0rumyt.jpg?KID=imgbed,tva&Expires=1770376202&ssig=f0IYLD1kNg"
5262543452635825,1770200395,2026-02-04 10:19:55+08:00,5262536440022531,很久没买过车厘子了,0,7,1770365402974,北京,5262543452635825,,6432377662,萌妹课代表,f,https://m.weibo.cn/u/6432377662?launchid=10000360-page_H5,"https://tvax1.sinaimg.cn/crop.0.0.690.690.180/0071jBgOly8fmnfvy792uj30j60j6td2.jpg?KID=imgbed,tva&Expires=1770376202&ssig=rl%2F%2BfClINV"
5262576197568661,1770208202,2026-02-04 12:30:02+08:00,5262536440022531,车厘子之前有专门卖水果的专家说最少都是一个月以上的。一个月都算新鲜的，今年就这钱他妈买了一点点里面也都是烂的，从此我再也不会买了，除非初夏买中国的樱桃。,8,19,1770365402975,广东,5262576197568661,,1611575040,Forwardgogogo,f,https://m.weibo.cn/u/1611575040?launchid=10000360-page_H5,"https://tva3.sinaimg.cn/crop.0.0.640.640.180/600eaf00jw8ef73jvlyq2j20hs0hs3zt.jpg?KID=imgbed,tva&Expires=1770376202&ssig=ltELzCUwRM"
5262616362751358,1770217778,2026-02-04 15:09:38+08:00,5262536440022531,昨天买的就是坏的 拿给老板还不承认 最后还好退了,12,3,1770365402977,福建,5262616362751358,"https://wx4.sinaimg.cn/large/c4d4c9cfgy1i9yk8rxrzrj20zk1bfgse.jpg,https://ss1.sinaimg.cn/large/&690",3302279631,阿敏nsm,m,https://m.weibo.cn/u/3302279631?launchid=10000360-page_H5,"https://tvax1.sinaimg.cn/crop.5.0.1232.1232.180/c4d4c9cfly8fm54pwmxsdj20yi0y8q5c.jpg?KID=imgbed,tva&Expires=1770376202&ssig=7u7saHSnxP"
5262578343215674,1770208713,2026-02-04 12:38:33+08:00,5262536440022531,那不是你自己买便宜货吗,7,13,1770365402979,四川,5262578343215674,,6018288788,刘小霜ls,f,https://m.weibo.cn/u/6018288788?launchid=10000360-page_H5,"https://tvax4.sinaimg.cn/crop.0.0.512.512.180/006zi7Q0ly8haegbn8cwbj30e80e8t8w.jpg?KID=imgbed,tva&Expires=1770376202&ssig=OBakfZr0f3"
5262581703116824,1770209515,2026-02-04 12:51:55+08:00,5262536440022531,我在盒马买的还可以,4,5,1770365402980,四川,5262581703116824,,3089771083,带尔康一起吃土的萌萌哒小紫薇,m,https://m.weibo.cn/u/3089771083?launchid=10000360-page_H5,"https://tva3.sinaimg.cn/crop.0.0.180.180.180/b82a2a4bjw1e8qgp5bmzyj2050050aa8.jpg?KID=imgbed,tva&Expires=1770376202&ssig=8ePQS0tl%2Bi"
5262576388670359,1770208248,2026-02-04 12:30:48+08:00,5262536440022531,一模一样的箱子，买了两次了，第一次的那箱非常好，这次的这箱几乎每一颗都翻车,7,7,1770365402981,北京,5262576388670359,,5591242975,猫猫听了都睡了,f,https://m.weibo.cn/u/5591242975?launchid=10000360-page_H5,"https://tvax4.sinaimg.cn/crop.0.0.1080.1080.180/0066ohIjly8gwyiex5czdj30u00u0q5s.jpg?KID=imgbed,tva&Expires=1770376202&ssig=OzOhdTuy3S"
5262595676441522,1770212846,2026-02-04 13:47:26+08:00,5262536440022531,现在应该吃草莓了,2,0,1770365402983,上海,5262595676441522,,1478352273,欢乐海豚骑士,f,https://m.weibo.cn/u/1478352273?launchid=10000360-page_H5,"https://tva1.sinaimg.cn/crop.0.0.180.180.180/581ddd91jw1e8qgp5bmzyj2050050aa8.jpg?KID=imgbed,tva&Expires=1770376202&ssig=x%2FaW5d1XLy"
5262543310030310,1770200361,2026-02-04 10:19:21+08:00,5262536440022531,原来这种是坏了啊,0,6,1770365402985,北京,5262543310030310,,6070714968,夜深好,m,https://m.weibo.cn/u/6070714968?launchid=10000360-page_H5,"https://tvax2.sinaimg.cn/crop.0.0.1002.1002.180/006CQ6hyly8gsu1wjmmlvj30ru0rudi5.jpg?KID=imgbed,tva&Expires=1770376202&ssig=Ttg7OG5bwE"
5262582765585873,1770209768,2026-02-04 12:56:08+08:00,5262536440022531,没关系，我都吃树上刚摘下来的,2,0,1770365402986,澳大利亚,5262582765585873,,5649186439,荒原狼囚徒,m,https://m.weibo.cn/u/5649186439?launchid=10000360-page_H5,"https://tvax1.sinaimg.cn/crop.0.0.512.512.180/006ajpsjly8h3h920yu68j30e80e8gmn.jpg?KID=imgbed,tva&Expires=1770376202&ssig=BinMUHirzw"
5262580979336077,1770209341,2026-02-04 12:49:01+08:00,5262536440022531,我也分不出，这博主发的烂的我根本看不出哪烂了,0,0,1770365411598,江西,5262541467950406,,5331918662,澜屿梦鹿,f,https://m.weibo.cn/u/5331918662?launchid=10000360-page_H5,"https://tvax2.sinaimg.cn/crop.0.0.1080.1080.180/005OQbC6ly8i7evq8dog5j30u00u0go8.jpg?KID=imgbed,tva&Expires=1770376202&ssig=DmQmmbK6t%2B"
5262582224783505,1770209639,2026-02-04 12:53:59+08:00,5262536440022531,中心褐变了，化水,0,0,1770365411600,广西,5262541467950406,,3865783748,无视任何人的wo,f,https://m.weibo.cn/u/3865783748?launchid=10000360-page_H5,"https://tvax1.sinaimg.cn/crop.0.0.996.996.180/e66b2dc4ly8gdyaz2wyjyj20ro0rogm8.jpg?KID=imgbed,tva&Expires=1770376202&ssig=kAXTinpyu2"
5262612113655336,1770216765,2026-02-04 14:52:45+08:00,5262536440022531,这条说的挺有道理的👉🏼网页链接,0,0,1770365411601,广东,5262540436412886,,6773910521,句子备忘录,f,https://m.weibo.cn/u/6773910521?launchid=10000360-page_H5,"https://tvax3.sinaimg.cn/crop.0.0.1080.1080.180/007oqDzjly8i3ygh4o6fzj30u00u0abe.jpg?KID=imgbed,tva&Expires=1770376202&ssig=4GkUdVQH2i"
5262649745211510,1770225736,2026-02-04 17:22:16+08:00,5262536440022531,这条看得我好气啊👉🏼网页链接,0,0,1770365411603,广东,5262540436412886,,5774236113,吴妡,f,https://m.weibo.cn/u/5774236113?launchid=10000360-page_H5,"https://tvax2.sinaimg.cn/crop.0.0.512.512.180/006iM6Axly8hu1gyiw5flj30e80e83z6.jpg?KID=imgbed,tva&Expires=1770376202&ssig=DbZJyFZjvW"
5262575537226979,1770208045,2026-02-04 12:27:25+08:00,5262536440022531,对的 虽然表面看起来还行其实很多里面已经坏了尤其是街边水果店，储存条件有限 ，批发来都是常温保存的坏的很快的,0,0,1770365411603,安徽,5262539795206775,,7854250330,扎赉特旗聪聪ni,m,https://m.weibo.cn/u/7854250330?launchid=10000360-page_H5,"https://tvax3.sinaimg.cn/crop.0.0.1080.1080.180/008zxDiWly8i0pstl8wumj30u00u0n08.jpg?KID=imgbed,tva&Expires=1770376202&ssig=mkJRJ5%2FtAW"
5262580314801768,1770209184,2026-02-04 12:46:24+08:00,5262536440022531,对的，我就是最开始买的，不但新鲜好吃，而且放的住，一个礼拜放冰箱没问题,0,0,1770365411606,天津,5262539795206775,,3966908742,purple247,m,https://m.weibo.cn/u/3966908742?launchid=10000360-page_H5,"https://tva4.sinaimg.cn/crop.0.0.180.180.180/ec723946jw8ec916kv3clj20500500so.jpg?KID=imgbed,tva&Expires=1770376202&ssig=6btObdDtrT"
5262574168048645,1770207718,2026-02-04 12:21:58+08:00,5262536440022531,坏了的就是苦的,0,0,1770365411607,湖南,5262541116146214,,3191088700,顺其自然的肥胖吧,f,https://m.weibo.cn/u/3191088700?launchid=10000360-page_H5,"https://tvax4.sinaimg.cn/crop.0.0.1080.1080.180/be34263cly8i9qx0cfbfzj20u00u00w3.jpg?KID=imgbed,tva&Expires=1770376202&ssig=ZBlVVIQd5U"
5262576652911854,1770208310,2026-02-04 12:31:50+08:00,5262536440022531,放太久不新鲜了,0,0,1770365411609,广东,5262541116146214,,2663200321,悠然于乐,f,https://m.weibo.cn/u/2663200321?launchid=10000360-page_H5,"https://tvax1.sinaimg.cn/crop.0.0.1080.1080.180/9ebd3641ly8gx3h7jyw24j20u00u0dhw.jpg?KID=imgbed,tva&Expires=1770376202&ssig=019eSOat8G"
5262586367184307,1770210627,2026-02-04 13:10:27+08:00,5262536440022531,我也是。。。哭死,0,0,1770365411610,湖北,5262539527294573,,7704150990,哆啦A梦的小伙伴吖,f,https://m.weibo.cn/u/7704150990?launchid=10000360-page_H5,"https://tvax4.sinaimg.cn/crop.0.0.1063.1063.180/008pnPBQly8h0r6ueheolj30tj0tj0z6.jpg?KID=imgbed,tva&Expires=1770376202&ssig=tCoEKile7X"
5262590382965200,1770211583,2026-02-04 13:26:23+08:00,5262536440022531,便宜的，变质的不能吃啊，新鲜的根本没问题,0,0,1770365411612,河南,5262541740835623,,1704483124,浅初颜WWQ_628,f,https://m.weibo.cn/u/1704483124?launchid=10000360-page_H5,"https://tvax4.sinaimg.cn/crop.0.0.1080.1080.180/65985934ly8hjdieir4nxj20u00u0tc3.jpg?KID=imgbed,tva&Expires=1770376202&ssig=xu0IYUaxkJ"
5262576453157344,1770208262,2026-02-04 12:31:02+08:00,5262536440022531,我上次一口气吃二三十个也没事,0,0,1770365411614,山东,5262541740835623,,5991039728,龟爬的兔子,f,https://m.weibo.cn/u/5991039728?launchid=10000360-page_H5,"https://tva4.sinaimg.cn/crop.0.0.996.996.180/006xrN72jw8f6dfit8ntfj30ro0rpjv8.jpg?KID=imgbed,tva&Expires=1770376202&ssig=8RB5SpVgpl"
5262580991132414,1770209344,2026-02-04 12:49:04+08:00,5262536440022531,横截面有些地方颜色明显不一样，棕色的,0,0,1770365411615,广东,5262576709272220,,6507117964,玉珏缘,f,https://m.weibo.cn/u/6507117964?launchid=10000360-page_H5,"https://tvax1.sinaimg.cn/crop.0.0.996.996.180/0076ncDyly8gs1gxgt6h6j30ro0ron2d.jpg?KID=imgbed,tva&Expires=1770376202&ssig=vS%2F%2FWovb9D"
5262586414893051,1770210638,2026-02-04 13:10:38+08:00,5262536440022531,横截面都变暗，灰白色了,0,0,1770365411617,广东,5262576709272220,,2397753164,落樱之北,m,https://m.weibo.cn/u/2397753164?launchid=10000360-page_H5,"https://tvax1.sinaimg.cn/crop.0.0.512.512.180/8eeacf4cly8g7x16ibrydj20e80e8aas.jpg?KID=imgbed,tva&Expires=1770376202&ssig=hnRUwVLC80"
5262651766080121,1770226219,2026-02-04 17:30:19+08:00,5262536440022531,治病的钱会比吃的贵，所以扔不扔钱都花了，你想再浪费一份更贵的治病钱？,0,0,1770365411618,河北,5262542340886200,,1629692661,木子日月燕,f,https://m.weibo.cn/u/1629692661?launchid=10000360-page_H5,"https://tvax1.sinaimg.cn/default/images/default_avatar_female_180.gif?KID=imgbed,tva&Expires=1770376202&ssig=ongaSm6oVE"
5262747967423799,1770249155,2026-02-04 23:52:35+08:00,5262536440022531,挺便宜啊 这两年跳水价了都,0,0,1770365411620,辽宁,5262542340886200,,2657696503,_妖精小九,f,https://m.weibo.cn/u/2657696503?launchid=10000360-page_H5,"https://tvax2.sinaimg.cn/crop.0.0.352.352.180/9e693af7ly8hxdhgsu9rxj209s09st8y.jpg?KID=imgbed,tva&Expires=1770376202&ssig=6U97tvJX%2FR"
5262582724166033,1770209757,2026-02-04 12:55:57+08:00,5262536440022531,对的我的杆都是绿的，但吃的发苦,0,0,1770365411622,浙江,5262580960725287,,2680951017,Fade00,f,https://m.weibo.cn/u/2680951017?launchid=10000360-page_H5,"https://tvax4.sinaimg.cn/crop.0.0.512.512.180/9fcc10e9ly8gwfi7k87v3j20e80e8aa9.jpg?KID=imgbed,tva&Expires=1770376202&ssig=eIrwuGha%2Ba"
5262619629846873,1770218556,2026-02-04 15:22:36+08:00,5262536440022531,我买了一箱，杆全是黄的，我心里想踩雷了，没想到多半还是脆的，一个坏的也没有,0,0,1770365411623,浙江,5262580960725287,,3204535304,羽飞s,m,https://m.weibo.cn/u/3204535304?launchid=10000360-page_H5,"https://tvax2.sinaimg.cn/crop.0.0.996.996.180/bf015408ly8fpnorm7c84j20ro0roacx.jpg?KID=imgbed,tva&Expires=1770376202&ssig=%2BdO6vjQDDC"
5262596603380307,1770213067,2026-02-04 13:51:07+08:00,5262536440022531,没吃过好的所以吃差的也不觉得,0,0,1770365411625,广东,5262543200195573,,1678542187,只爱美食呀,f,https://m.weibo.cn/u/1678542187?launchid=10000360-page_H5,"https://tva1.sinaimg.cn/crop.82.15.262.262.180/640c856bgw1ejwk0wed9vj20bi07sgma.jpg?KID=imgbed,tva&Expires=1770376202&ssig=JariPlHA%2F8"
5262579371085939,1770208959,2026-02-04 12:42:39+08:00,5262536440022531,三天前打开一盒也是，看着新鲜，里面全烂了,0,0,1770365411627,湖北,5262543200195573,,6330854560,桃心的毒,f,https://m.weibo.cn/u/6330854560?launchid=10000360-page_H5,"https://tvax1.sinaimg.cn/crop.0.0.970.970.180/006UrCtqly8hkhxdzunbyj30qy0qydhi.jpg?KID=imgbed,tva&Expires=1770376202&ssig=OCTXrPn2cu"
5262605834782927,1770215268,2026-02-04 14:27:48+08:00,5262536440022531,初夏的樱桃，我打开里面都是扭啊扭的白虫子。,0,0,1770365411629,甘肃,5262576197568661,,6298739282,偷来的小号子,f,https://m.weibo.cn/u/6298739282?launchid=10000360-page_H5,"https://tvax3.sinaimg.cn/crop.0.0.1000.1000.180/006SgRP4ly8h6yx8pr5bhj30rs0rswfs.jpg?KID=imgbed,tva&Expires=1770376202&ssig=WpX7Jejmuc"
5262588595932744,1770211158,2026-02-04 13:19:18+08:00,5262536440022531,去年夏天买了一箱，又小又黄又酸，白送我都不吃，退了，我也想买国内樱桃，但市场和水果店都没有,0,0,1770365411630,广东,5262576197568661,,7447513707,小云吞11111,f,https://m.weibo.cn/u/7447513707?launchid=10000360-page_H5,"https://tvax4.sinaimg.cn/crop.0.0.1008.1008.180/008810wPly8geb2fnpt1tj30s00s0jv4.jpg?KID=imgbed,tva&Expires=1770376202&ssig=loVXwxLGPS"
5262619883867423,1770218618,2026-02-04 15:23:38+08:00,5262536440022531,完了 这样我根本看不出来,0,0,1770365411632,河北,5262616362751358,,3514234442,Crystaliiiu_,m,https://m.weibo.cn/u/3514234442?launchid=10000360-page_H5,"https://tvax3.sinaimg.cn/crop.0.0.512.512.180/d176f64aly8hqtupnhvp8j20e80e8dgd.jpg?KID=imgbed,tva&Expires=1770376202&ssig=nY2kUeU9jk"
5262664767112533,1770229319,2026-02-04 18:21:59+08:00,5262536440022531,一毛一样 老板就是不承认 她说就是这样的 评论配图,0,0,1770365411632,新疆,5262616362751358,https://ss1.sinaimg.cn/large/&690,3176290740,小滑的好彩头,f,https://m.weibo.cn/u/3176290740?launchid=10000360-page_H5,"https://tvax1.sinaimg.cn/crop.0.0.1080.1080.180/bd5259b4ly8i6z7j50883j20u00u041f.jpg?KID=imgbed,tva&Expires=1770376202&ssig=%2ByCP1JDD6A"
5262626944451517,1770220301,2026-02-04 15:51:41+08:00,5262536440022531,价格便宜果子小点儿还能接受，便宜也不该买坏的呀,0,0,1770365413861,陕西,5262578343215674,,1760674910,黑眼圈小卢,f,https://m.weibo.cn/u/1760674910?launchid=10000360-page_H5,"https://tvax3.sinaimg.cn/crop.0.0.512.512.180/68f1c45ely8i3yoh70xutj20e80e8aas.jpg?KID=imgbed,tva&Expires=1770376202&ssig=5Sd34ZCh36"
5262646296707188,1770224914,2026-02-04 17:08:34+08:00,5262536440022531,贵主要因为个头，也不见得比便宜的新鲜。,0,0,1770365413863,黑龙江,5262578343215674,,1961397925,我是老豆果,f,https://m.weibo.cn/u/1961397925?launchid=10000360-page_H5,"https://tvax4.sinaimg.cn/crop.0.0.1002.1002.180/0028JPcply8gukrrelkhrj60ru0ru40002.jpg?KID=imgbed,tva&Expires=1770376202&ssig=g%2BxH74Yx%2FA"
5262687295770304,1770234690,2026-02-04 19:51:30+08:00,5262536440022531,我在盒马买的也是坏的，但是外表还是很好,0,0,1770365413865,浙江,5262581703116824,,1881603907,小公爷的小Pian子,f,https://m.weibo.cn/u/1881603907?launchid=10000360-page_H5,"https://tva2.sinaimg.cn/crop.0.14.751.751.180/7026ff43jw8f9zodp593dj20kv0lojum.jpg?KID=imgbed,tva&Expires=1770376202&ssig=ALEBapIl34"
5262621659627757,1770219040,2026-02-04 15:30:40+08:00,5262536440022531,我上周买的是烂的,0,0,1770365413867,山东,5262581703116824,,1644543664,沐Lis,f,https://m.weibo.cn/u/1644543664?launchid=10000360-page_H5,"https://tvax4.sinaimg.cn/crop.0.0.1080.1080.180/6205beb0ly8i65kl8p2tmj20u00u00ul.jpg?KID=imgbed,tva&Expires=1770376202&ssig=WIgTBQPoIZ"
5262577199483160,1770208440,2026-02-04 12:34:00+08:00,5262536440022531,那个箱子全国统一,0,0,1770365413868,陕西,5262576388670359,,1899241692,Xichen_Zh,m,https://m.weibo.cn/u/1899241692?launchid=10000360-page_H5,"https://tvax4.sinaimg.cn/crop.0.0.1125.1125.180/713420dcly8fthrzd6mcaj20v90v9762.jpg?KID=imgbed,tva&Expires=1770376202&ssig=6XNQLnmpH3"
5262584534274629,1770210190,2026-02-04 13:03:10+08:00,5262536440022531,你吃过新鲜的车厘子不，就树上刚摘下来的，那个好吃，每年五月专门回老家吃,0,0,1770365413870,重庆,5262576388670359,,7450170043,想上天的小鱼儿呀,f,https://m.weibo.cn/u/7450170043?launchid=10000360-page_H5,"https://tvax4.sinaimg.cn/crop.0.0.996.996.180/0088c9yXly8gm2nl3l0w1j30ro0rowij.jpg?KID=imgbed,tva&Expires=1770376202&ssig=pKLGQyaS1i"
5262609718706998,1770216194,2026-02-04 14:43:14+08:00,5262536440022531,草莓也是中后期了。基本四月底结束,0,0,1770365413872,山东,5262595676441522,,1218716792,小飞柴Leica,f,https://m.weibo.cn/u/1218716792?launchid=10000360-page_H5,"https://tvax4.sinaimg.cn/crop.0.0.690.690.180/48a42478ly8i10z3yovxkj20j60j6gmv.jpg?KID=imgbed,tva&Expires=1770376202&ssig=SvXrLoebwG"
5262679142307349,1770232746,2026-02-04 19:19:06+08:00,5262536440022531,友情提醒，现在的草莓那个药啊，喷的不是一般的多，一天一遍，每天半夜喷，多到大棚里工作的人对那些药都过敏肿脸烂脸，能不吃别吃吧，别问我怎么知道,0,0,1770365413873,山东,5262595676441522,,7310135171,秋霁的兔子,f,https://m.weibo.cn/u/7310135171?launchid=10000360-page_H5,"https://tvax2.sinaimg.cn/crop.0.0.1002.1002.180/007YIA5Zly8g79gdoh4f7j30ru0ru3ze.jpg?KID=imgbed,tva&Expires=1770376202&ssig=LMDNbfSpIR"
5262625369753311,1770219926,2026-02-04 15:45:26+08:00,5262536440022531,呜呜呜,0,0,1770365413874,湖北,5262582765585873,,7435777148,摸鱼号999,f,https://m.weibo.cn/u/7435777148?launchid=10000360-page_H5,"https://tvax2.sinaimg.cn/crop.0.0.1080.1080.180/0087dLjuly8i8vu90izt5j30u00u0aax.jpg?KID=imgbed,tva&Expires=1770376202&ssig=XNW7U0LQsb"
5262584802443882,1770210253,2026-02-04 13:04:13+08:00,5262536440022531,哈哈哈，我也是，智利车厘子压根不得买，都是等老家树上的新鲜车厘子，很有水果味,0,0,1770365413876,重庆,5262582765585873,,7450170043,想上天的小鱼儿呀,f,https://m.weibo.cn/u/7450170043?launchid=10000360-page_H5,"https://tvax4.sinaimg.cn/crop.0.0.996.996.180/0088c9yXly8gm2nl3l0w1j30ro0rowij.jpg?KID=imgbed,tva&Expires=1770376202&ssig=pKLGQyaS1i"
5262782712513485,1770257439,2026-02-05 02:10:39+08:00,5262536440022531,我去年买的品质真的是不行，今年倒是还行。,0,0,1770365414364,河北,5262782712513485,,6202685916,喵吃鱼的童话OMG,f,https://m.weibo.cn/u/6202685916?launchid=10000360-page_H5,"https://tvax4.sinaimg.cn/crop.0.0.1080.1080.180/006LLPXely8h65bpw3pt4j30u00u00v5.jpg?KID=imgbed,tva&Expires=1770376214&ssig=KCf7l%2FBrGM"
5262710042530820,1770240113,2026-02-04 21:21:53+08:00,5262536440022531,只剩蓝莓价格还没有崩塌,0,4,1770365414366,云南,5262710042530820,,1783748510,世界好大Da大得好可怕,m,https://m.weibo.cn/u/1783748510?launchid=10000360-page_H5,"https://tvax1.sinaimg.cn/crop.0.0.1080.1080.180/6a51d79ely8hrfdsz50yej20u00u0789.jpg?KID=imgbed,tva&Expires=1770376214&ssig=Nd3FoVJetv"
5262697059064117,1770237018,2026-02-04 20:30:18+08:00,5262536440022531,天真的塌了，为什么呢？首先，我手头真有一张箱车厘子，其次，没看到这条热搜之前，我吃的时候真的没发现是坏的，只是觉着没那么甜。这下好了，扔了可惜，不扔也吃不进去了,1,0,1770365414368,吉林,5262697059064117,,3076134375,薇薇和向日葵,f,https://m.weibo.cn/u/3076134375?launchid=10000360-page_H5,"https://tvax1.sinaimg.cn/crop.0.0.664.664.180/b75a15e7ly8gn2eoondaej20ig0igabb.jpg?KID=imgbed,tva&Expires=1770376214&ssig=6qbvKbcB4m"
5262686287828218,1770234450,2026-02-04 19:47:30+08:00,5262536440022531,#爱吃车厘子的人天塌了# .啊？？都是火兰的？？这个我还真没注意过～下次吃之前也这样咬开看看～,0,0,1770365414369,江苏,5262686287828218,,5100039717,王傢的金燭蓮,f,https://m.weibo.cn/u/5100039717?launchid=10000360-page_H5,"https://tvax2.sinaimg.cn/crop.0.0.1080.1080.180/005z9fj7gy1i89qxex1cmj30u00u0wg9.jpg?KID=imgbed,tva&Expires=1770376214&ssig=lJcweh%2F%2B%2F2"
5262582216395836,1770209637,2026-02-04 12:53:57+08:00,5262536440022531,你这个冻了，冻坏的,0,4,1770365414370,江苏,5262582216395836,,6314673773,rainy969,f,https://m.weibo.cn/u/6314673773?launchid=10000360-page_H5,"https://tvax4.sinaimg.cn/crop.0.0.1080.1080.180/006TlJ6Zly8i3ddkmny8hj30u00u0ae3.jpg?KID=imgbed,tva&Expires=1770376214&ssig=I0nm4t9ETl"
5262628218737046,1770220605,2026-02-04 15:56:45+08:00,5262536440022531,我在京东买了一箱之前买是好的，这次买也是一箱全坏了，京东把钱都退给我了￼,1,3,1770365414371,江苏,5262628218737046,"https://wx4.sinaimg.cn/large/5ceeb979gy1i9ylln93caj22c03401ky.jpg,https://ss1.sinaimg.cn/large/&690",1559148921,艾卡艾迪,m,https://m.weibo.cn/u/1559148921?launchid=10000360-page_H5,"https://tvax4.sinaimg.cn/crop.0.0.944.944.180/5ceeb979ly8h21dft6we2j20q80q875n.jpg?KID=imgbed,tva&Expires=1770376214&ssig=Mr8n1FWPtX"
5262608896889146,1770215998,2026-02-04 14:39:58+08:00,5262536440022531,现在都是车厘子末期了，基本都是库存货12月份或者一月初的货。每天都是在冷库里放着，卖时拿出来，卖不完在存到冷库。。。。基本都是从里到外开始腐烂。,0,2,1770365414374,山东,5262608896889146,,1218716792,小飞柴Leica,f,https://m.weibo.cn/u/1218716792?launchid=10000360-page_H5,"https://tvax4.sinaimg.cn/crop.0.0.690.690.180/48a42478ly8i10z3yovxkj20j60j6gmv.jpg?KID=imgbed,tva&Expires=1770376214&ssig=i4dd1q1vEy"
5262600051097680,1770213888,2026-02-04 14:04:48+08:00,5262536440022531,正在吃，很饱满，很鲜甜。所以我买零的，销售极力推销说整箱买价格很合适可以几个人分摊，我：呵呵～,0,2,1770365414375,天津,5262600051097680,"https://wx3.sinaimg.cn/large/51d5dbe2ly1i9yid7kc3uj21o02dgx6p.jpg,https://ss1.sinaimg.cn/large/&690",1372969954,有靶的射手,f,https://m.weibo.cn/u/1372969954?launchid=10000360-page_H5,"https://tvax2.sinaimg.cn/crop.0.0.1080.1080.180/51d5dbe2ly8hz0v7zww2qj20u00u00tf.jpg?KID=imgbed,tva&Expires=1770376214&ssig=y1qfYVQ4jQ"
5262593065485495,1770212224,2026-02-04 13:37:04+08:00,5262536440022531,回复@只是笑疯:我也是哎，有一箱买的还挺贵的，个个发苦,1,1,1770365414376,江苏,5262593065485495,,2787301500,dreamlmd,f,https://m.weibo.cn/u/2787301500?launchid=10000360-page_H5,"https://tvax4.sinaimg.cn/crop.0.0.996.996.180/a622d87cly8funzfb6kuzj20ro0rowhj.jpg?KID=imgbed,tva&Expires=1770376214&ssig=kE1be6Ejlp"
5262830980563830,1770268947,2026-02-05 05:22:27+08:00,5262536440022531,同款盘子,0,0,1770365414378,河南,5262830980563830,,6462229999,叶叶叶耶耶123,m,https://m.weibo.cn/u/6462229999?launchid=10000360-page_H5,"https://tvax4.sinaimg.cn/crop.0.0.1080.1080.180/0073kRe7ly8hjeju5lcmbj30u00u0tb8.jpg?KID=imgbed,tva&Expires=1770376214&ssig=H7xvPfrYWC"
5262717287925539,1770241841,2026-02-04 21:50:41+08:00,5262536440022531,这是冷藏的车厘子，进入超市常温环境变紫红色，果肉褐色，没有甜和酸没萝卜好吃，贼难吃,0,0,1770365414380,辽宁,5262717287925539,,5777237253,婀芷兰汀,f,https://m.weibo.cn/u/5777237253?launchid=10000360-page_H5,"https://tva1.sinaimg.cn/crop.0.22.1125.1125.180/006iYHk1jw8f6kduwxphfj30v90wimzz.jpg?KID=imgbed,tva&Expires=1770376214&ssig=%2BZBuKyWU6n"
5262702710886951,1770238365,2026-02-04 20:52:45+08:00,5262536440022531,所以为什么越到过年越便宜就是这个理啊 车厘子就得运过来第一批就得买 才能吃到新鲜的 贵就贵了点  因为放到最后再不卖就卖不出去了所以后面越便宜  而且越来越难吃 所以我越不会再买了,0,3,1770365414381,江苏,5262702710886951,,3302699195,Zanilia_国民甜心,f,https://m.weibo.cn/u/3302699195?launchid=10000360-page_H5,"https://tvax4.sinaimg.cn/crop.0.0.496.496.180/c4db30bbly8hxz98cj7x0j20ds0dsmwx.jpg?KID=imgbed,tva&Expires=1770376214&ssig=oN6QrhjMaY"
5262671412727285,1770230903,2026-02-04 18:48:23+08:00,5262536440022531,前几天超市打折买了一斤，吃着没有啥味道，不好吃，还不如苹果,0,0,1770365414382,河南,5262671412727285,,5611591851,乔乔乔Lj,m,https://m.weibo.cn/u/5611591851?launchid=10000360-page_H5,"https://tvax4.sinaimg.cn/crop.0.0.996.996.180/0067LFnZly8gji4gqwoucj30ro0roq5g.jpg?KID=imgbed,tva&Expires=1770376214&ssig=USw9fCLZ%2FM"
5262641800940713,1770223843,2026-02-04 16:50:43+08:00,5262536440022531,是的，我最后一次买也这样,0,0,1770365414384,河北,5262641800940713,,1917380782,你身边的蒲公英,f,https://m.weibo.cn/u/1917380782?launchid=10000360-page_H5,"https://tvax4.sinaimg.cn/crop.0.0.1080.1080.180/7248e8aely8i1u80hw8c1j20u00u0wic.jpg?KID=imgbed,tva&Expires=1770376214&ssig=4TlnAz6MQm"
5262628238661344,1770220610,2026-02-04 15:56:50+08:00,5262536440022531,怪不得，我怀孕的时候去超市买了点车厘子，感觉特别好吃、特别馋，后来就在网上买了5斤，结果吃了十几颗后就吐了，后来看见车厘子就不舒服，就再也没吃过，我还以为是我孕反加重的原因。,3,1,1770365414385,四川,5262628238661344,,5600003432,齐齐天使宝贝,f,https://m.weibo.cn/u/5600003432?launchid=10000360-page_H5,"https://tvax4.sinaimg.cn/crop.0.0.960.960.180/0066Z2I0ly8fpd9fncderj30qo0qo40f.jpg?KID=imgbed,tva&Expires=1770376214&ssig=lrykkdhwMl"
5262627622355801,1770220462,2026-02-04 15:54:22+08:00,5262536440022531,没吃过，✔️这个无感,0,1,1770365414387,陕西,5262627622355801,,2119258840,忧郁的琪寶寶,m,https://m.weibo.cn/u/2119258840?launchid=10000360-page_H5,"https://tvax4.sinaimg.cn/crop.0.0.928.928.180/7e5152d8ly8hfa8lsat79j20ps0ps75n.jpg?KID=imgbed,tva&Expires=1770376214&ssig=zStULXv2MB"
5262605663076989,1770215227,2026-02-04 14:27:07+08:00,5262536440022531,@SinoPeace 不能吃了,1,0,1770365414388,福建,5262605663076989,,5184418563,奇妙美少女_,f,https://m.weibo.cn/u/5184418563?launchid=10000360-page_H5,"https://tvax3.sinaimg.cn/crop.0.0.1080.1080.180/005ERi6fly8g6cx7npgnhj30u00u0abx.jpg?KID=imgbed,tva&Expires=1770376214&ssig=hbhEoGwnfx"
5262603669997578,1770214752,2026-02-04 14:19:12+08:00,5262536440022531,现在已经过了吃车厘子的时间了，智利的好多已经变质了，今年的车厘子产量很大加上货商压货很多放出来的已经变质了，现在可以考虑澳洲的车厘子的，不过估计也快了，而且船运到中国再到内陆一般也就在25天左右，你往前推25天看就能知道是不是新鲜的了，实在不行吃海运的,1,1,1770365414389,四川,5262603669997578,,5608678667,西风昏罗账,f,https://m.weibo.cn/u/5608678667?launchid=10000360-page_H5,"https://tvax4.sinaimg.cn/crop.0.0.512.512.180/0067zrx9ly8gyi3hm6j8kj30e80e8aad.jpg?KID=imgbed,tva&Expires=1770376214&ssig=X3nfIo%2FtQr"
5262593067582357,1770212223,2026-02-04 13:37:03+08:00,5262536440022531,所以我只买山姆,0,1,1770365414390,上海,5262593067582357,,1478352273,欢乐海豚骑士,f,https://m.weibo.cn/u/1478352273?launchid=10000360-page_H5,"https://tva1.sinaimg.cn/crop.0.0.180.180.180/581ddd91jw1e8qgp5bmzyj2050050aa8.jpg?KID=imgbed,tva&Expires=1770376214&ssig=e8nHukRwu2"
5262638838713894,1770223137,2026-02-04 16:38:57+08:00,5262536440022531,我今年京东买了两箱都是不新鲜的，还不给退。说水果不接受退货。只有烂过才赔付。,0,0,1770365437644,上海,5262628218737046,,1989397827,大雄的朋友静香,f,https://m.weibo.cn/u/1989397827?launchid=10000360-page_H5,"https://tvax1.sinaimg.cn/default/images/default_avatar_female_180.gif?KID=imgbed,tva&Expires=1770376214&ssig=5l2vxp4GZz"
5262594408974446,1770212544,2026-02-04 13:42:24+08:00,5262536440022531,我也是，吃完后嘴里很苦,0,0,1770365437646,山西,5262593065485495,,1681118680,An小安呐,f,https://m.weibo.cn/u/1681118680?launchid=10000360-page_H5,"https://tvax1.sinaimg.cn/crop.0.0.996.996.180/6433d5d8ly8gezalfu2ghj20ro0rojuh.jpg?KID=imgbed,tva&Expires=1770376214&ssig=GAVoSbVOjz"
5262637774669199,1770222883,2026-02-04 16:34:43+08:00,5262536440022531,关注我一波，我家自己种大棚樱桃，清明后五一前黄金时期，现摘现发,0,0,1770365437647,山东,5262628238661344,,2418215843,妈妈说多吃西红柿对身体好,m,https://m.weibo.cn/u/2418215843?launchid=10000360-page_H5,"https://tvax4.sinaimg.cn/crop.0.0.1008.1008.180/90230ba3ly8gop9n5ufvcj20s00s10t6.jpg?KID=imgbed,tva&Expires=1770376214&ssig=MV2e9tyMFc"
5262608896627248,1770215998,2026-02-04 14:39:58+08:00,5262536440022531,阔怕,0,0,1770365437648,浙江,5262605663076989,,5789843366,SinoPeace,m,https://m.weibo.cn/u/5789843366?launchid=10000360-page_H5,"https://tvax4.sinaimg.cn/crop.0.0.1080.1080.180/006jPAKqly8i2sx2vb2gzj30u00u0dig.jpg?KID=imgbed,tva&Expires=1770376214&ssig=mNg8krz1dp"
5262603880237126,1770214802,2026-02-04 14:20:02+08:00,5262536440022531,说错了 实在不行吃空运的，除了贵没啥毛病,0,0,1770365437650,四川,5262603669997578,,5608678667,西风昏罗账,f,https://m.weibo.cn/u/5608678667?launchid=10000360-page_H5,"https://tvax4.sinaimg.cn/crop.0.0.512.512.180/0067zrx9ly8gyi3hm6j8kj30e80e8aad.jpg?KID=imgbed,tva&Expires=1770376214&ssig=X3nfIo%2FtQr"
5262584301489594,1770210134,2026-02-04 13:02:14+08:00,5262536440022531,@想要个花园的小张,1,0,1770365438010,广西,5262584301489594,,3110594321,空心scarecrow,m,https://m.weibo.cn/u/3110594321?launchid=10000360-page_H5,"https://tvax1.sinaimg.cn/crop.0.0.1242.1242.180/b967e711ly8fdrdts83yxj20yi0yiacc.jpg?KID=imgbed,tva&Expires=1770376237&ssig=6fo465ZI5l"
5262576693018975,1770208319,2026-02-04 12:31:59+08:00,5262536440022531,@最爱椰蓉吐司,1,0,1770365438013,河南,5262576693018975,,6316880048,最后一公里-lucky,m,https://m.weibo.cn/u/6316880048?launchid=10000360-page_H5,"https://tvax4.sinaimg.cn/crop.0.0.512.512.180/006TuZ44ly8hr3pdj2prdj30e80e8my8.jpg?KID=imgbed,tva&Expires=1770376237&ssig=MzVN1iUasc"
5262956146196599,1770298788,2026-02-05 13:39:48+08:00,5262536440022531,我昨天收到的也是坏的,0,1,1770365438014,重庆,5262956146196599,"https://wx3.sinaimg.cn/large/c75cea72gy1i9zn9plsx9j235s1s0e82.jpg,https://ss1.sinaimg.cn/large/&690",3344755314,Claire_小T兔兔,f,https://m.weibo.cn/u/3344755314?launchid=10000360-page_H5,"https://tva3.sinaimg.cn/crop.0.0.712.712.180/c75cea72jw8f6mbc3k4kdj20js0jsjtv.jpg?KID=imgbed,tva&Expires=1770376237&ssig=KYcCrczpFy"
5262687933564103,1770234841,2026-02-04 19:54:01+08:00,5262536440022531,你这是冻货吧,2,1,1770365438015,湖北,5262687933564103,,1746186151,不不草,f,https://m.weibo.cn/u/1746186151?launchid=10000360-page_H5,"https://tvax4.sinaimg.cn/crop.0.0.960.960.180/6814afa7ly8h6vcfiuhxdj20qo0qowem.jpg?KID=imgbed,tva&Expires=1770376237&ssig=hy7mc0ZPrd"
5262611700777896,1770216667,2026-02-04 14:51:07+08:00,5262536440022531,就她倒了霉买到烂的，就发出来搞流量,0,1,1770365438017,湖北,5262611700777896,,2825104220,爱喝白桃乌龙的懵姐,f,https://m.weibo.cn/u/2825104220?launchid=10000360-page_H5,"https://tvax3.sinaimg.cn/crop.0.0.709.709.180/a863ab5cly8i9imzbxa0aj20jp0jpwfe.jpg?KID=imgbed,tva&Expires=1770376237&ssig=TjFW7kbB%2Fa"
5262591535875131,1770211859,2026-02-04 13:30:59+08:00,5262536440022531,烂了你还用嘴咬,1,2,1770365438019,上海,5262591535875131,,1572716010,上午一杯咖啡,m,https://m.weibo.cn/u/1572716010?launchid=10000360-page_H5,"https://tvax2.sinaimg.cn/crop.0.0.1080.1080.180/5dbdbdealy8i5a4sx874ij20u00u0n1v.jpg?KID=imgbed,tva&Expires=1770376237&ssig=ZULaoYMfJ%2F"
5262917779852339,1770289642,2026-02-05 11:07:22+08:00,5262536440022531,我从12月20号买159元5斤觉得好好吃，，1月份降价到129元5斤，我又买了，但就觉得不好吃了。,0,0,1770365438020,湖北,5262917779852339,,1644407807,睡醒,f,https://m.weibo.cn/u/1644407807?launchid=10000360-page_H5,"https://tvax3.sinaimg.cn/crop.0.0.1080.1080.180/6203abffly8i88m82nlv5j20u00u076w.jpg?KID=imgbed,tva&Expires=1770376237&ssig=noCwBO9nxe"
5262878491805803,1770280275,2026-02-05 08:31:15+08:00,5262536440022531,我刚买了一箱也是这样的，甜味很怪，难吃,0,0,1770365438022,浙江,5262878491805803,,1595227637,荔草Miles,f,https://m.weibo.cn/u/1595227637?launchid=10000360-page_H5,"https://tvax4.sinaimg.cn/crop.0.0.1080.1080.180/5f153df5ly8ht5of9ofg7j20u00u00xe.jpg?KID=imgbed,tva&Expires=1770376237&ssig=QTC5SkZWIa"
5262876575009819,1770279818,2026-02-05 08:23:38+08:00,5262536440022531,爱吃车厘子的人天塌了——反正前期我已经吃腻了，这会改吃别的，譬如草莓～,0,0,1770365438023,湖南,5262876575009819,,2505975931,杨宝宝暖暖的财窝,f,https://m.weibo.cn/u/2505975931?launchid=10000360-page_H5,"https://tva4.sinaimg.cn/crop.0.0.180.180.180/955e287bjw1e8qgp5bmzyj2050050aa8.jpg?KID=imgbed,tva&Expires=1770376237&ssig=STrCQYzP%2FX"
5262855288915076,1770274743,2026-02-05 06:59:03+08:00,5262536440022531,这个水果外表看不出来，里面变色了,0,0,1770365438025,广东,5262855288915076,,6647880024,牛哥擒龙决,m,https://m.weibo.cn/u/6647880024?launchid=10000360-page_H5,"https://tvax3.sinaimg.cn/crop.0.0.1015.1015.180/007fTPhmly8houv0a8pxdj30s70s70u0.jpg?KID=imgbed,tva&Expires=1770376237&ssig=STa1FqXk0c"
5262762502521935,1770252621,2026-02-05 00:50:21+08:00,5262536440022531,我分不出来,0,0,1770365438026,广东,5262762502521935,,5079653346,太阳照常升起·,m,https://m.weibo.cn/u/5079653346?launchid=10000360-page_H5,"https://tvax1.sinaimg.cn/crop.0.0.512.512.180/005xLHSGly8gzahnrqgj5j30e80e80t8.jpg?KID=imgbed,tva&Expires=1770376237&ssig=%2BYsk8MBj2R"
5262747369475155,1770249013,2026-02-04 23:50:13+08:00,5262536440022531,这玩意儿我很少买一箱的，感觉自己买来放着放着就不新鲜了，而且也怕在箱子里有这种以次充好的情况，所以每次都是在菜市场的水果摊子上现买现吃，买的时候还可以挑一下,0,0,1770365438028,天津,5262747369475155,,5352625780,景婳ZM,f,https://m.weibo.cn/u/5352625780?launchid=10000360-page_H5,"https://tvax1.sinaimg.cn/crop.0.0.996.996.180/005Qf4tSly8go7qdhctwfj30ro0ron1a.jpg?KID=imgbed,tva&Expires=1770376237&ssig=B2DpuVrGTl"
5262747094222665,1770248947,2026-02-04 23:49:07+08:00,5262536440022531,今天朋友送了一箱，很大个，杆杆还很新鲜但是吃了一个感觉不新鲜，我倒没有这么开来看，明天看看,0,0,1770365438029,广西,5262747094222665,,7502728151,O_kay_L,f,https://m.weibo.cn/u/7502728151?launchid=10000360-page_H5,"https://tvax3.sinaimg.cn/crop.0.0.1065.1065.180/008bKGknly8i0t5frx39hj30tl0tljsw.jpg?KID=imgbed,tva&Expires=1770376237&ssig=YJ7RCcokmw"
5262745685200302,1770248611,2026-02-04 23:43:31+08:00,5262536440022531,@Infiniteshow,0,0,1770365438032,四川,5262745685200302,,1913651591,蜜糖不知拿铁味,m,https://m.weibo.cn/u/1913651591?launchid=10000360-page_H5,"https://tvax2.sinaimg.cn/crop.0.0.871.871.180/72100187ly8hqi575mg5vj20o70o7whd.jpg?KID=imgbed,tva&Expires=1770376237&ssig=hqdHX%2BIF25"
5262743278191720,1770248037,2026-02-04 23:33:57+08:00,5262536440022531,甚至都分不清烂还是不烂 这个我也没看出来,0,1,1770365438034,江苏,5262743278191720,,5593441492,Y月亮有点亮,f,https://m.weibo.cn/u/5593441492?launchid=10000360-page_H5,"https://tvax4.sinaimg.cn/crop.0.0.928.928.180/0066xvEgly8i9mqqi96k7j30ps0ps41c.jpg?KID=imgbed,tva&Expires=1770376237&ssig=Eow8ydaZ8D"
5262740639714191,1770247408,2026-02-04 23:23:28+08:00,5262536440022531,我还以为是我放了两天才变成这样扔的时候还很心痛没有早点吃,0,0,1770365438035,新疆,5262740639714191,,5611674522,Linaria-1,f,https://m.weibo.cn/u/5611674522?launchid=10000360-page_H5,"https://tvax4.sinaimg.cn/crop.0.0.511.511.180/0067M0Toly8hgwfq0f32zj30e70e7751.jpg?KID=imgbed,tva&Expires=1770376237&ssig=7tLzK1S1HY"
5262735646655376,1770246217,2026-02-04 23:03:37+08:00,5262536440022531,@SheaxC,0,0,1770365438036,江苏,5262735646655376,,2953450112,最强天赋怪人丧失一切版,m,https://m.weibo.cn/u/2953450112?launchid=10000360-page_H5,"https://tvax4.sinaimg.cn/crop.59.0.962.962.180/b00a1280ly8hn0agzn4vuj20u00qq0zw.jpg?KID=imgbed,tva&Expires=1770376237&ssig=CtXz6KeIo5"
5262734187826392,1770245869,2026-02-04 22:57:49+08:00,5262536440022531,,0,0,1770365438038,陕西,5262734187826392,,1834368700,奔跑的Leila,f,https://m.weibo.cn/u/1834368700?launchid=10000360-page_H5,"https://tvax4.sinaimg.cn/crop.0.0.1032.1032.180/6d563ebcly8i529l2pjorj20so0sodig.jpg?KID=imgbed,tva&Expires=1770376237&ssig=7NrQD6OyFj"
5262732865573187,1770245555,2026-02-04 22:52:35+08:00,5262536440022531,吃雷尼尔颜色浅 烂的比较明显能分辨,0,0,1770365438039,湖北,5262732865573187,,5696600236,wuli明明不吃藕,f,https://m.weibo.cn/u/5696600236?launchid=10000360-page_H5,"https://tvax1.sinaimg.cn/crop.0.0.1080.1080.180/006dwlWYly8i9yotkc7b0j30u00u0abf.jpg?KID=imgbed,tva&Expires=1770376237&ssig=fv50N5vdHp"
5262731200433342,1770245158,2026-02-04 22:45:58+08:00,5262536440022531,@沙立猫大王,1,0,1770365438041,陕西,5262731200433342,,6430498616,KW921星球,m,https://m.weibo.cn/u/6430498616?launchid=10000360-page_H5,"https://tvax1.sinaimg.cn/crop.0.0.664.664.180/0071bIrCly8gciw45zcg2j30ig0ig3zf.jpg?KID=imgbed,tva&Expires=1770376237&ssig=evAvVtFN%2F1"
5262617450907914,1770218038,2026-02-04 15:13:58+08:00,5262536440022531,上次我同事带来的也不好吃,0,0,1770365448079,广东,5262584301489594,,6860874257,想要个花园的小张,m,https://m.weibo.cn/u/6860874257?launchid=10000360-page_H5,"https://tvax3.sinaimg.cn/crop.0.0.996.996.180/007ujwOdly8giw8hzmbkhj30ro0romy5.jpg?KID=imgbed,tva&Expires=1770376237&ssig=qsQ97jqadw"
5262603811031813,1770214786,2026-02-04 14:19:46+08:00,5262536440022531,,0,0,1770365448080,河南,5262576693018975,,6607725505,最爱椰蓉吐司,f,https://m.weibo.cn/u/6607725505?launchid=10000360-page_H5,"https://tvax3.sinaimg.cn/crop.0.15.482.482.180/007dblfPly8hsbw67rt3nj30de0e8q39.jpg?KID=imgbed,tva&Expires=1770376237&ssig=YJYGwUnhJ0"
5262688066470298,1770234873,2026-02-04 19:54:33+08:00,5262536440022531,搞不好冻了大半年了,0,0,1770365448082,湖北,5262687933564103,,1746186151,不不草,f,https://m.weibo.cn/u/1746186151?launchid=10000360-page_H5,"https://tvax4.sinaimg.cn/crop.0.0.960.960.180/6814afa7ly8h6vcfiuhxdj20qo0qowem.jpg?KID=imgbed,tva&Expires=1770376237&ssig=hy7mc0ZPrd"
5262698356148251,1770237326,2026-02-04 20:35:26+08:00,5262536440022531,今天刚买的佳沃的整箱也是差不多的这个情况。,0,0,1770365448083,浙江,5262687933564103,,7993318610,jurry1844,m,https://m.weibo.cn/u/7993318610?launchid=10000360-page_H5,"https://tvax1.sinaimg.cn/crop.0.0.500.500.180/008IX9jIly8i0g70h62kyj30dw0dwmy7.jpg?KID=imgbed,tva&Expires=1770376237&ssig=3xWUzNZGic"
5262940202600788,1770294988,2026-02-05 12:36:28+08:00,5262536440022531,？,0,0,1770365448085,陕西,5262731200433342,,5565563535,沙立猫大王,m,https://m.weibo.cn/u/5565563535?launchid=10000360-page_H5,"https://tvax3.sinaimg.cn/crop.0.0.1080.1080.180/0064ExjNly8i9bk9ymu5aj30u00u0n01.jpg?KID=imgbed,tva&Expires=1770376237&ssig=vNd1akMtwD"
5262354829019718,1770155424,2026-02-03 21:50:24+08:00,Qqa52ziFh,敖瑞鹏真棒，期待岑森《不二之臣》,1,293,1770365512620,四川,5262354829019718,"https://wx2.sinaimg.cn/large/00602gX0gy1i9xq7szs1wj30k00zkmyp.jpg,https://ss1.sinaimg.cn/large/&690",5497338810,-MinMinmiu,f,https://m.weibo.cn/u/5497338810?launchid=10000360-page_H5,"https://tvax4.sinaimg.cn/crop.0.0.1080.1080.180/00602gX0ly8i9ggu81km3j30u00u0gn3.jpg?KID=imgbed,tva&Expires=1770376312&ssig=N5uKxJ8qCz"
5262352939483789,1770154972,2026-02-03 21:42:52+08:00,Qqa52ziFh,期待敖瑞鹏岑森,0,213,1770365512621,江苏,5262352939483789,"https://wx3.sinaimg.cn/large/008HhhB8gy1i9xpzz4rr6j30u01hcwjn.jpg,https://ss1.sinaimg.cn/large/&690",7968564330,玫梵桡,f,https://m.weibo.cn/u/7968564330?launchid=10000360-page_H5,"https://tvax2.sinaimg.cn/crop.0.0.1080.1080.180/008HhhB8ly8i0h40fwahwj30u00u0jsy.jpg?KID=imgbed,tva&Expires=1770376312&ssig=KOwMLR2Bo4"
5262360739585250,1770156833,2026-02-03 22:13:53+08:00,Qqa52ziFh,期待敖瑞鹏岑森,1,125,1770365512623,贵州,5262360739585250,"https://wx4.sinaimg.cn/large/00831XAQgy1i9xqw8qt5nj31i42o8b2a.jpg,https://ss1.sinaimg.cn/large/&690",7373859072,木束薪,f,https://m.weibo.cn/u/7373859072?launchid=10000360-page_H5,"https://tvax4.sinaimg.cn/crop.0.0.1080.1080.180/00831XAQly8i807027mkvj30u00u0tag.jpg?KID=imgbed,tva&Expires=1770376312&ssig=M4H0nxQyN6"
5262355277809993,1770155531,2026-02-03 21:52:11+08:00,Qqa52ziFh,敖瑞鹏岑森权威，期待不二之臣早日播出,0,103,1770365512624,陕西,5262355277809993,"https://wx2.sinaimg.cn/large/007lFjAuly1i9xq9nh5dbj31o035s1ky.jpg,https://ss1.sinaimg.cn/large/&690",6733079626,Davril_,f,https://m.weibo.cn/u/6733079626?launchid=10000360-page_H5,"https://tvax3.sinaimg.cn/crop.0.0.1080.1080.180/007lFjAuly8i0grktzcooj30u00u00wn.jpg?KID=imgbed,tva&Expires=1770376312&ssig=0A8A27e4oA"
5262355571414521,1770155601,2026-02-03 21:53:21+08:00,Qqa52ziFh,敖瑞鹏好棒期待岑森,0,88,1770365512625,河南,5262355571414521,"https://wx2.sinaimg.cn/large/0076NZfQly1i9xqavoag1j30u0190gqu.jpg,https://ss1.sinaimg.cn/large/&690",6513501378,Ysyk30,f,https://m.weibo.cn/u/6513501378?launchid=10000360-page_H5,"https://tvax4.sinaimg.cn/crop.0.0.1080.1080.180/0076NZfQly8i9pmifjka4j30u00u0wfr.jpg?KID=imgbed,tva&Expires=1770376312&ssig=ua28wwTrBA"
5262365509812252,1770157969,2026-02-03 22:32:49+08:00,Qqa52ziFh,没有不期待岑森的义务 就这个不二之臣爽,1,68,1770365512627,河南,5262365509812252,"https://wx2.sinaimg.cn/large/008wdEg3ly1i9xrfwhrvgj31jk26lk9c.jpg,https://ss1.sinaimg.cn/large/&690",7805158427,勿忘柑栀_,f,https://m.weibo.cn/u/7805158427?launchid=10000360-page_H5,"https://tvax2.sinaimg.cn/crop.0.0.1080.1080.180/008wdEg3ly8i8xhpeak4pj30u00u0wic.jpg?KID=imgbed,tva&Expires=1770376312&ssig=dXrXdlbpG%2B"
5262355577700380,1770155601,2026-02-03 21:53:21+08:00,Qqa52ziFh,💕💕冷面如刃，他的眼神自带锋芒✨； 孤独如夜，他的举止尽显克制； 深情如火🔥，他终将燃尽守护所爱。三重矛盾的灵魂，落在@敖瑞鹏的微博 身上——少年底色与锋锐气质并存，他就是岑森最令人信服的答案💕💕,0,57,1770365512629,江苏,5262355577700380,"https://wx3.sinaimg.cn/large/006K9Qaygy1i9xqav1ndpj31jk2qrhdu.jpg,https://ss1.sinaimg.cn/large/&690",6178853942,盆盆要幸运,f,https://m.weibo.cn/u/6178853942?launchid=10000360-page_H5,"https://tvax2.sinaimg.cn/crop.0.0.960.960.180/006K9Qayly8i95k4q2ko2j30qo0qo75q.jpg?KID=imgbed,tva&Expires=1770376312&ssig=r0B%2FdyUu44"
5262365381886538,1770157939,2026-02-03 22:32:19+08:00,Qqa52ziFh,期待敖瑞鹏岑森,1,34,1770365512630,福建,5262365381886538,"https://wx4.sinaimg.cn/large/008Ij3zzgy1i9xrfc9xjsj30u01hc435.jpg,https://ss1.sinaimg.cn/large/&690",7983763409,风华猫语,f,https://m.weibo.cn/u/7983763409?launchid=10000360-page_H5,"https://tvax2.sinaimg.cn/crop.0.0.964.964.180/008Ij3zzly8i13yrsz9jrj30qs0qsq5f.jpg?KID=imgbed,tva&Expires=1770376312&ssig=C9hwLySEoJ"
5262357777351679,1770156127,2026-02-03 22:02:07+08:00,Qqa52ziFh,敖瑞鹏的岑森就是这么权威,0,26,1770365512632,上海,5262357777351679,"https://wx4.sinaimg.cn/large/006orMV5gy1i9xqjyxs95j31jt2r7e81.jpg,https://ss1.sinaimg.cn/large/&690",5858051963,草莓巴巴露亚_,f,https://m.weibo.cn/u/5858051963?launchid=10000360-page_H5,"https://tvax2.sinaimg.cn/crop.0.0.1080.1080.180/006orMV5ly8i92judbt7rj30u00u0tal.jpg?KID=imgbed,tva&Expires=1770376312&ssig=9chz09gD2q"
5262385688085523,1770162781,2026-02-03 23:53:01+08:00,Qqa52ziFh,不二之臣因敖瑞鹏岑森而伟大,1,27,1770365512633,内蒙古,5262385688085523,"https://wx4.sinaimg.cn/large/c04c3671ly1i9xtr1qsl2j21o02yoaof.jpg,https://ss1.sinaimg.cn/large/&690",3226220145,仲元小铃铛,f,https://m.weibo.cn/u/3226220145?launchid=10000360-page_H5,"https://tvax1.sinaimg.cn/crop.0.0.941.941.180/c04c3671ly1h8cxsgtegmj20q50q5dj6.jpg?KID=imgbed,tva&Expires=1770376312&ssig=MkrUXV3BIV"
5262357553221927,1770156073,2026-02-03 22:01:13+08:00,Qqa52ziFh,鲜藕最严厉的父亲来了！,1,31,1770365512635,安徽,5262357553221927,"https://wx3.sinaimg.cn/large/008I7UHyly1i9xqj217oaj313d1xxkjl.jpg,https://ss1.sinaimg.cn/large/&690",7981107700,珠珠_未被敖瑞鹏翻牌版,f,https://m.weibo.cn/u/7981107700?launchid=10000360-page_H5,"https://tvax1.sinaimg.cn/crop.0.0.1080.1080.180/008I7UHyly8i9z3o0n9sgj30u00u042b.jpg?KID=imgbed,tva&Expires=1770376312&ssig=PbqehRcYyW"
5262388035323755,1770163341,2026-02-04 00:02:21+08:00,Qqa52ziFh,期待敖瑞鹏，主要是这几天的路透杀疯了吧。太帅了。现偶的神 查看图片,0,12,1770365512637,湖北,5262388035323755,"https://wx4.sinaimg.cn/large/6df99866gy1i9xu0w8ropj21g7234tmg.jpg,https://ss1.sinaimg.cn/large/&690",1845074022,Nini娜娜子,f,https://m.weibo.cn/u/1845074022?launchid=10000360-page_H5,"https://tvax3.sinaimg.cn/crop.0.0.994.994.180/6df99866ly8i8k0mwdi8rj20rm0rmwfv.jpg?KID=imgbed,tva&Expires=1770376312&ssig=g%2FNu1RpSYJ"
5262359329506778,1770156497,2026-02-03 22:08:17+08:00,Qqa52ziFh,就这个敖瑞鹏岑森权威,0,18,1770365512639,四川,5262359329506778,"https://wx4.sinaimg.cn/large/008vSDQ7gy1i9xqqemkstj30u018v7f9.jpg,https://ss1.sinaimg.cn/large/&690",7800151931,兰苑琴心,m,https://m.weibo.cn/u/7800151931?launchid=10000360-page_H5,"https://tvax3.sinaimg.cn/crop.0.0.1024.1024.180/008vSDQ7ly8hy33aquobmj30sg0sgjty.jpg?KID=imgbed,tva&Expires=1770376312&ssig=3OQ7OkN%2Br7"
5262357937789515,1770156165,2026-02-03 22:02:45+08:00,Qqa52ziFh,敖瑞鹏好棒，期待不二之臣,0,15,1770365512641,湖南,5262357937789515,"https://wx3.sinaimg.cn/large/007TJFoXgy1i9xqkn05vej30u018zjyd.jpg,https://ss1.sinaimg.cn/large/&690",7236512215,梅巷柿籽,f,https://m.weibo.cn/u/7236512215?launchid=10000360-page_H5,"https://tvax4.sinaimg.cn/crop.0.0.1080.1080.180/007TJFoXly8i9ykmsm1m6j30u00u0my7.jpg?KID=imgbed,tva&Expires=1770376312&ssig=LWyOfWetGA"
5262370632892618,1770159191,2026-02-03 22:53:11+08:00,Qqa52ziFh,敖瑞鵬厲害,0,6,1770365512643,中国台湾,5262370632892618,,7069276446,-一雁-,f,https://m.weibo.cn/u/7069276446?launchid=10000360-page_H5,"https://tvax1.sinaimg.cn/crop.0.0.1024.1024.180/007IpXJQly8i931u2bfcdj30sg0sg0wm.jpg?KID=imgbed,tva&Expires=1770376312&ssig=oVKCTutH2h"
5262798903050656,1770261299,2026-02-05 03:14:59+08:00,Qqa52ziFh,敖瑞鹏好棒 期待敖瑞鹏岑森,1,2,1770365512644,内蒙古,5262798903050656,"https://wx2.sinaimg.cn/large/008CyGyKly1i9z57u8mn3j31i42o87q9.jpg,https://ss1.sinaimg.cn/large/&690",7898830178,吾系天之饺子,f,https://m.weibo.cn/u/7898830178?launchid=10000360-page_H5,"https://tvax1.sinaimg.cn/crop.0.0.1080.1080.180/008CyGyKly8i9yzbv6jbpj30u00u0whz.jpg?KID=imgbed,tva&Expires=1770376312&ssig=oMzSo0Q7i4"
5262356175127943,1770155745,2026-02-03 21:55:45+08:00,Qqa52ziFh,期待敖瑞鹏岑森,1,18,1770365512646,甘肃,5262356175127943,,7987536543,千瑞冬忆桉_Zer,f,https://m.weibo.cn/u/7987536543?launchid=10000360-page_H5,"https://tvax4.sinaimg.cn/crop.0.0.1080.1080.180/008IyT8zly8i9hfdbiup1j30u00u041l.jpg?KID=imgbed,tva&Expires=1770376312&ssig=VE4o8u3Vjq"
5262694813008068,1770236481,2026-02-04 20:21:21+08:00,Qqa52ziFh,期待敖瑞鹏岑森岑总,1,1,1770365512648,河北,5262694813008068,,6827388128,椿茶栀士,f,https://m.weibo.cn/u/6827388128?launchid=10000360-page_H5,"https://tvax1.sinaimg.cn/crop.0.0.1080.1080.180/007s31xmly8i6fr9s6mwsj30u00u041q.jpg?KID=imgbed,tva&Expires=1770376312&ssig=VbrfLCzeuE"
5262360388571525,1770156749,2026-02-03 22:12:29+08:00,Qqa52ziFh,敖瑞鹏好棒，燥候不二之臣岑森男神,1,11,1770365512649,广东,5262360388571525,"https://wx4.sinaimg.cn/large/0079qwLtgy1i9xqusbqzgj30qo1bftfu.jpg,https://ss1.sinaimg.cn/large/&690",6552239327,echoweixun,f,https://m.weibo.cn/u/6552239327?launchid=10000360-page_H5,"https://tvax2.sinaimg.cn/crop.0.0.1080.1080.180/0079qwLtly8i939wtw038j30u00u0wgf.jpg?KID=imgbed,tva&Expires=1770376312&ssig=TDlwU5d8K%2B"
5262364511573637,1770157732,2026-02-03 22:28:52+08:00,Qqa52ziFh,敖瑞鹏棒期待不二之臣,0,8,1770365512651,重庆,5262364511573637,"https://wx4.sinaimg.cn/large/006j7sThgy1i9xrbu5qxhj30u01hbae0.jpg,https://ss1.sinaimg.cn/large/&690",5779326731,海棠溪与江北城,f,https://m.weibo.cn/u/5779326731?launchid=10000360-page_H5,"https://tvax3.sinaimg.cn/crop.0.0.1080.1080.180/006j7sThly8i0pzv14elgj30u00u0myo.jpg?KID=imgbed,tva&Expires=1770376312&ssig=%2FS8NLn57%2FR"
5262354870960528,1770155433,2026-02-03 21:50:33+08:00,Qqa52ziFh,@一颗红芋圆,0,0,1770365674703,四川,5262354829019718,,5497338810,-MinMinmiu,f,https://m.weibo.cn/u/5497338810?launchid=10000360-page_H5,"https://tvax4.sinaimg.cn/crop.0.0.1080.1080.180/00602gX0ly8i9ggu81km3j30u00u0gn3.jpg?KID=imgbed,tva&Expires=1770376312&ssig=N5uKxJ8qCz"
5262360791221135,1770156844,2026-02-03 22:14:04+08:00,Qqa52ziFh,@一颗红芋圆,0,0,1770365674705,贵州,5262360739585250,,7373859072,木束薪,f,https://m.weibo.cn/u/7373859072?launchid=10000360-page_H5,"https://tvax4.sinaimg.cn/crop.0.0.1080.1080.180/00831XAQly8i807027mkvj30u00u0tag.jpg?KID=imgbed,tva&Expires=1770376312&ssig=M4H0nxQyN6"
5262365543367069,1770157977,2026-02-03 22:32:57+08:00,Qqa52ziFh,@一颗红芋圆,0,0,1770365674707,河南,5262365509812252,,7805158427,勿忘柑栀_,f,https://m.weibo.cn/u/7805158427?launchid=10000360-page_H5,"https://tvax2.sinaimg.cn/crop.0.0.1080.1080.180/008wdEg3ly8i8xhpeak4pj30u00u0wic.jpg?KID=imgbed,tva&Expires=1770376312&ssig=dXrXdlbpG%2B"
5262365406794871,1770157946,2026-02-03 22:32:26+08:00,Qqa52ziFh,@一颗红芋圆,0,0,1770365674708,福建,5262365381886538,,7983763409,风华猫语,f,https://m.weibo.cn/u/7983763409?launchid=10000360-page_H5,"https://tvax2.sinaimg.cn/crop.0.0.964.964.180/008Ij3zzly8i13yrsz9jrj30qs0qsq5f.jpg?KID=imgbed,tva&Expires=1770376312&ssig=C9hwLySEoJ"
5262385717444865,1770162787,2026-02-03 23:53:07+08:00,Qqa52ziFh,@一颗红芋圆,0,0,1770365674709,内蒙古,5262385688085523,,3226220145,仲元小铃铛,f,https://m.weibo.cn/u/3226220145?launchid=10000360-page_H5,"https://tvax1.sinaimg.cn/crop.0.0.941.941.180/c04c3671ly1h8cxsgtegmj20q50q5dj6.jpg?KID=imgbed,tva&Expires=1770376312&ssig=MkrUXV3BIV"
5262357586775469,1770156081,2026-02-03 22:01:21+08:00,Qqa52ziFh,@一颗红芋圆,0,0,1770365674710,安徽,5262357553221927,,7981107700,珠珠_未被敖瑞鹏翻牌版,f,https://m.weibo.cn/u/7981107700?launchid=10000360-page_H5,"https://tvax1.sinaimg.cn/crop.0.0.1080.1080.180/008I7UHyly8i9z3o0n9sgj30u00u042b.jpg?KID=imgbed,tva&Expires=1770376312&ssig=PbqehRcYyW"
5262798961770579,1770261312,2026-02-05 03:15:12+08:00,Qqa52ziFh,@一颗红芋圆,0,0,1770365674712,内蒙古,5262798903050656,,7898830178,吾系天之饺子,f,https://m.weibo.cn/u/7898830178?launchid=10000360-page_H5,"https://tvax1.sinaimg.cn/crop.0.0.1080.1080.180/008CyGyKly8i9yzbv6jbpj30u00u0whz.jpg?KID=imgbed,tva&Expires=1770376312&ssig=oMzSo0Q7i4"
5262356229915729,1770155758,2026-02-03 21:55:58+08:00,Qqa52ziFh,@一颗红芋圆,0,0,1770365674713,甘肃,5262356175127943,,7987536543,千瑞冬忆桉_Zer,f,https://m.weibo.cn/u/7987536543?launchid=10000360-page_H5,"https://tvax4.sinaimg.cn/crop.0.0.1080.1080.180/008IyT8zly8i9hfdbiup1j30u00u041l.jpg?KID=imgbed,tva&Expires=1770376312&ssig=VE4o8u3Vjq"
5262694845251867,1770236489,2026-02-04 20:21:29+08:00,Qqa52ziFh,@一颗红芋圆,0,0,1770365674715,河北,5262694813008068,,6827388128,椿茶栀士,f,https://m.weibo.cn/u/6827388128?launchid=10000360-page_H5,"https://tvax1.sinaimg.cn/crop.0.0.1080.1080.180/007s31xmly8i6fr9s6mwsj30u00u041q.jpg?KID=imgbed,tva&Expires=1770376312&ssig=VbrfLCzeuE"
5262360434180887,1770156760,2026-02-03 22:12:40+08:00,Qqa52ziFh,@一颗红芋圆,0,0,1770365674716,广东,5262360388571525,,6552239327,echoweixun,f,https://m.weibo.cn/u/6552239327?launchid=10000360-page_H5,"https://tvax2.sinaimg.cn/crop.0.0.1080.1080.180/0079qwLtly8i939wtw038j30u00u0wgf.jpg?KID=imgbed,tva&Expires=1770376312&ssig=TDlwU5d8K%2B"
5262363750042483,1770157551,2026-02-03 22:25:51+08:00,Qqa52ziFh,期待敖瑞鹏,0,6,1770365675059,福建,5262363750042483,,2133581263,挨训少女mayu酱,f,https://m.weibo.cn/u/2133581263?launchid=10000360-page_H5,"https://tva3.sinaimg.cn/crop.0.0.1242.1242.180/7f2bddcfjw8f1dtauh97uj20yi0yiq5r.jpg?KID=imgbed,tva&Expires=1770376474&ssig=w36Jhy9inC"
5262414037648628,1770169540,2026-02-04 01:45:40+08:00,Qqa52ziFh,期待敖瑞鹏岑森,1,2,1770365675061,内蒙古,5262414037648628,"https://wx1.sinaimg.cn/large/007UFHQIly1i9xx0lhcvjj31o035s1ky.jpg,https://ss1.sinaimg.cn/large/&690",7250344648,敖一碗西洲,f,https://m.weibo.cn/u/7250344648?launchid=10000360-page_H5,"https://tvax2.sinaimg.cn/crop.0.0.1080.1080.180/007UFHQIly8i9ytznixloj30u00u0gng.jpg?KID=imgbed,tva&Expires=1770376474&ssig=Baa7%2FXn5XL"
5262366923297228,1770158307,2026-02-03 22:38:27+08:00,Qqa52ziFh,,0,1,1770365675062,浙江,5262366923297228,,7531869103,耶啵不爱脸红,m,https://m.weibo.cn/u/7531869103?launchid=10000360-page_H5,"https://tvax3.sinaimg.cn/crop.0.0.1080.1080.180/008dIXdJly8i06uuzxqr1j30u00u0jv2.jpg?KID=imgbed,tva&Expires=1770376474&ssig=xr6fe0kYsn"
5262384858140021,1770162583,2026-02-03 23:49:43+08:00,Qqa52ziFh,期待敖瑞鹏不二之臣,0,5,1770365675064,陕西,5262384858140021,,7783569629,小敖嗷嗷cute_,f,https://m.weibo.cn/u/7783569629?launchid=10000360-page_H5,"https://tvax3.sinaimg.cn/crop.0.0.1080.1080.180/008uL41Dly8i6hob1940dj30u00u0q5j.jpg?KID=imgbed,tva&Expires=1770376474&ssig=tfppdv894s"
5262369802683902,1770158994,2026-02-03 22:49:54+08:00,Qqa52ziFh,期待敖瑞鹏岑森期待不二之臣,0,3,1770365675065,重庆,5262369802683902,"https://wx3.sinaimg.cn/large/68f182fegy1i9xrxpkt99j21jk2qrx6c.jpg,https://ss1.sinaimg.cn/large/&690",1760658174,Summer_盛夏xp,m,https://m.weibo.cn/u/1760658174?launchid=10000360-page_H5,"https://tvax1.sinaimg.cn/crop.0.0.1080.1080.180/68f182fely8hunbyar8ajj20u00u0tg6.jpg?KID=imgbed,tva&Expires=1770376474&ssig=rBtOZDKVGZ"
5262386166235254,1770162894,2026-02-03 23:54:54+08:00,Qqa52ziFh,因为昨天的路透吧,0,2,1770365675067,福建,5262386166235254,,1963193503,Vnnicky,f,https://m.weibo.cn/u/1963193503?launchid=10000360-page_H5,"https://tvax1.sinaimg.cn/crop.0.0.719.719.180/7503f49fly8hxnfxtxemnj20jz0jzt98.jpg?KID=imgbed,tva&Expires=1770376474&ssig=1fvWIGcXPy"
5262365960441747,1770158078,2026-02-03 22:34:38+08:00,Qqa52ziFh,敖瑞鹏好棒期待岑森,0,2,1770365675068,浙江,5262365960441747,,7930533135,你的鹏来了,f,https://m.weibo.cn/u/7930533135?launchid=10000360-page_H5,"https://tvax1.sinaimg.cn/crop.0.0.1080.1080.180/008EHHWLly8i7xr7yw6g6j30u00u0gol.jpg?KID=imgbed,tva&Expires=1770376474&ssig=QZOXnLs4bQ"
5262359440660741,1770156523,2026-02-03 22:08:43+08:00,Qqa52ziFh,期待敖瑞鹏不二之臣岑森,1,6,1770365675070,四川,5262359440660741,"https://wx4.sinaimg.cn/large/008Ix7yBgy1i9xqqvcgxfj30u01hcwo7.jpg,https://ss1.sinaimg.cn/large/&690",7987115317,喜欢唱歌的老阿姨,f,https://m.weibo.cn/u/7987115317?launchid=10000360-page_H5,"https://tvax2.sinaimg.cn/crop.0.0.1080.1080.180/008Ix7yBly8i6rt1x4mgkj30u00u00ui.jpg?KID=imgbed,tva&Expires=1770376474&ssig=v5mRv%2Bs9%2Bd"
5262424599167147,1770172057,2026-02-04 02:27:37+08:00,Qqa52ziFh,敖瑞鹏剧抛脸👍🏻敖瑞鹏可塑性强👍🏻敖瑞鹏体验派演员👍🏻敖瑞鹏变色龙演技👍🏻敖瑞鹏实力扛剧👍🏻苏神泽世敖瑞鹏🥰郎艳独绝敖瑞鹏😍真诚热血敖瑞鹏🔥BG之光敖瑞鹏👑@敖瑞鹏的微博,0,1,1770365675072,四川,5262424599167147,,6291569181,创业板的神,m,https://m.weibo.cn/u/6291569181?launchid=10000360-page_H5,"https://tvax4.sinaimg.cn/crop.0.0.375.375.180/006RMMyhly8h3zq73bjq0j30af0af3yt.jpg?KID=imgbed,tva&Expires=1770376474&ssig=%2BRUo1t82LJ"
5262424494310277,1770172033,2026-02-04 02:27:13+08:00,Qqa52ziFh,💓敖瑞鹏大帅哥💓敖瑞鹏演技派💓敖瑞鹏正能量💓敖瑞鹏大帅哥💓敖瑞鹏演技派💓敖瑞鹏正能量💓敖瑞鹏大帅哥💓敖瑞鹏演技派💓敖瑞鹏正能量💓敖瑞鹏大帅哥💓敖瑞鹏演技派💓敖瑞鹏正能量💓@敖瑞鹏的微博,0,1,1770365675073,四川,5262424494310277,,6291569181,创业板的神,m,https://m.weibo.cn/u/6291569181?launchid=10000360-page_H5,"https://tvax4.sinaimg.cn/crop.0.0.375.375.180/006RMMyhly8h3zq73bjq0j30af0af3yt.jpg?KID=imgbed,tva&Expires=1770376474&ssig=%2BRUo1t82LJ"
5262424447910076,1770172021,2026-02-04 02:27:01+08:00,Qqa52ziFh,敖瑞鹏狐系花美男🌸敖瑞鹏演技实力派 敖瑞鹏狐系花美男🌸敖瑞鹏演技实力派 敖瑞鹏狐系花美男🌸敖瑞鹏演技实力派 敖瑞鹏狐系花美男🌸敖瑞鹏演技实力派 敖瑞鹏狐系花美男🌸敖瑞鹏演技实力派 敖瑞鹏狐系花美男🌸敖瑞鹏演技实力派 @敖瑞鹏的微博,0,1,1770365675074,四川,5262424447910076,,6291569181,创业板的神,m,https://m.weibo.cn/u/6291569181?launchid=10000360-page_H5,"https://tvax4.sinaimg.cn/crop.0.0.375.375.180/006RMMyhly8h3zq73bjq0j30af0af3yt.jpg?KID=imgbed,tva&Expires=1770376474&ssig=%2BRUo1t82LJ"
5262363511229958,1770157494,2026-02-03 22:24:54+08:00,Qqa52ziFh,✨✨✨💓💓✨✨✨💓💓✨✨✨  ✨✨💓💓💓💓💓💓💓💓💓✨✨  ✨✨💓    @敖瑞鹏的微博    💓✨✨ ✨✨✨️💓💓宜古宜今💓💓✨✨✨ ✨✨✨✨💓人戏双绝💓✨✨✨✨ ✨✨✨✨✨💓💓💓✨✨✨✨✨ ✨✨✨✨✨✨💓✨✨✨✨✨✨🌟,0,5,1770365675076,辽宁,5262363511229958,,3699903314,清梦无痕_诗诗,f,https://m.weibo.cn/u/3699903314?launchid=10000360-page_H5,"https://tvax1.sinaimg.cn/crop.0.0.1080.1080.180/dc880b52ly8i9310go4pcj20u00u0q6e.jpg?KID=imgbed,tva&Expires=1770376474&ssig=antpN%2B7ngh"
5262832803512718,1770269382,2026-02-05 05:29:42+08:00,Qqa52ziFh,敖瑞鹏岑森,0,0,1770365675078,河北,5262832803512718,,7891314492,剁剁你的小鸡爪x,m,https://m.weibo.cn/u/7891314492?launchid=10000360-page_H5,"https://tvax2.sinaimg.cn/crop.0.0.1080.1080.180/008C39o0ly8i4uqgran0qj30u00u0ad5.jpg?KID=imgbed,tva&Expires=1770376474&ssig=Cc7RhJpCj9"
5262684230519582,1770233959,2026-02-04 19:39:19+08:00,Qqa52ziFh,💓敖瑞鹏大帅哥💓敖瑞鹏演技派💓敖瑞鹏正能量💓敖瑞鹏大帅哥💓敖瑞鹏演技派💓敖瑞鹏正能量💓敖瑞鹏大帅哥💓敖瑞鹏演技派💓敖瑞鹏正能量💓敖瑞鹏大帅哥💓敖瑞鹏演技派💓敖瑞鹏正能量💓@敖瑞鹏的微博,0,0,1770365675079,四川,5262684230519582,,6291569181,创业板的神,m,https://m.weibo.cn/u/6291569181?launchid=10000360-page_H5,"https://tvax4.sinaimg.cn/crop.0.0.375.375.180/006RMMyhly8h3zq73bjq0j30af0af3yt.jpg?KID=imgbed,tva&Expires=1770376474&ssig=%2BRUo1t82LJ"
5262684197230318,1770233951,2026-02-04 19:39:11+08:00,Qqa52ziFh,🌌宇宙级美貌持有者敖瑞鹏🌸生图即精修的神颜敖瑞鹏💯 突破一二三次元行走的艺术品🦋每个细胞都完美到犯规 ✨女娲毕设敖瑞鹏 👑 人类俊美的巅峰敖瑞鹏 💥 演技 ✔️ 颜值 ✔️ 人品 ✔️ 综艺感 ✔️ 敖瑞鹏此男——360度无死角的宇宙奇迹🏆🏆🏆@敖瑞鹏的微博,0,0,1770365675081,四川,5262684197230318,,6291569181,创业板的神,m,https://m.weibo.cn/u/6291569181?launchid=10000360-page_H5,"https://tvax4.sinaimg.cn/crop.0.0.375.375.180/006RMMyhly8h3zq73bjq0j30af0af3yt.jpg?KID=imgbed,tva&Expires=1770376474&ssig=%2BRUo1t82LJ"
5262684176255432,1770233946,2026-02-04 19:39:06+08:00,Qqa52ziFh,敖瑞鹏👑你有这样一张伟大的脸进入内娱😍雕塑般的五官🦋太平洋宽肩🌊建模脸➕漫画身材的完美结合💯每次出现都让镜头疯狂心动💘连呼吸都在散发魅力的宇宙宙草敖瑞鹏🌿——🌍地球已经无法承载的美貌冲击💥💥@敖瑞鹏的微博,0,0,1770365675083,四川,5262684176255432,,6291569181,创业板的神,m,https://m.weibo.cn/u/6291569181?launchid=10000360-page_H5,"https://tvax4.sinaimg.cn/crop.0.0.375.375.180/006RMMyhly8h3zq73bjq0j30af0af3yt.jpg?KID=imgbed,tva&Expires=1770376474&ssig=%2BRUo1t82LJ"
5262642031889189,1770223898,2026-02-04 16:51:38+08:00,Qqa52ziFh,敖瑞鹏，牛哇,0,0,1770365675084,重庆,5262642031889189,,1211260807,宝宝鱼Bobbie,f,https://m.weibo.cn/u/1211260807?launchid=10000360-page_H5,"https://tvax4.sinaimg.cn/crop.0.0.512.512.180/48325f87ly8i0rw2crni4j20e80e8t9e.jpg?KID=imgbed,tva&Expires=1770376474&ssig=aok21TvJ6S"
5262594590114530,1770212587,2026-02-04 13:43:07+08:00,Qqa52ziFh,期待敖瑞鹏,0,0,1770365675086,湖北,5262594590114530,,7884474861,雪雾_Camellia,f,https://m.weibo.cn/u/7884474861?launchid=10000360-page_H5,"https://tvax4.sinaimg.cn/crop.0.0.1080.1080.180/008BAs5nly8hz9jqfrwb7j30u00u0n1a.jpg?KID=imgbed,tva&Expires=1770376474&ssig=owS07d4UVD"
5262590823106003,1770211689,2026-02-04 13:28:09+08:00,Qqa52ziFh,期待敖瑞鹏,0,0,1770365675087,贵州,5262590823106003,,7264805281,Syi-A,f,https://m.weibo.cn/u/7264805281?launchid=10000360-page_H5,"https://tvax2.sinaimg.cn/crop.0.0.1080.1080.180/007VEnIJly8i926y46cq5j30u00u0tcq.jpg?KID=imgbed,tva&Expires=1770376474&ssig=x1brn80VZo"
5262586650035013,1770210694,2026-02-04 13:11:34+08:00,Qqa52ziFh,太期待了,0,0,1770365675089,天津,5262586650035013,,7787878380,为了自由与浪漫,f,https://m.weibo.cn/u/7787878380?launchid=10000360-page_H5,"https://tvax1.sinaimg.cn/crop.0.0.1080.1080.180/008v38VCly8i480sxihmrj30u00u0aba.jpg?KID=imgbed,tva&Expires=1770376474&ssig=HW3Wouyzz3"
5262414095320745,1770169554,2026-02-04 01:45:54+08:00,Qqa52ziFh,@一颗红芋圆,0,0,1770365709146,内蒙古,5262414037648628,,7250344648,敖一碗西洲,f,https://m.weibo.cn/u/7250344648?launchid=10000360-page_H5,"https://tvax2.sinaimg.cn/crop.0.0.1080.1080.180/007UFHQIly8i9ytznixloj30u00u0gng.jpg?KID=imgbed,tva&Expires=1770376474&ssig=Baa7%2FXn5XL"
5262359473951756,1770156531,2026-02-03 22:08:51+08:00,Qqa52ziFh,@一颗红芋圆,0,0,1770365709148,四川,5262359440660741,,7987115317,喜欢唱歌的老阿姨,f,https://m.weibo.cn/u/7987115317?launchid=10000360-page_H5,"https://tvax2.sinaimg.cn/crop.0.0.1080.1080.180/008Ix7yBly8i6rt1x4mgkj30u00u00ui.jpg?KID=imgbed,tva&Expires=1770376474&ssig=v5mRv%2Bs9%2Bd"
5262573752550988,1770207619,2026-02-04 12:20:19+08:00,Qqa52ziFh,就那几张路透呗  够帅,0,0,1770365709512,陕西,5262573752550988,,1272430140,一颗椰子___,f,https://m.weibo.cn/u/1272430140?launchid=10000360-page_H5,"https://tvax4.sinaimg.cn/crop.0.0.996.996.180/4bd7be3cly8gv3o9jhtfwj20ro0rodh8.jpg?KID=imgbed,tva&Expires=1770376509&ssig=nCO6gFPeYC"
5262408687814352,1770168265,2026-02-04 01:24:25+08:00,Qqa52ziFh,期待(✧◡✧),0,0,1770365709514,江苏,5262408687814352,,7313008552,在敖敖敖敖敖敖叫,f,https://m.weibo.cn/u/7313008552?launchid=10000360-page_H5,"https://tvax4.sinaimg.cn/crop.0.0.976.976.180/007YUDAQly8i1fh7n2p7tj30r40r4gn3.jpg?KID=imgbed,tva&Expires=1770376509&ssig=RVyqjJEU8%2F"
5262401406503398,1770166529,2026-02-04 00:55:29+08:00,Qqa52ziFh,敖瑞鹏牛比,0,1,1770365709515,江西,5262401406503398,,7932908152,旺仔小嗷嗷,f,https://m.weibo.cn/u/7932908152?launchid=10000360-page_H5,"https://tvax1.sinaimg.cn/crop.0.0.1080.1080.180/008ERFNuly8i5lud7wgl9j30u00u0gmu.jpg?KID=imgbed,tva&Expires=1770376509&ssig=614d4wwRyC"
5262383323025300,1770162217,2026-02-03 23:43:37+08:00,Qqa52ziFh,哈哈哈哈审美,0,1,1770365709517,北京,5262383323025300,,1869524381,raO_Ora,m,https://m.weibo.cn/u/1869524381?launchid=10000360-page_H5,"https://tvax2.sinaimg.cn/crop.0.0.878.878.180/6f6ead9dly8i8ol7pdgs7j20oe0oejsx.jpg?KID=imgbed,tva&Expires=1770376509&ssig=V5M%2BL8PcKA"
5262376045384279,1770160482,2026-02-03 23:14:42+08:00,Qqa52ziFh,,0,1,1770365709518,江苏,5262376045384279,,6496282876,可颜可咸,f,https://m.weibo.cn/u/6496282876?launchid=10000360-page_H5,"https://tvax3.sinaimg.cn/crop.0.0.1023.1023.180/0075DJW4ly8i37z42pdmkj30sg0sftaz.jpg?KID=imgbed,tva&Expires=1770376509&ssig=rrkBBcJU1q"
5262374090575961,1770160016,2026-02-03 23:06:56+08:00,Qqa52ziFh,期待敖瑞鹏不二之臣岑森,0,2,1770365709519,山东,5262374090575961,,5834540132,嗨支棱起来,f,https://m.weibo.cn/u/5834540132?launchid=10000360-page_H5,"https://tvax4.sinaimg.cn/crop.0.0.1080.1080.180/006mR8q0ly8hreq1t11xvj30u00u00tv.jpg?KID=imgbed,tva&Expires=1770376509&ssig=NC8%2FA6bPED"
5262372446407201,1770159624,2026-02-03 23:00:24+08:00,Qqa52ziFh,期待敖瑞鹏岑森,0,0,1770365709521,河北,5262372446407201,,6339101057,星与心6871688,f,https://m.weibo.cn/u/6339101057?launchid=10000360-page_H5,"https://tvax4.sinaimg.cn/crop.0.0.1080.1080.180/006V0dLrly8i92k02k4w1j30u00u0gq9.jpg?KID=imgbed,tva&Expires=1770376509&ssig=0E0XgDs0hK"
5262368068081054,1770158580,2026-02-03 22:43:00+08:00,Qqa52ziFh,,0,1,1770365709522,浙江,5262368068081054,,7902857812,敖啊-,m,https://m.weibo.cn/u/7902857812?launchid=10000360-page_H5,"https://tvax4.sinaimg.cn/crop.0.0.1080.1080.180/008CPAkAly8hxeagb6duyj30u00u042q.jpg?KID=imgbed,tva&Expires=1770376509&ssig=KBuBBUNErT"
5262774013788357,1770255364,2026-02-05 01:36:04+08:00,Qqa52ziFh,敖瑞鹏值得,0,0,1770365709524,四川,5262774013788357,,7974636294,小歪吃饱饱_,f,https://m.weibo.cn/u/7974636294?launchid=10000360-page_H5,"https://tvax3.sinaimg.cn/crop.0.0.1080.1080.180/008HGLc2ly8i7920pbm90j30u00u0405.jpg?KID=imgbed,tva&Expires=1770376509&ssig=EGHptRTEFq"
5262736624715019,1770246450,2026-02-04 23:07:30+08:00,Qqa52ziFh,期待敖瑞鹏岑森,0,0,1770365709525,黑龙江,5262736624715019,"https://wx3.sinaimg.cn/large/008HS2K7ly1i9yr882rusj31jk1wbqqx.jpg,https://ss1.sinaimg.cn/large/&690",7977325363,零8--,f,https://m.weibo.cn/u/7977325363?launchid=10000360-page_H5,"https://tvax2.sinaimg.cn/crop.0.0.132.132.180/008HS2K7ly4hxut3q8n2pj303o03ot8k.jpg?KID=imgbed,tva&Expires=1770376509&ssig=wnUc2gTu9V"
5262673123477021,1770231311,2026-02-04 18:55:11+08:00,Qqa52ziFh,期待敖瑞鹏岑森,0,0,1770365709527,浙江,5262673123477021,"https://wx3.sinaimg.cn/large/009e0JH2gy1i9yqrpnvirj32xu4es4qu.jpg,https://ss1.sinaimg.cn/large/&690",8452239840,spiritual-52525,f,https://m.weibo.cn/u/8452239840?launchid=10000360-page_H5,"https://tvax1.sinaimg.cn/crop.0.0.1080.1080.180/009e0JH2ly8i7cyvwysu1j30u00u0whh.jpg?KID=imgbed,tva&Expires=1770376509&ssig=Tj%2FUjakYA4"
5262632638743330,1770221659,2026-02-04 16:14:19+08:00,Qqa52ziFh,敖瑞鹏牛牛的,0,0,1770365709529,广东,5262632638743330,,8441682061,风信子蓝_,m,https://m.weibo.cn/u/8441682061?launchid=10000360-page_H5,"https://tvax4.sinaimg.cn/crop.0.0.132.132.180/009dir8hly4i6e9cwntkoj303o03o743.jpg?KID=imgbed,tva&Expires=1770376509&ssig=zgWgUtQ5v3"
5262540286464593,1770199640,2026-02-04 10:07:20+08:00,Qqa52ziFh,敖瑞鹏厉害哦#敖瑞鹏不二之臣#,0,0,1770365709530,广东,5262540286464593,"https://wx3.sinaimg.cn/large/008HUKAVgy1i9ybikul16j31i42o8b29.jpg,https://ss1.sinaimg.cn/large/&690",7977970585,Ao瑞star,f,https://m.weibo.cn/u/7977970585?launchid=10000360-page_H5,"https://tvax2.sinaimg.cn/crop.0.0.1080.1080.180/008HUKAVly8i9f23icb9ej30u00u0dib.jpg?KID=imgbed,tva&Expires=1770376509&ssig=zdXdGVR9Wl"
5262371662598309,1770159437,2026-02-03 22:57:17+08:00,Qqa52ziFh,期待敖瑞鹏岑森,0,0,1770365709532,广西,5262371662598309,"https://wx2.sinaimg.cn/large/0091Hcthgy1i9xs5e1hf2j33yi71anpg.jpg,https://ss1.sinaimg.cn/large/&690",8270267871,爱如风停ao,m,https://m.weibo.cn/u/8270267871?launchid=10000360-page_H5,"https://tvax3.sinaimg.cn/crop.0.0.1080.1080.180/0091Hcthly8i7p4z05rhvj30u00u0whc.jpg?KID=imgbed,tva&Expires=1770376509&ssig=CBxD6UrCq5"
5262370127220994,1770159071,2026-02-03 22:51:11+08:00,Qqa52ziFh,燥候敖瑞鹏不二之臣,0,0,1770365709532,越南,5262370127220994,"https://wx1.sinaimg.cn/large/008YRWATgy1i9xrz1j31hj31jk2qr1kx.jpg,https://ss1.sinaimg.cn/large/&690",8228499439,ARP小太阳,f,https://m.weibo.cn/u/8228499439?launchid=10000360-page_H5,"https://tvax3.sinaimg.cn/crop.0.0.1080.1080.180/008YRWATly8i92k7gpcfjj30u00u0ag7.jpg?KID=imgbed,tva&Expires=1770376509&ssig=gSJXjYDeeD"
5262366272915820,1770158152,2026-02-03 22:35:52+08:00,Qqa52ziFh,期待这个敖瑞鹏,0,0,1770365709534,江苏,5262366272915820,"https://wx1.sinaimg.cn/large/009YeukZgy1i9xrj3ylwrj30u00xwjxb.jpg,https://ss1.sinaimg.cn/large/&690",9135228861,噜噜噜lulululalala,f,https://m.weibo.cn/u/9135228861?launchid=10000360-page_H5,"https://tvax2.sinaimg.cn/crop.0.0.750.750.180/009YeukZly8i9cvwzjxn4j30ku0ku0t5.jpg?KID=imgbed,tva&Expires=1770376509&ssig=BCOZ59ucEB"
5262365230893441,1770157904,2026-02-03 22:31:44+08:00,Qqa52ziFh,满满的期待,0,0,1770365709536,山东,5262365230893441,,7981757787,Afarp,f,https://m.weibo.cn/u/7981757787?launchid=10000360-page_H5,"https://tvax1.sinaimg.cn/crop.0.0.500.500.180/008IaDOPly8hyl0q40ezjj30dw0dwgmv.jpg?KID=imgbed,tva&Expires=1770376509&ssig=nvzswRnJG%2B"
5262358052340599,1770156191,2026-02-03 22:03:11+08:00,Qqa52ziFh,敖瑞鹏岑森超牛🎉,0,1,1770365709537,广东,5262358052340599,"https://wx2.sinaimg.cn/large/008HYL3Ygy1i9xql39i4yj30qo140qbs.jpg,https://ss1.sinaimg.cn/large/&690",7978925698,在雨林漫步才是正经事,f,https://m.weibo.cn/u/7978925698?launchid=10000360-page_H5,"https://tvax3.sinaimg.cn/crop.0.0.512.512.180/008HYL3Yly8i1itcoly0ij30e80e8t97.jpg?KID=imgbed,tva&Expires=1770376509&ssig=6YabiN2Yf1"
5262357632124054,1770156092,2026-02-03 22:01:32+08:00,Qqa52ziFh,期待敖瑞鹏不二之臣岑森，敖瑞鹏就是硬帅,0,1,1770365709538,北京,5262357632124054,"https://wx2.sinaimg.cn/large/008HS6ctly1i9xqjdhv06j31o02yonbk.jpg,https://ss1.sinaimg.cn/large/&690",7977338653,善良杯子蛋糕打扫卫生,f,https://m.weibo.cn/u/7977338653?launchid=10000360-page_H5,"https://tvax1.sinaimg.cn/crop.0.0.1080.1080.180/008HS6ctly8hzbk4lniirj30u00u0ac3.jpg?KID=imgbed,tva&Expires=1770376509&ssig=j6qn4rcnzi"
5262364876474862,1770157819,2026-02-03 22:30:19+08:00,Qqa52ziFh,太期待这个不二之臣岑森了，太帅了,1,7,1770365709540,福建,5262364876474862,"https://wx2.sinaimg.cn/large/008GGOP7gy1i9xrda0zs5j31jk2qr1kx.jpg,https://ss1.sinaimg.cn/large/&690",7959873913,碧云天ccy,f,https://m.weibo.cn/u/7959873913?launchid=10000360-page_H5,"https://tvax2.sinaimg.cn/crop.0.0.1080.1080.180/008GGOP7ly8i8u48lssgpj30u00u040m.jpg?KID=imgbed,tva&Expires=1770376509&ssig=WNLZNE20qb"
5262364903737931,1770157826,2026-02-03 22:30:26+08:00,Qqa52ziFh,@一颗红芋圆,0,0,1770365791325,福建,5262364876474862,,7959873913,碧云天ccy,f,https://m.weibo.cn/u/7959873913?launchid=10000360-page_H5,"https://tvax2.sinaimg.cn/crop.0.0.1080.1080.180/008GGOP7ly8i8u48lssgpj30u00u040m.jpg?KID=imgbed,tva&Expires=1770376509&ssig=WNLZNE20qb"
5262356141836281,1770155737,2026-02-03 21:55:37+08:00,Qqa52ziFh,敖瑞鹏牛 燥候不二之臣,0,6,1770365791712,江西,5262356141836281,"https://wx3.sinaimg.cn/large/008grXpegy1i9xqd8ab32j31900u00wk.jpg,https://ss1.sinaimg.cn/large/&690",7572147248,敖袄呜,f,https://m.weibo.cn/u/7572147248?launchid=10000360-page_H5,"https://tvax4.sinaimg.cn/crop.0.0.1080.1080.180/008grXpely8i54wilk5vzj30u00u0di2.jpg?KID=imgbed,tva&Expires=1770376591&ssig=3VF9AKhSgR"
5262363940097861,1770157596,2026-02-03 22:26:36+08:00,Qqa52ziFh,敖瑞鹏好棒期待敖瑞鹏岑森！,1,6,1770365791714,甘肃,5262363940097861,"https://wx4.sinaimg.cn/large/008FztVgly1i9xr9gt4tqj30u00j977g.jpg,https://ss1.sinaimg.cn/large/&690",7943348938,萌猫妻,f,https://m.weibo.cn/u/7943348938?launchid=10000360-page_H5,"https://tvax4.sinaimg.cn/crop.0.1.1000.1000.180/005BHmQ1ly8i9xm06t6y6j30rs0rswfz.jpg?KID=imgbed,tva&Expires=1770376591&ssig=EWFg0Ly6Ol"
5263038219555366,1770318357,2026-02-05 19:05:57+08:00,Qqa52ziFh,敖瑞鹏厉害👍,0,0,1770365791715,吉林,5263038219555366,https://wx1.sinaimg.cn/large/008AhmDwly1i9zwp88j9mj30wi1d21a6.jpg,7865149346,Moor-敖瑞雪兆丰年儿-,f,https://m.weibo.cn/u/7865149346?launchid=10000360-page_H5,"https://tvax3.sinaimg.cn/crop.0.0.600.600.180/008AhmDwly8i6sfc1poxrj30go0gogmr.jpg?KID=imgbed,tva&Expires=1770376591&ssig=YNaH1daioA"
5262717520708553,1770241895,2026-02-04 21:51:35+08:00,Qqa52ziFh,期待敖瑞鹏不二之臣岑森，太帅了,0,0,1770365791717,湖北,5262717520708553,"https://wx1.sinaimg.cn/large/008trrMggy1i9yvvay2xyj30qo0wsadr.jpg,https://ss1.sinaimg.cn/large/&690",7764118036,在雪山茶馆吃水果的小樱桃,f,https://m.weibo.cn/u/7764118036?launchid=10000360-page_H5,"https://tvax2.sinaimg.cn/crop.0.0.500.500.180/008trrMgly8hyk4pcil2aj30dw0dwwfq.jpg?KID=imgbed,tva&Expires=1770376591&ssig=c87kZJiC7X"
5262649457904437,1770225669,2026-02-04 17:21:09+08:00,Qqa52ziFh,期待岑森,1,1,1770365791719,四川,5262649457904437,"https://wx3.sinaimg.cn/large/008FvNlsgy1i9yo1yq9bhj30qo13ztcw.jpg,https://ss1.sinaimg.cn/large/&690",7942470286,敖子子o,f,https://m.weibo.cn/u/7942470286?launchid=10000360-page_H5,"https://tvax4.sinaimg.cn/crop.0.0.1080.1080.180/008FvNlsly8i8in415gmcj30u00u0tbb.jpg?KID=imgbed,tva&Expires=1770376591&ssig=mlB2msmCRd"
5262545113842962,1770200791,2026-02-04 10:26:31+08:00,Qqa52ziFh,期待敖瑞鹏岑森,0,0,1770365791720,浙江,5262545113842962,,7793317728,敖不要敖夜夜,f,https://m.weibo.cn/u/7793317728?launchid=10000360-page_H5,"https://tvax1.sinaimg.cn/crop.0.0.1080.1080.180/008vpXX2ly8i7kyw20o0gj30u00u00wx.jpg?KID=imgbed,tva&Expires=1770376591&ssig=q3%2B%2BothPrC"
5262536439759054,1770198722,2026-02-04 09:52:02+08:00,Qqa52ziFh,期待敖瑞鹏,0,0,1770365791722,山西,5262536439759054,,7659755186,美男在怀中,f,https://m.weibo.cn/u/7659755186?launchid=10000360-page_H5,"https://tvax3.sinaimg.cn/crop.0.0.1080.1080.180/008mnyeuly8i9jmmdbsc3j30u00u0wgy.jpg?KID=imgbed,tva&Expires=1770376591&ssig=lFjLxCO%2FdJ"
5262523696678470,1770195685,2026-02-04 09:01:25+08:00,Qqa52ziFh,期待敖瑞鹏不二之臣,0,0,1770365791723,江西,5262523696678470,,7971735411,今天不敖夜-ye,f,https://m.weibo.cn/u/7971735411?launchid=10000360-page_H5,"https://tvax3.sinaimg.cn/crop.0.0.960.960.180/008HuAxBly8i9bjh4zmshj30qo0qodgu.jpg?KID=imgbed,tva&Expires=1770376591&ssig=1bbsVoxelB"
5262503942816820,1770190975,2026-02-04 07:42:55+08:00,Qqa52ziFh,期待期待敖子,0,1,1770365791725,山西,5262503942816820,"https://wx4.sinaimg.cn/large/007P9yNOly1i9y7c81ldgj32xu4esb2g.jpg,https://ss1.sinaimg.cn/large/&690",7168801696,一只羊不起床,f,https://m.weibo.cn/u/7168801696?launchid=10000360-page_H5,"https://tvax2.sinaimg.cn/crop.0.0.1080.1080.180/007P9yNOly8i8kj2azp1fj30u00u0abu.jpg?KID=imgbed,tva&Expires=1770376591&ssig=xrFcePDp9y"
5262399907037247,1770166170,2026-02-04 00:49:30+08:00,Qqa52ziFh,期待敖瑞鹏不二之臣,0,1,1770365791727,山东,5262399907037247,,5530549866,蓝色5530549866,f,https://m.weibo.cn/u/5530549866?launchid=10000360-page_H5,"https://tva3.sinaimg.cn/crop.0.0.100.100.180/0062hCFcjw8epgnowjcdpj302s02swea.jpg?KID=imgbed,tva&Expires=1770376591&ssig=fgpBh%2BF0Pi"
5262388593165363,1770163474,2026-02-04 00:04:34+08:00,Qqa52ziFh,嗷嗷优秀,0,0,1770365791729,北京,5262388593165363,,7485887007,敖瑞鹏的小票哦,f,https://m.weibo.cn/u/7485887007?launchid=10000360-page_H5,"https://tvax1.sinaimg.cn/crop.0.0.960.960.180/008aC1b1ly8i752me2hm0j30qo0qotcw.jpg?KID=imgbed,tva&Expires=1770376591&ssig=AhecB8pske"
5262376749237124,1770160649,2026-02-03 23:17:29+08:00,Qqa52ziFh,敖瑞鹏牛，岑森好帅,0,0,1770365791731,湖北,5262376749237124,,4056514556,aoao可爱,f,https://m.weibo.cn/u/4056514556?launchid=10000360-page_H5,"https://tvax1.sinaimg.cn/crop.0.0.1080.1080.180/f1c97ffcly8i60roxn7wwj20u00u0dhn.jpg?KID=imgbed,tva&Expires=1770376591&ssig=qCsJjUrS%2B1"
5262372757572314,1770159698,2026-02-03 23:01:38+08:00,Qqa52ziFh,期待敖瑞鹏不二之臣岑森,0,0,1770365791733,河北,5262372757572314,"https://wx1.sinaimg.cn/large/008wufHlly1i9xs9vpqa7j31jk2qr4qp.jpg,https://ss1.sinaimg.cn/large/&690",7809115595,师祺sq,m,https://m.weibo.cn/u/7809115595?launchid=10000360-page_H5,"https://tvax4.sinaimg.cn/crop.0.0.1080.1080.180/008wufHlly8i52lx7364mj30u00u0acq.jpg?KID=imgbed,tva&Expires=1770376591&ssig=Ew5Lvm5cRg"
5262369140770086,1770158836,2026-02-03 22:47:16+08:00,Qqa52ziFh,期待敖瑞鹏所有待播剧,0,2,1770365791734,重庆,5262369140770086,,6426633923,瑞雪落满,m,https://m.weibo.cn/u/6426633923?launchid=10000360-page_H5,"https://tvax1.sinaimg.cn/crop.0.0.1080.1080.180/0070Vv3Rly8i6ozzbzi8rj30u00u00zh.jpg?KID=imgbed,tva&Expires=1770376591&ssig=phRuM9zoKB"
5262364337505386,1770157691,2026-02-03 22:28:11+08:00,Qqa52ziFh,"“渲染黄昏的少年，少年永存于我书中 是唯一主角。” &quot;𝓡𝓮𝓷𝓭𝓮𝓻𝓲𝓷𝓰 𝓽𝓱𝓮 𝔂𝓸𝓾𝓽𝓱 𝓪𝓽 𝓭𝓾𝓼𝓴, 𝓽𝓱𝓮 𝔂𝓸𝓾𝓽𝓱 𝓲𝓼 𝓽𝓱𝓸𝓸𝓴 𝓯𝓸𝓻𝓮𝓿𝓮𝓻",0,0,1770365791736,内蒙古,5262364337505386,,7821636952,piarip1006,f,https://m.weibo.cn/u/7821636952?launchid=10000360-page_H5,"https://tvax1.sinaimg.cn/crop.0.0.512.512.180/008xkN4Ily8i3fomw1i00j30e80e8dgo.jpg?KID=imgbed,tva&Expires=1770376591&ssig=etuagDo5IE"
5262377370261716,1770160798,2026-02-03 23:19:58+08:00,Qqa52ziFh,💕💕⚜️官宣落定，燃情期待🔥！@敖瑞鹏的微博 骨相里的贵气契合岑家继承人的底色，待他将七岁错位的隐痛藏进眉峰，将商业帝国的锋芒凝于眼底，这幕好戏怎能不翘首以盼？💫💕💕,2,0,1770365791737,重庆,5262377370261716,,7932469062,杂草爱敖蕾,m,https://m.weibo.cn/u/7932469062?launchid=10000360-page_H5,"https://tvax1.sinaimg.cn/crop.0.0.1000.1000.180/008EPPzoly8i0pioozgshj30rs0rsgnb.jpg?KID=imgbed,tva&Expires=1770376591&ssig=mZZV3ZNXso"
5262375135479096,1770160265,2026-02-03 23:11:05+08:00,Qqa52ziFh,所以，正常的审美，敖瑞鹏他就是硬帅啊,0,0,1770365791738,贵州,5262375135479096,,9126803131,攸攸悠悠游,f,https://m.weibo.cn/u/9126803131?launchid=10000360-page_H5,"https://tvax2.sinaimg.cn/crop.0.0.500.500.180/009XF8q7ly8i9v98duwooj30dw0dwmyf.jpg?KID=imgbed,tva&Expires=1770376591&ssig=eKPydWtnZf"
5262363985969650,1770157606,2026-02-03 22:26:46+08:00,Qqa52ziFh,全剧热度都在敖瑞鹏，忘周知,1,7,1770365791739,黑龙江,5262363985969650,"https://wx1.sinaimg.cn/large/008DFvK4ly1i9xr9nd8lij317m1s8123.jpg,https://ss1.sinaimg.cn/large/&690",7915233228,清纯盆咪颜永一-见过敖盆版,f,https://m.weibo.cn/u/7915233228?launchid=10000360-page_H5,"https://tvax1.sinaimg.cn/crop.0.0.1080.1080.180/008DFvK4ly8i9zk98znjcj30u00u0428.jpg?KID=imgbed,tva&Expires=1770376591&ssig=DLT3T%2Ffbz1"
5262356091244184,1770155725,2026-02-03 21:55:25+08:00,Qqa52ziFh,敖瑞鹏岑森就是权威，随便一走就是秀场,0,16,1770365791741,江苏,5262356091244184,"https://wx3.sinaimg.cn/large/beb550cdgy1i9xqczkhsbj20k00zk40d.jpg,https://ss1.sinaimg.cn/large/&690",3199553741,歪歪小英屁屁孩,f,https://m.weibo.cn/u/3199553741?launchid=10000360-page_H5,"https://tvax2.sinaimg.cn/crop.0.0.1080.1080.180/beb550cdly8i7iqr1iqczj20u00u00v6.jpg?KID=imgbed,tva&Expires=1770376591&ssig=6h0Q0fqXYe"
5262363977589444,1770157605,2026-02-03 22:26:45+08:00,Qqa52ziFh,@一颗红芋圆,0,0,1770365868869,甘肃,5262363940097861,,7943348938,萌猫妻,f,https://m.weibo.cn/u/7943348938?launchid=10000360-page_H5,"https://tvax4.sinaimg.cn/crop.0.1.1000.1000.180/005BHmQ1ly8i9xm06t6y6j30rs0rswfz.jpg?KID=imgbed,tva&Expires=1770376591&ssig=EWFg0Ly6Ol"
5262649512428845,1770225682,2026-02-04 17:21:22+08:00,Qqa52ziFh,@一颗红芋圆,0,0,1770365868871,四川,5262649457904437,,7942470286,敖子子o,f,https://m.weibo.cn/u/7942470286?launchid=10000360-page_H5,"https://tvax4.sinaimg.cn/crop.0.0.1080.1080.180/008FvNlsly8i8in415gmcj30u00u0tbb.jpg?KID=imgbed,tva&Expires=1770376591&ssig=mlB2msmCRd"
5262377610385818,1770160855,2026-02-03 23:20:55+08:00,Qqa52ziFh,图片评论 评论配图,0,0,1770365868872,重庆,5262377370261716,https://ss1.sinaimg.cn/large/&690,7932469062,杂草爱敖蕾,m,https://m.weibo.cn/u/7932469062?launchid=10000360-page_H5,"https://tvax1.sinaimg.cn/crop.0.0.1000.1000.180/008EPPzoly8i0pioozgshj30rs0rsgnb.jpg?KID=imgbed,tva&Expires=1770376591&ssig=mZZV3ZNXso"
